id,publicCode,collectorNumber,name,set_id,set_label,rarity_id,rarity_label,cardType,superType,domain,energy,might,power,tags,ability_text,accessibilityText,illustrator,orientation,cardImage_url
ogn-001-298,OGN-001/298,1,Blazing Scorcher,OGN,Origins,common,Common,Unit,,Fury,5,5,,"Dragon, Noxus",[Accelerate] (You may pay :rb_energy_1::rb_rune_fury: as an additional cost to have me enter ready.),Riftbound Unit: Blazing Scorcher. [Accelerate] (You may pay [1][C] as an additional cost to have me enter ready.),Envar Studio,portrait,https://cmsassets.rgpub.io/sanity/images/dsfx7636/game_data_live/15ed971e4029a92b362a81ccadf309fb81e40b81-744x1039.png?accountingTag=RB
ogn-002-298,OGN-002/298,2,Brazen Buccaneer,OGN,Origins,common,Common,Unit,,Fury,6,5,,"Pirate, Bilgewater","As you play me, you may discard 1 as an additional cost. If you do, reduce my cost by :rb_energy_2:.","Riftbound Unit: Brazen Buccaneer. As you play me, you may discard 1 as an additional cost. If you do, reduce my cost by [2].",Six More Vodka,portrait,https://cmsassets.rgpub.io/sanity/images/dsfx7636/game_data_live/d481971f7560e7235e7d6934767da18daa019eff-744x1039.png?accountingTag=RB
ogn-003-298,OGN-003/298,3,Chemtech Enforcer,OGN,Origins,common,Common,Unit,,Fury,2,2,,Zaun,"[Assault 2] (+2 :rb_might: while I'm an attacker.)
When you play me, discard 1.","Riftbound Unit: Chemtech Enforcer. [Assault 2] (+2 [S] while I'm an attacker.)
When you play me, discard 1.",Six More Vodka,portrait,https://cmsassets.rgpub.io/sanity/images/dsfx7636/game_data_live/19dcf211457d9c9c6e9ea0cd32af76c2c92a3160-744x1039.png?accountingTag=RB
ogn-004-298,OGN-004/298,4,Cleave,OGN,Origins,common,Common,Spell,,Fury,1,,,,"[Action] (Play on your turn or in showdowns.)
Give a unit [Assault 3] this turn. (+3 :rb_might: while it's an attacker.)","Riftbound Spell: Cleave. [Action] (Play on your turn or in showdowns.)
Give a unit [Assault 3] this turn. (+3 [S] while it's an attacker.)",Kudos Productions,portrait,https://cmsassets.rgpub.io/sanity/images/dsfx7636/game_data_live/95d476a1e88ff547fb846149619177bc7e3cea9f-744x1039.png?accountingTag=RB
ogn-005-298,OGN-005/298,5,Disintegrate,OGN,Origins,common,Common,Spell,,Fury,4,,,,"[Action] (Play on your turn or in showdowns.)
Deal 3 to a unit at a battlefield. If this kills it, draw 1.","Riftbound Spell: Disintegrate. [Action] (Play on your turn or in showdowns.)
Deal 3 to a unit at a battlefield. If this kills it, draw 1.",Kudos Productions,portrait,https://cmsassets.rgpub.io/sanity/images/dsfx7636/game_data_live/a27374ac3a81f3dfefb43c3c3237c23b4883cb5a-744x1039.png?accountingTag=RB
ogn-006-298,OGN-006/298,6,Flame Chompers,OGN,Origins,common,Common,Unit,,Fury,3,3,,Zaun,"When you discard me, you may pay :rb_rune_fury: to play me.","Riftbound Unit: Flame Chompers. When you discard me, you may pay [C] to play me.",Six More Vodka,portrait,https://cmsassets.rgpub.io/sanity/images/dsfx7636/game_data_live/1f6f5ebd18e5daac30d62626fddd785c4b457c2b-744x1039.png?accountingTag=RB
ogn-007a-298,OGN-007a/298,7,Fury Rune,OGN,Origins,showcase,Showcase,Rune,Basic,Fury,,,,,,Riftbound Rune: Fury Rune.,Fairfoul,portrait,https://cmsassets.rgpub.io/sanity/images/dsfx7636/game_data_live/09da06c69d07d4e72dde703737ef167472c715af-1488x2078.png?accountingTag=RB
ogn-007-298,OGN-007/298,7,Fury Rune,OGN,Origins,common,Common,Rune,Basic,Fury,,,,,,Riftbound Rune: Fury Rune.,Greg Ghielmetti & Leah Chen,portrait,https://cmsassets.rgpub.io/sanity/images/dsfx7636/game_data_live/12bcd0cde5d9ff4640e82945001e9fef863530f1-744x1039.png?accountingTag=RB
ogn-008-298,OGN-008/298,8,Get Excited!,OGN,Origins,common,Common,Spell,,Fury,2,,1,,"[Action] (Play on your turn or in showdowns.)
Discard 1. Deal its Energy cost as damage to a unit at a battlefield. (Ignore its Power cost.)","Riftbound Spell: Get Excited!. [Action] (Play on your turn or in showdowns.)
Discard 1. Deal its Energy cost as damage to a unit at a battlefield. (Ignore its Power cost.)",Original Force Studio,portrait,https://cmsassets.rgpub.io/sanity/images/dsfx7636/game_data_live/2906c932c482af17fbb2979a8c42a6992f95d6a6-744x1039.png?accountingTag=RB
ogn-009-298,OGN-009/298,9,Hextech Ray,OGN,Origins,common,Common,Spell,,Fury,1,,1,,"[Action] (Play on your turn or in showdowns.)
Deal 3 to a unit at a battlefield.","Riftbound Spell: Hextech Ray. [Action] (Play on your turn or in showdowns.)
Deal 3 to a unit at a battlefield.",League of Legends,portrait,https://cmsassets.rgpub.io/sanity/images/dsfx7636/game_data_live/1e7d12693822c38377ddc8f15db23e2f9b6d560a-744x1039.png?accountingTag=RB
ogn-010-298,OGN-010/298,10,Legion Rearguard,OGN,Origins,common,Common,Unit,,Fury,2,2,,"Trifarian, Noxus",[Accelerate] (You may pay :rb_energy_1::rb_rune_fury: as an additional cost to have me enter ready.),Riftbound Unit: Legion Rearguard. [Accelerate] (You may pay [1][C] as an additional cost to have me enter ready.),Six More Vodka,portrait,https://cmsassets.rgpub.io/sanity/images/dsfx7636/game_data_live/aedece01c7792c689050460db1670e6b9b15b61f-744x1039.png?accountingTag=RB
ogn-011-298,OGN-011/298,11,Magma Wurm,OGN,Origins,common,Common,Unit,,Fury,8,8,1,Freljord,Other friendly units enter ready.,Riftbound Unit: Magma Wurm. Other friendly units enter ready.,Envar Studio,portrait,https://cmsassets.rgpub.io/sanity/images/dsfx7636/game_data_live/f6565b15f65f538804e6a56623c8aa2eedeffc22-744x1039.png?accountingTag=RB
ogn-012-298,OGN-012/298,12,Noxus Hopeful,OGN,Origins,common,Common,Unit,,Fury,4,4,,"Trifarian, Noxus",[Legion] — I cost :rb_energy_2: less. (Get the effect if you've played another card this turn.),Riftbound Unit: Noxus Hopeful. [Legion] — I cost [2] less. (Get the effect if you've played another card this turn.),Six More Vodka,portrait,https://cmsassets.rgpub.io/sanity/images/dsfx7636/game_data_live/c3bb6f4cb58feeb50e396d12ec9865c5434025af-744x1039.png?accountingTag=RB
ogn-013-298,OGN-013/298,13,Pouty Poro,OGN,Origins,common,Common,Unit,,Fury,2,2,,Poro,[Deflect] (Opponents must pay :rb_rune_rainbow: to choose me with a spell or ability.),Riftbound Unit: Pouty Poro. [Deflect] (Opponents must pay [A] to choose me with a spell or ability.),Caravan Studio,portrait,https://cmsassets.rgpub.io/sanity/images/dsfx7636/game_data_live/d541bf3bcb5aa3ad0d48d87f5753569b72ac426f-744x1039.png?accountingTag=RB
ogn-014-298,OGN-014/298,14,Sky Splitter,OGN,Origins,common,Common,Spell,,Fury,8,,1,,"[Action] (Play on your turn or in showdowns.)
This spell's Energy cost is reduced by the highest Might among units you control.
Deal 5 to a unit at a battlefield.","Riftbound Spell: Sky Splitter. [Action] (Play on your turn or in showdowns.)
This spell's Energy cost is reduced by the highest Might among units you control.
Deal 5 to a unit at a battlefield.",Polar Engine Studio,portrait,https://cmsassets.rgpub.io/sanity/images/dsfx7636/game_data_live/01faae468720dd5bf5e3fe12ba56c01af70263be-744x1039.png?accountingTag=RB
ogn-015-298,OGN-015/298,15,Captain Farron,OGN,Origins,uncommon,Uncommon,Unit,,Fury,4,5,1,"Trifarian, Noxus",Other friendly units here have [Assault]. (+1 :rb_might: while they're attackers.),Riftbound Unit: Captain Farron. Other friendly units here have [Assault]. (+1 [S] while they're attackers.),Six More Vodka,portrait,https://cmsassets.rgpub.io/sanity/images/dsfx7636/game_data_live/4c65e2cae6748590f589ad8b26bc5a20c0d770c2-744x1039.png?accountingTag=RB
ogn-016-298,OGN-016/298,16,Dangerous Duo,OGN,Origins,uncommon,Uncommon,Unit,,Fury,3,3,,"Mech, Bandle City","[Legion] — When you play me, give a unit +2 :rb_might: this turn. (Get the effect if you've played another card this turn.)","Riftbound Unit: Dangerous Duo. [Legion] — When you play me, give a unit +2 [S] this turn. (Get the effect if you've played another card this turn.)",Envar Studio,portrait,https://cmsassets.rgpub.io/sanity/images/dsfx7636/game_data_live/3c02ea9e438d407c739276b788e015ac93843651-744x1039.png?accountingTag=RB
ogn-017-298,OGN-017/298,17,Iron Ballista,OGN,Origins,uncommon,Uncommon,Gear,,Fury,3,,,,"This enters exhausted.
:rb_exhaust:: Deal 2 to a unit at a battlefield.","Riftbound Gear: Iron Ballista. This enters exhausted.
[T]: Deal 2 to a unit at a battlefield.",Kudos Productions,portrait,https://cmsassets.rgpub.io/sanity/images/dsfx7636/game_data_live/9b5cfe757b6067994e17e284eba46433880a1461-744x1039.png?accountingTag=RB
ogn-018-298,OGN-018/298,18,Noxus Saboteur,OGN,Origins,uncommon,Uncommon,Unit,,Fury,3,3,,"Trifarian, Noxus",Your opponents' [Hidden] cards can't be revealed here.,Riftbound Unit: Noxus Saboteur. Your opponents' [Hidden] cards can't be revealed here.,Six More Vodka,portrait,https://cmsassets.rgpub.io/sanity/images/dsfx7636/game_data_live/b78f0c822cb984db24ac3f1956cc8c10f8f88b22-744x1039.png?accountingTag=RB
ogn-019-298,OGN-019/298,19,Raging Soul,OGN,Origins,uncommon,Uncommon,Unit,,Fury,4,4,,"Spirit, Shadow Isles","If you've discarded a card this turn, I have [Assault] and [Ganking]. (+1 :rb_might: while I'm an attacker. I can move from battlefield to battlefield.)","Riftbound Unit: Raging Soul. If you've discarded a card this turn, I have [Assault] and [Ganking]. (+1 [S] while I'm an attacker. I can move from battlefield to battlefield.)",Six More Vodka,portrait,https://cmsassets.rgpub.io/sanity/images/dsfx7636/game_data_live/037647d0decc94ff4a5d53b11cf36afe9d849533-744x1039.png?accountingTag=RB
ogn-020-298,OGN-020/298,20,Scrapyard Champion,OGN,Origins,uncommon,Uncommon,Unit,,Fury,5,5,1,"Mech, Bandle City","[Legion] — When you play me, discard 2, then draw 2. (Get the effect if you've played another card this turn.)","Riftbound Unit: Scrapyard Champion. [Legion] — When you play me, discard 2, then draw 2. (Get the effect if you've played another card this turn.)",Envar Studio,portrait,https://cmsassets.rgpub.io/sanity/images/dsfx7636/game_data_live/10f096d2b469fd73329386e5efe88c9bec667d7c-744x1039.png?accountingTag=RB
ogn-021-298,OGN-021/298,21,Sun Disc,OGN,Origins,uncommon,Uncommon,Gear,,Fury,2,,1,,:rb_exhaust:: [Legion] — The next unit you play this turn enters ready. (Get the effect if you've played another card this turn.),Riftbound Gear: Sun Disc. [T]: [Legion] — The next unit you play this turn enters ready. (Get the effect if you've played another card this turn.),Envar Studio,portrait,https://cmsassets.rgpub.io/sanity/images/dsfx7636/game_data_live/146d7514f15e6674f471f3aa9c3fadf22c0b634b-744x1039.png?accountingTag=RB
ogn-022-298,OGN-022/298,22,Thermo Beam,OGN,Origins,uncommon,Uncommon,Spell,,Fury,5,,2,,"[Action] (Play on your turn or in showdowns.)
Kill all gear.","Riftbound Spell: Thermo Beam. [Action] (Play on your turn or in showdowns.)
Kill all gear.",Max Grecke,portrait,https://cmsassets.rgpub.io/sanity/images/dsfx7636/game_data_live/88661e852b864491e6d7f5f087caf4263f61c361-744x1039.png?accountingTag=RB
ogn-023-298,OGN-023/298,23,Unlicensed Armory,OGN,Origins,uncommon,Uncommon,Gear,,Fury,2,,,,"Discard 1, :rb_exhaust:: Choose a friendly unit. The next time it dies this turn, you may pay :rb_rune_fury: to recall it exhausted instead. (Send it to base. This isn't a move.)","Riftbound Gear: Unlicensed Armory. Discard 1, [E]: Choose a friendly unit. The next time it dies this turn, you may pay [C] to recall it exhausted instead. (Send it to base. This isn't a move.)",Kudos Productions,portrait,https://cmsassets.rgpub.io/sanity/images/dsfx7636/game_data_live/1a80bedd893d9024fc90f108da36b4fd1d496ad6-744x1039.png?accountingTag=RB
ogn-024-298,OGN-024/298,24,Void Seeker,OGN,Origins,uncommon,Uncommon,Spell,,Fury,3,,1,,"[Action] (Play on your turn or in showdowns.)
Deal 4 to a unit at a battlefield. Draw 1.","Riftbound Spell: Void Seeker. [Action] (Play on your turn or in showdowns.)
Deal 4 to a unit at a battlefield. Draw 1.",Kudos Productions,portrait,https://cmsassets.rgpub.io/sanity/images/dsfx7636/game_data_live/5b64b63c6be58ff3c33c7fb3c2dcb168d64e287e-744x1039.png?accountingTag=RB
ogn-025-298,OGN-025/298,25,Blind Fury,OGN,Origins,rare,Rare,Spell,,Fury,4,,2,,"[Action] (Play on your turn or in showdowns.)
Each opponent reveals the top card of their Main Deck. Choose one and banish it, then play it, ignoring its cost. Then recycle the rest.","Riftbound Spell: Blind Fury. [Action] (Play on your turn or in showdowns.)
Each opponent reveals the top card of their Main Deck. Choose one and banish it, then play it, ignoring its cost. Then recycle the rest.",Six More Vodka,portrait,https://cmsassets.rgpub.io/sanity/images/dsfx7636/game_data_live/d74ba4998df9348408f1400090a0b0737c675fbd-744x1039.png?accountingTag=RB
ogn-026-298,OGN-026/298,26,Brynhir Thundersong,OGN,Origins,rare,Rare,Unit,,Fury,6,5,,Freljord,"When you play me, opponents can't play cards this turn.","Riftbound Unit: Brynhir Thundersong. When you play me, opponents can't play cards this turn.",Envar Studio,portrait,https://cmsassets.rgpub.io/sanity/images/dsfx7636/game_data_live/44e805aa0f2928acf1156eef692403df319b333a-744x1039.png?accountingTag=RB
ogn-027a-298,OGN-027a/298,27,"Darius, Trifarian",OGN,Origins,showcase,Showcase,Unit,Champion,Fury,5,5,1,"Trifarian, Darius, Noxus","When you play your second card in a turn, give me +2 :rb_might: this turn and ready me.","Riftbound Unit: Darius, Trifarian. When you play your second card in a turn, give me +2 [S] this turn and ready me.",League Splash Team,portrait,https://cmsassets.rgpub.io/sanity/images/dsfx7636/game_data_live/df878ecc25160bb7e53b254a609ec243e133e8f1-744x1039.png?accountingTag=RB
ogn-027-298,OGN-027/298,27,"Darius, Trifarian",OGN,Origins,rare,Rare,Unit,Champion,Fury,5,5,1,"Trifarian, Darius, Noxus","When you play your second card in a turn, give me +2 :rb_might: this turn and ready me.","Riftbound Unit: Darius, Trifarian. When you play your second card in a turn, give me +2 [S] this turn and ready me.",League Splash Team,portrait,https://cmsassets.rgpub.io/sanity/images/dsfx7636/game_data_live/bf7a4900fd2296972c1305a4707c23860bb0522e-744x1039.png?accountingTag=RB
ogn-028-298,OGN-028/298,28,"Draven, Showboat",OGN,Origins,rare,Rare,Unit,Champion,Fury,5,3,1,"Draven, Noxus",My Might is increased by your points.,"Riftbound Unit: Draven, Showboat. My Might is increased by your points.",Six More Vodka,portrait,https://cmsassets.rgpub.io/sanity/images/dsfx7636/game_data_live/7600d6cea66e8146ea2202f72cb9035cb44608a3-744x1039.png?accountingTag=RB
ogn-029-298,OGN-029/298,29,Falling Star,OGN,Origins,rare,Rare,Spell,,Fury,2,,2,,"Deal 3 to a unit.
Deal 3 to a unit.","Riftbound Spell: Falling Star. Deal 3 to a unit.
Deal 3 to a unit.",Kudos Productions,portrait,https://cmsassets.rgpub.io/sanity/images/dsfx7636/game_data_live/9cf2d2e59e1bf839cdf5c2a77e95f5d1e871788f-744x1039.png?accountingTag=RB
ogn-030a-298,OGN-030a/298,30,"Jinx, Demolitionist",OGN,Origins,showcase,Showcase,Unit,Champion,Fury,3,4,1,"Jinx, Zaun","[Accelerate] (You may pay :rb_energy_1::rb_rune_fury: as an additional cost to have me enter ready.)
[Assault 2] (+2 :rb_might: while I'm an attacker.)
When you play me, discard 2.","Riftbound Unit: Jinx, Demolitionist. [Accelerate] (You may pay [1][C] as an additional cost to have me enter ready.)
[Assault 2] (+2 [S] while I'm an attacker.)
When you play me, discard 2.",League Splash Team,portrait,https://cmsassets.rgpub.io/sanity/images/dsfx7636/game_data_live/60ff1aec7ecb1b11ff89fdb620c6182897a8b402-744x1039.png?accountingTag=RB
ogn-030-298,OGN-030/298,30,"Jinx, Demolitionist",OGN,Origins,rare,Rare,Unit,Champion,Fury,3,4,1,"Jinx, Zaun","[Accelerate] (You may pay :rb_energy_1::rb_rune_fury: as an additional cost to have me enter ready.)
[Assault 2] (+2 :rb_might: while I'm an attacker.)
When you play me, discard 2.","Riftbound Unit: Jinx, Demolitionist. [Accelerate] (You may pay [1][C] as an additional cost to have me enter ready.)
[Assault 2] (+2 [S] while I'm an attacker.)
When you play me, discard 2.",Kudos Productions,portrait,https://cmsassets.rgpub.io/sanity/images/dsfx7636/game_data_live/d6cac988aa7798945e550eba6841d3993868c4a4-744x1039.png?accountingTag=RB
ogn-031-298,OGN-031/298,31,Raging Firebrand,OGN,Origins,rare,Rare,Unit,,Fury,6,4,1,"Dragon, Mount Targon","When you play me, the next spell you play this turn costs :rb_energy_5: less.","Riftbound Unit: Raging Firebrand. When you play me, the next spell you play this turn costs [5] less.",JiHun Lee,portrait,https://cmsassets.rgpub.io/sanity/images/dsfx7636/game_data_live/9566fc064c098bd7f3540f3074dc6353c7ca5663-744x1039.png?accountingTag=RB
ogn-032-298,OGN-032/298,32,Ravenborn Tome,OGN,Origins,rare,Rare,Gear,,Fury,3,,,,:rb_exhaust:: The next spell you play this turn deals 1 Bonus Damage. (Each instance of damage the spell deals is increased by 1.),Riftbound Gear: Ravenborn Tome. [E]: The next spell you play this turn deals 1 Bonus Damage. (Each instance of damage the spell deals is increased by 1.),Polar Engine Studio,portrait,https://cmsassets.rgpub.io/sanity/images/dsfx7636/game_data_live/81f968126026635e5b9a2fa1048fc979fcd13a1d-744x1039.png?accountingTag=RB
ogn-033-298,OGN-033/298,33,Shakedown,OGN,Origins,rare,Rare,Spell,,Fury,2,,1,,"[Reaction] (Play any time, even before spells and abilities resolve.)
Choose an enemy unit. Deal 6 to it unless its controller has you draw 2.","Riftbound Spell: Shakedown. [Reaction] (Play any time, even before spells and abilities resolve.)
Choose an enemy unit. Deal 6 to it unless its controller has you draw 2.",Kudos Productions,portrait,https://cmsassets.rgpub.io/sanity/images/dsfx7636/game_data_live/ab71d92c94bf609e2fa6efc8fec06fe1e8b10108-744x1039.png?accountingTag=RB
ogn-034-298,OGN-034/298,34,"Tryndamere, Barbarian",OGN,Origins,rare,Rare,Unit,Champion,Fury,7,8,2,"Tryndamere, Freljord","When I conquer after an attack, if you assigned 5 or more excess damage to enemy units, you score 1 point.","Riftbound Unit: Tryndamere, Barbarian. When I conquer after an attack, if you assigned 5 or more excess damage to enemy units, you score 1 point.",Six More Vodka,portrait,https://cmsassets.rgpub.io/sanity/images/dsfx7636/game_data_live/124c93495c927be1baea03fdacf6c7b283cf8b6c-744x1039.png?accountingTag=RB
ogn-035-298,OGN-035/298,35,"Vayne, Hunter",OGN,Origins,rare,Rare,Unit,Champion,Fury,4,2,1,"Vayne, Demacia","[Assault 3] (+3 :rb_might: while I'm an attacker.)
If an opponent controls a battlefield, I enter ready.
When I conquer, you may pay :rb_energy_1: to return me to my owner's hand.","Riftbound Unit: Vayne, Hunter. [Assault 3] (+3 [S] while I'm an attacker.)
If an opponent controls a battlefield, I enter ready.
When I conquer, you may pay [1] to return me to my owner's hand.",Kudos Productions,portrait,https://cmsassets.rgpub.io/sanity/images/dsfx7636/game_data_live/b38a22e6f4bfaa8589f32754a7466fe5214e81b5-744x1039.png?accountingTag=RB
ogn-036-298,OGN-036/298,36,"Vi, Destructive",OGN,Origins,rare,Rare,Unit,Champion,Fury,2,3,1,"Vi, Piltover","[Ganking] (I can move from battlefield to battlefield.)
Recycle 1 from your trash: Give me +1 :rb_might: this turn.","Riftbound Unit: Vi, Destructive. [Ganking] (I can move from battlefield to battlefield.)
Recycle 1 from your trash: Give me +1 [S] this turn.",Kudos Productions,portrait,https://cmsassets.rgpub.io/sanity/images/dsfx7636/game_data_live/7ab52254ac49b8853fc7ae65b03aaee3f8c5994a-744x1039.png?accountingTag=RB
ogn-037-298,OGN-037/298,37,Immortal Phoenix,OGN,Origins,epic,Epic,Unit,,Fury,3,3,1,Spirit,"[Assault 2] (+2 :rb_might: while I'm an attacker.)
When you kill a unit with a spell, you may pay :rb_energy_1::rb_rune_fury: to play me from your trash.","Riftbound Unit: Immortal Phoenix. [Assault 2] (+2 [S] while I'm an attacker.)
When you kill a unit with a spell, you may pay [1][C] to play me from your trash.",Kudos Productions,portrait,https://cmsassets.rgpub.io/sanity/images/dsfx7636/game_data_live/7b623ae985bf5f362b6d8d4a17e9b8146aeae3c3-744x1039.png?accountingTag=RB
ogn-038-298,OGN-038/298,38,Kadregrin the Infernal,OGN,Origins,epic,Epic,Unit,,Fury,9,9,2,"Dragon, Demacia","When you play me, draw 1 for each of your [Mighty] units. (A unit is Mighty while it has 5+ :rb_might:.)","Riftbound Unit: Kadregrin the Infernal. When you play me, draw 1 for each of your [Mighty] units. (A unit is Mighty while it has 5+ [S].)",Six More Vodka,portrait,https://cmsassets.rgpub.io/sanity/images/dsfx7636/game_data_live/733c32b1fccc7e2983cbb3586358152f90a6df04-744x1039.png?accountingTag=RB
ogn-039-298,OGN-039/298,39,"Kai'Sa, Survivor",OGN,Origins,epic,Epic,Unit,Champion,Fury,4,4,,"Kai'Sa, The Void","[Accelerate] (You may pay :rb_energy_1::rb_rune_fury: as an additional cost to have me enter ready.)
When I conquer, draw 1.","Riftbound Unit: Kai'Sa, Survivor. [Accelerate] (You may pay [1][C] as an additional cost to have me enter ready.)
When I conquer, draw 1.",League Splash Team,portrait,https://cmsassets.rgpub.io/sanity/images/dsfx7636/game_data_live/3d942c02ad4e96a36dba14d663c5105bb6614500-744x1039.png?accountingTag=RB
ogn-039a-298,OGN-039a/298,39,"Kai'Sa, Survivor",OGN,Origins,showcase,Showcase,Unit,Champion,Fury,4,4,,"Kai'Sa, The Void","[Accelerate] (You may pay :rb_energy_1::rb_rune_fury: as an additional cost to have me enter ready.)
When I conquer, draw 1.","Riftbound Unit: Kai'Sa, Survivor. [Accelerate] (You may pay [1][C] as an additional cost to have me enter ready.)
When I conquer, draw 1.",Envar Studio,portrait,https://cmsassets.rgpub.io/sanity/images/dsfx7636/game_data_live/ad69bde670ce218adee1d2a618a7295d2fb7bd4c-744x1039.png?accountingTag=RB
ogn-040-298,OGN-040/298,40,Seal of Rage,OGN,Origins,epic,Epic,Gear,,Fury,0,,1,,:rb_exhaust:: [Reaction] — [Add] :rb_rune_fury:. (Abilities that add resources can't be reacted to.),Riftbound Gear: Seal of Rage. [T]: [Reaction] — [Add] [C]. (Abilities that add resources can't be reacted to.),Kudos Productions,portrait,https://cmsassets.rgpub.io/sanity/images/dsfx7636/game_data_live/fbdd14adb40b0ca46b89f476a356fa21413d812e-744x1039.png?accountingTag=RB
ogn-041-298,OGN-041/298,41,"Volibear, Furious",OGN,Origins,epic,Epic,Unit,Champion,Fury,10,9,2,"Volibear, Freljord","[Deflect 2] (Opponents must pay :rb_rune_rainbow::rb_rune_rainbow: to choose me with a spell or ability.)
When I attack, deal 5 damage split among any number of enemy units here.","Riftbound Unit: Volibear, Furious. [Deflect 2] (Opponents must pay [A][A] to choose me with a spell or ability.)
When I attack, deal 5 damage split among any number of enemy units here.",Envar Studio,portrait,https://cmsassets.rgpub.io/sanity/images/dsfx7636/game_data_live/c9165d49b8caae9a856433cd5151e8b368eb80b5-744x1039.png?accountingTag=RB
ogn-041a-298,OGN-041a/298,41,"Volibear, Furious",OGN,Origins,showcase,Showcase,Unit,Champion,Fury,10,9,2,"Volibear, Freljord","[Deflect 2] (Opponents must pay :rb_rune_rainbow::rb_rune_rainbow: to choose me with a spell or ability.)
When I attack, deal 5 damage split among any number of enemy units here.","Riftbound Unit: Volibear, Furious. [Deflect 2] (Opponents must pay [A][A] to choose me with a spell or ability.)
When I attack, deal 5 damage split among any number of enemy units here.",League Splash Team,portrait,https://cmsassets.rgpub.io/sanity/images/dsfx7636/game_data_live/744d1b950ae7ef1e6e5b244538a6afb9802e5e3d-744x1039.png?accountingTag=RB
ogn-042a-298,OGN-042a/298,42,Calm Rune,OGN,Origins,showcase,Showcase,Rune,Basic,Calm,,,,,,Riftbound Rune: Calm Rune.,Zhongqi Li,portrait,https://cmsassets.rgpub.io/sanity/images/dsfx7636/game_data_live/88187b586b9b3cc2f48fd20c806dd5fc5e1bfc71-1488x2078.png?accountingTag=RB
ogn-042-298,OGN-042/298,42,Calm Rune,OGN,Origins,common,Common,Rune,Basic,Calm,,,,,,Riftbound Rune: Calm Rune.,Greg Ghielmetti & Leah Chen,portrait,https://cmsassets.rgpub.io/sanity/images/dsfx7636/game_data_live/0a0e8c3d16c2595e2f8efcc2b1466226539b506c-744x1039.png?accountingTag=RB
ogn-043-298,OGN-043/298,43,Charm,OGN,Origins,common,Common,Spell,,Calm,1,,1,,Move an enemy unit.,Riftbound Spell: Charm. Move an enemy unit.,Kudos Productions,portrait,https://cmsassets.rgpub.io/sanity/images/dsfx7636/game_data_live/62ae564505db8fcba70605eac2083ac2d4397b5a-744x1039.png?accountingTag=RB
ogn-044-298,OGN-044/298,44,Clockwork Keeper,OGN,Origins,common,Common,Unit,,Calm,2,2,,Shurima,"As you play me, you may pay :rb_rune_calm: as an additional cost. If you do, draw 1.","Riftbound Unit: Clockwork Keeper. As you play me, you may pay [C] as an additional cost. If you do, draw 1.",Polar Engine Studio,portrait,https://cmsassets.rgpub.io/sanity/images/dsfx7636/game_data_live/417e606418349bb25d4b07d460fa043ad85f2778-744x1039.png?accountingTag=RB
ogn-045-298,OGN-045/298,45,Defy,OGN,Origins,common,Common,Spell,,Calm,1,,1,,"[Reaction] (Play any time, even before spells and abilities resolve.)
Counter a spell that costs no more than :rb_energy_4: and no more than :rb_rune_rainbow:.","Riftbound Spell: Defy. [Reaction] (Play any time, even before spells and abilities resolve.)
Counter a spell that costs no more than [4] and no more than [A].",Kudos Productions,portrait,https://cmsassets.rgpub.io/sanity/images/dsfx7636/game_data_live/4989bfcc4bd7be77051f0c2c349a981ba9c273e0-744x1039.png?accountingTag=RB
ogn-046-298,OGN-046/298,46,En Garde,OGN,Origins,common,Common,Spell,,Calm,1,,,,"[Reaction] (Play any time, even before spells and abilities resolve.)
Give a friendly unit +1 :rb_might: this turn, then an additional +1 :rb_might: this turn if it is the only unit you control there.","Riftbound Spell: En Garde. [Reaction] (Play any time, even before spells and abilities resolve.)
Give a friendly unit +1 [S] this turn, then an additional +1 [S] this turn if it is the only unit you control there.",Kudos Productions,portrait,https://cmsassets.rgpub.io/sanity/images/dsfx7636/game_data_live/03c0ec7eaa5957a62869dad2a0ce40913fc874a9-744x1039.png?accountingTag=RB
ogn-047-298,OGN-047/298,47,Find Your Center,OGN,Origins,common,Common,Spell,,Calm,3,,,,"[Action] (Play on your turn or in showdowns.)
If an opponent's score is within 3 points of the Victory Score, this costs :rb_energy_2: less.
Draw 1 and channel 1 rune exhausted.","Riftbound Spell: Find Your Center. [Action] (Play on your turn or in showdowns.)
If an opponent's score is within 3 points of the Victory Score, this costs [2] less.
Draw 1 and channel 1 rune exhausted.",Kudos Productions,portrait,https://cmsassets.rgpub.io/sanity/images/dsfx7636/game_data_live/cd9d798b496fdce133c5b0106d636a230b6e7ebe-744x1039.png?accountingTag=RB
ogn-048-298,OGN-048/298,48,Meditation,OGN,Origins,common,Common,Spell,,Calm,2,,,,"[Reaction] (Play any time, even before spells and abilities resolve.)
As an additional cost to play this, you may exhaust a friendly unit. If you do, draw 2. Otherwise, draw 1.","Riftbound Spell: Meditation. [Reaction] (Play any time, even before spells and abilities resolve.)
As an additional cost to play this, you may exhaust a friendly unit. If you do, draw 2. Otherwise, draw 1.",Kudos Productions,portrait,https://cmsassets.rgpub.io/sanity/images/dsfx7636/game_data_live/7103336ab0d7f7bebdaa4155e4258d8d9beb06de-744x1039.png?accountingTag=RB
ogn-049-298,OGN-049/298,49,Playful Phantom,OGN,Origins,common,Common,Unit,,Calm,5,5,,"Spirit, Shadow Isles",,Riftbound Unit: Playful Phantom.,Six More Vodka,portrait,https://cmsassets.rgpub.io/sanity/images/dsfx7636/game_data_live/3171ef8c7968b0dfe088725b9721b19d175bdb1e-744x1039.png?accountingTag=RB
ogn-050-298,OGN-050/298,50,Rune Prison,OGN,Origins,common,Common,Spell,,Calm,2,,1,,"[Action] (Play on your turn or in showdowns.)
Stun a unit. (It doesn't deal combat damage this turn.)","Riftbound Spell: Rune Prison. [Action] (Play on your turn or in showdowns.)
Stun a unit. (It doesn't deal combat damage this turn.)",Kudos Productions,portrait,https://cmsassets.rgpub.io/sanity/images/dsfx7636/game_data_live/21867baeaced3c22cda5f40f6b6c9a8dad4b7042-744x1039.png?accountingTag=RB
ogn-051-298,OGN-051/298,51,Solari Shieldbearer,OGN,Origins,common,Common,Unit,,Calm,3,2,,Mount Targon,"When you play me, stun a unit. (It doesn't deal combat damage this turn.)","Riftbound Unit: Solari Shieldbearer. When you play me, stun a unit. (It doesn't deal combat damage this turn.)",Kudos Productions,portrait,https://cmsassets.rgpub.io/sanity/images/dsfx7636/game_data_live/9387ea6480c9fd6991760b07a178c07a5fcf1c57-744x1039.png?accountingTag=RB
ogn-052-298,OGN-052/298,52,Stalwart Poro,OGN,Origins,common,Common,Unit,,Calm,2,2,,Poro,[Shield] (+1 :rb_might: while I'm a defender.),Riftbound Unit: Stalwart Poro. [Shield] (+1 [S] while I'm a defender.),Six More Vodka,portrait,https://cmsassets.rgpub.io/sanity/images/dsfx7636/game_data_live/c4a5d7178e783c3975749271b6df333a82a2328a-744x1039.png?accountingTag=RB
ogn-053-298,OGN-053/298,53,Stand United,OGN,Origins,common,Common,Spell,,Calm,3,,,,"[Hidden] (Hide now for :rb_rune_rainbow: to react with later for :rb_energy_0:.)
[Action] (Play on your turn or in showdowns.)
Buff a friendly unit. Buffs give an additional +1 :rb_might: to friendly units this turn. (To buff a unit, give it a +1 :rb_might: buff if it doesn't already have one.)","Riftbound Spell: Stand United. [Hidden] (Hide now for [A] to react with later for [0].)
[Action] (Play on your turn or in showdowns.)
Buff a friendly unit. Buffs give an additional +1 [S] to friendly units this turn. (To buff a unit, give it a +1 [S] buff if it doesn't already have one.)",Six More Vodka,portrait,https://cmsassets.rgpub.io/sanity/images/dsfx7636/game_data_live/4d10570e70a998de520d4baba254c3b726caa4f0-744x1039.png?accountingTag=RB
ogn-054-298,OGN-054/298,54,Sunlit Guardian,OGN,Origins,common,Common,Unit,,Calm,3,3,,Shurima,"[Shield] (+1 :rb_might: while I'm a defender.)
[Tank] (I must be assigned combat damage first.)","Riftbound Unit: Sunlit Guardian. [Shield] (+1 [S] while I'm a defender.)
[Tank] (I must be assigned combat damage first.)",Kudos Productions,portrait,https://cmsassets.rgpub.io/sanity/images/dsfx7636/game_data_live/28bce7a662b9008f65565300f828d98790a641e1-744x1039.png?accountingTag=RB
ogn-055-298,OGN-055/298,55,Wielder of Water,OGN,Origins,common,Common,Unit,,Calm,3,2,,Ionia,"While I'm attacking or defending alone, I have +2 :rb_might:.","Riftbound Unit: Wielder of Water. While I'm attacking or defending alone, I have +2 [S].",Six More Vodka,portrait,https://cmsassets.rgpub.io/sanity/images/dsfx7636/game_data_live/5b38a7758705bd739caf07b5c0c49482a4a23015-744x1039.png?accountingTag=RB
ogn-056-298,OGN-056/298,56,Adaptatron,OGN,Origins,uncommon,Uncommon,Unit,,Calm,4,3,,"Mech, Piltover","When I conquer, you may kill a gear. If you do, buff me. (If I don't have a buff, I get a +1 :rb_might: buff.)","Riftbound Unit: Adaptatron. When I conquer, you may kill a gear. If you do, buff me. (If I don't have a buff, I get a +1 [S] buff.)",Kudos Productions,portrait,https://cmsassets.rgpub.io/sanity/images/dsfx7636/game_data_live/a3ddb00a2a872eaceb96469739531414aa27455d-744x1039.png?accountingTag=RB
ogn-057-298,OGN-057/298,57,Block,OGN,Origins,uncommon,Uncommon,Spell,,Calm,2,,,,"[Hidden] (Hide now for :rb_rune_rainbow: to react with later for :rb_energy_0:.)
[Action] (Play on your turn or in showdowns.)
Give a unit [Shield 3] and [Tank] this turn. (+3 :rb_might: while it's a defender. It must be assigned combat damage first.)","Riftbound Spell: Block. [Hidden] (Hide now for [A] to react with later for [0].)
[Action] (Play on your turn or in showdowns.)
Give a unit [Shield 3] and [Tank] this turn. (+3 [S] while it's a defender. It must be assigned combat damage first.)",Kudos Productions,portrait,https://cmsassets.rgpub.io/sanity/images/dsfx7636/game_data_live/36f7352e715fe073631ed85be41408c9a38ab865-744x1039.png?accountingTag=RB
ogn-058-298,OGN-058/298,58,Discipline,OGN,Origins,uncommon,Uncommon,Spell,,Calm,2,,,,"[Reaction] (Play any time, even before spells and abilities resolve.)
Give a unit +2 :rb_might: this turn. Draw 1.","Riftbound Spell: Discipline. [Reaction] (Play any time, even before spells and abilities resolve.)
Give a unit +2 [S] this turn. Draw 1.",Kudos Productions,portrait,https://cmsassets.rgpub.io/sanity/images/dsfx7636/game_data_live/8b9613970b505e3ad6abe2d51d091778314a7d48-744x1039.png?accountingTag=RB
ogn-059-298,OGN-059/298,59,Eclipse Herald,OGN,Origins,uncommon,Uncommon,Unit,,Calm,7,7,1,"Bird, Mount Targon","When you stun an enemy unit, ready me and give me +1 :rb_might: this turn.","Riftbound Unit: Eclipse Herald. When you stun an enemy unit, ready me and give me +1 [S] this turn.",Kudos Productions,portrait,https://cmsassets.rgpub.io/sanity/images/dsfx7636/game_data_live/bbe4fec278b8960681f97da658dc2f06ee46c4bd-744x1039.png?accountingTag=RB
ogn-060-298,OGN-060/298,60,Mask of Foresight,OGN,Origins,uncommon,Uncommon,Gear,,Calm,2,,,,"When a friendly unit attacks or defends alone, give it +1 :rb_might: this turn.","Riftbound Gear: Mask of Foresight. When a friendly unit attacks or defends alone, give it +1 [S] this turn.",Kudos Productions,portrait,https://cmsassets.rgpub.io/sanity/images/dsfx7636/game_data_live/03824709acbb4151d13b083a842c4702a3e61221-744x1039.png?accountingTag=RB
ogn-061-298,OGN-061/298,61,Poro Herder,OGN,Origins,uncommon,Uncommon,Unit,,Calm,3,3,1,Freljord,"When you play me, if you control a Poro, buff me and draw 1. (If I don't have a buff, I get a +1 :rb_might: buff.)","Riftbound Unit: Poro Herder. When you play me, if you control a Poro, buff me and draw 1. (If I don't have a buff, I get a +1 [S] buff.)",Six More Vodka,portrait,https://cmsassets.rgpub.io/sanity/images/dsfx7636/game_data_live/166b718a8517fcceac7e7d4f6acbc4fa0bbc2c55-744x1039.png?accountingTag=RB
ogn-062-298,OGN-062/298,62,Reinforce,OGN,Origins,uncommon,Uncommon,Spell,,Calm,5,,,,"Look at the top 5 cards of your Main Deck. You may banish a unit from among them, then play it, reducing its cost by :rb_energy_5:. Recycle the remaining cards.","Riftbound Spell: Reinforce. Look at the top 5 cards of your Main Deck. You may banish a unit from among them, then play it, reducing its cost by [5]. Recycle the remaining cards.",Kudos Productions,portrait,https://cmsassets.rgpub.io/sanity/images/dsfx7636/game_data_live/5bb4ce960c7636dac103c560a2e2f4e32f9d5390-744x1039.png?accountingTag=RB
ogn-063-298,OGN-063/298,63,Spirit's Refuge,OGN,Origins,uncommon,Uncommon,Gear,,Calm,2,,1,,"When you play this, buff a friendly unit. (If it doesn't have a buff, it gets a +1 :rb_might: buff.)
Friendly buffed units have [Deflect] if they didn't already. (Opponents must pay :rb_rune_rainbow: to choose those units with a spell or ability.)","Riftbound Gear: Spirit's Refuge. When you play this, buff a friendly unit. (If it doesn't have a buff, it gets a +1 [S] buff.)
Friendly buffed units have [Deflect] if they didn't already. (Opponents must pay [A] to choose those units with a spell or ability.)",Kudos Productions,portrait,https://cmsassets.rgpub.io/sanity/images/dsfx7636/game_data_live/26d5e54580d1f17ed6c35a66ac6a90ce56c99ec8-744x1039.png?accountingTag=RB
ogn-064-298,OGN-064/298,64,Wind Wall,OGN,Origins,uncommon,Uncommon,Spell,,Calm,3,,2,,"[Reaction] (Play any time, even before spells and abilities resolve.)
Counter a spell.","Riftbound Spell: Wind Wall. [Reaction] (Play any time, even before spells and abilities resolve.)
Counter a spell.",Max Grecke,portrait,https://cmsassets.rgpub.io/sanity/images/dsfx7636/game_data_live/72c4dbe48d06916c847dab40340e5f05228fadfe-744x1039.png?accountingTag=RB
ogn-065-298,OGN-065/298,65,Wizened Elder,OGN,Origins,uncommon,Uncommon,Unit,,Calm,4,4,,Ionia,"While I'm buffed, I have an additional +1 :rb_might:.","Riftbound Unit: Wizened Elder. While I'm buffed, I have an additional +1 [S].",Six More Vodka,portrait,https://cmsassets.rgpub.io/sanity/images/dsfx7636/game_data_live/7b98797789ad7e3a6cf52126b82a42ec6f269bb7-744x1039.png?accountingTag=RB
ogn-066-298,OGN-066/298,66,"Ahri, Alluring",OGN,Origins,rare,Rare,Unit,Champion,Calm,5,4,1,"Ahri, Ionia","When I hold, you score 1 point.","Riftbound Unit: Ahri, Alluring. When I hold, you score 1 point.",League Splash Team,portrait,https://cmsassets.rgpub.io/sanity/images/dsfx7636/game_data_live/fabbcc2f83f397cf07299236a702db05a151053b-744x1039.png?accountingTag=RB
ogn-066a-298,OGN-066a/298,66,"Ahri, Alluring",OGN,Origins,showcase,Showcase,Unit,Champion,Calm,5,4,1,"Ahri, Ionia","When I hold, you score 1 point.","Riftbound Unit: Ahri, Alluring. When I hold, you score 1 point.",Wild Rift,portrait,https://cmsassets.rgpub.io/sanity/images/dsfx7636/game_data_live/933f5d58cc0e27d017982306b9ae0f581c9c8d27-744x1039.png?accountingTag=RB
ogn-067-298,OGN-067/298,67,"Blitzcrank, Impassive",OGN,Origins,rare,Rare,Unit,Champion,Calm,5,5,1,"Mech, Blitzcrank, Zaun","[Tank] (I must be assigned combat damage first.)
When you play me to a battlefield, you may move an enemy unit to here.
When I hold, return me to my owner's hand.","Riftbound Unit: Blitzcrank, Impassive. [Tank] (I must be assigned combat damage first.)
When you play me to a battlefield, you may move an enemy unit to here.
When I hold, return me to my owner's hand.",League Splash Team,portrait,https://cmsassets.rgpub.io/sanity/images/dsfx7636/game_data_live/654dcc4aef0a0b5a0c6e928d7aae397a52c3ab17-744x1039.png?accountingTag=RB
ogn-068-298,OGN-068/298,68,"Caitlyn, Patrolling",OGN,Origins,rare,Rare,Unit,Champion,Calm,3,3,1,"Caitlyn, Piltover","I must be assigned combat damage last.
:rb_exhaust:: Deal damage equal to my Might to a unit at a battlefield. Use this ability only while I'm at a battlefield.","Riftbound Unit: Caitlyn, Patrolling. I must be assigned combat damage last.
[T]: Deal damage equal to my Might to a unit at a battlefield. Use this ability only while I'm at a battlefield.",Six More Vodka,portrait,https://cmsassets.rgpub.io/sanity/images/dsfx7636/game_data_live/51e6bacf25d19e7c391367ff107efb9e0b9f1ff5-744x1039.png?accountingTag=RB
ogn-069-298,OGN-069/298,69,Last Stand,OGN,Origins,rare,Rare,Spell,,Calm,3,,1,,"[Action] (Play on your turn or in showdowns.)
Double a friendly unit's Might this turn. Give it [Temporary]. (Kill it at the start of its controller's Beginning Phase, before scoring.)","Riftbound Spell: Last Stand. [Action] (Play on your turn or in showdowns.)
Double a friendly unit's Might this turn. Give it [Temporary]. (Kill it at the start of its controller's Beginning Phase, before scoring.)",Kudos Productions,portrait,https://cmsassets.rgpub.io/sanity/images/dsfx7636/game_data_live/9062d372d299c5c6a0c679f0ff07ba71590ca5f1-744x1039.png?accountingTag=RB
ogn-070-298,OGN-070/298,70,Mageseeker Warden,OGN,Origins,rare,Rare,Unit,,Calm,6,5,1,Demacia,"While I'm at a battlefield, opponents can only play units to their base.
While I'm at a battlefield, spells and abilities can't ready enemy units and gear.","Riftbound Unit: Mageseeker Warden. While I'm at a battlefield, opponents can only play units to their base.
While I'm at a battlefield, spells and abilities can't ready enemy units and gear.",Six More Vodka,portrait,https://cmsassets.rgpub.io/sanity/images/dsfx7636/game_data_live/ae844b929f817cdf76fe40c7bf5d5fc02062bdac-744x1039.png?accountingTag=RB
ogn-071-298,OGN-071/298,71,Party Favors,OGN,Origins,rare,Rare,Spell,,Calm,3,,,,"Each other player chooses Cards or Runes. For each player that chooses Cards, you and that player each draw 1. For each player that chooses Runes, you and that player each channel 1 rune exhausted.","Riftbound Spell: Party Favors. Each other player chooses Cards or Runes. For each player that chooses Cards, you and that player each draw 1. For each player that chooses Runes, you and that player each channel 1 rune exhausted.",Kudos Productions,portrait,https://cmsassets.rgpub.io/sanity/images/dsfx7636/game_data_live/fddcef3c55663c5d6856f6d039d19cacfd64abb5-744x1039.png?accountingTag=RB
ogn-072-298,OGN-072/298,72,Solari Shrine,OGN,Origins,rare,Rare,Gear,,Calm,3,,,,"When you kill a stunned enemy unit, you may exhaust this to draw 1.","Riftbound Gear: Solari Shrine. When you kill a stunned enemy unit, you may exhaust this to draw 1.",Kudos Productions,portrait,https://cmsassets.rgpub.io/sanity/images/dsfx7636/game_data_live/139a6d1c62a717bab4cdd75926e7f4aba6efb15d-744x1039.png?accountingTag=RB
ogn-073-298,OGN-073/298,73,"Sona, Harmonious",OGN,Origins,rare,Rare,Unit,Champion,Calm,4,4,1,"Sona, Demacia","While I'm at a battlefield, ready 4 friendly runes at the end of your turn.","Riftbound Unit: Sona, Harmonious. While I'm at a battlefield, ready 4 friendly runes at the end of your turn.",League Splash Team,portrait,https://cmsassets.rgpub.io/sanity/images/dsfx7636/game_data_live/8582f6430821fb912fcb3619c5ce9405f254cb2f-744x1039.png?accountingTag=RB
ogn-074-298,OGN-074/298,74,"Taric, Protector",OGN,Origins,rare,Rare,Unit,Champion,Calm,4,4,1,"Taric, Mount Targon","[Shield] (+1 :rb_might: while I'm a defender.)
[Tank] (I must be assigned combat damage first.)
Other friendly units here have [Shield].","Riftbound Unit: Taric, Protector. [Shield] (+1 [S] while I'm a defender.)
[Tank] (I must be assigned combat damage first.)
Other friendly units here have [Shield].",Six More Vodka,portrait,https://cmsassets.rgpub.io/sanity/images/dsfx7636/game_data_live/7d08e3f64401cb87b8a0564a1cbe6fc94aee03a7-744x1039.png?accountingTag=RB
ogn-075-298,OGN-075/298,75,Tasty Faefolk,OGN,Origins,rare,Rare,Unit,,Calm,7,6,,"Fae, Bandle City","[Accelerate] (You may pay :rb_energy_1::rb_rune_calm: as an additional cost to have me enter ready.)
[Deathknell] — Channel 2 runes exhausted and draw 1. (When I die, get the effect.)","Riftbound Unit: Tasty Faefolk. [Accelerate] (You may pay [1][C] as an additional cost to have me enter ready.)
[Deathknell] — Channel 2 runes exhausted and draw 1. (When I die, get the effect.)",Dao Trong Le,portrait,https://cmsassets.rgpub.io/sanity/images/dsfx7636/game_data_live/65f69ca9a1087deb12e91fb6fdee7b6efd0c088f-744x1039.png?accountingTag=RB
ogn-076-298,OGN-076/298,76,"Yasuo, Remorseful",OGN,Origins,rare,Rare,Unit,Champion,Calm,6,6,2,"Yasuo, Ionia","When I attack, deal damage equal to my Might to an enemy unit here.","Riftbound Unit: Yasuo, Remorseful. When I attack, deal damage equal to my Might to an enemy unit here.",Six More Vodka,portrait,https://cmsassets.rgpub.io/sanity/images/dsfx7636/game_data_live/1643a6c93626884c93363557e1a483642bda6c45-744x1039.png?accountingTag=RB
ogn-076a-298,OGN-076a/298,76,"Yasuo, Remorseful",OGN,Origins,showcase,Showcase,Unit,Champion,Calm,6,6,2,"Yasuo, Ionia","When I attack, deal damage equal to my Might to an enemy unit here.","Riftbound Unit: Yasuo, Remorseful. When I attack, deal damage equal to my Might to an enemy unit here.",League Splash Team,portrait,https://cmsassets.rgpub.io/sanity/images/dsfx7636/game_data_live/3f2cff3ff3b146c8bfe11594e37e9d8109884273-744x1039.png?accountingTag=RB
ogn-077-298,OGN-077/298,77,Zhonya's Hourglass,OGN,Origins,rare,Rare,Gear,,Calm,2,,,,"[Hidden] (Hide now for :rb_rune_rainbow: to react with later for :rb_energy_0:.)
The next time a friendly unit would die, kill this instead. Recall that unit exhausted. (Send it to base. This isn't a move.)","Riftbound Gear: Zhonya's Hourglass. [Hidden] (Hide now for [A] to react with later for [0].)
The next time a friendly unit would die, kill this instead. Recall that unit exhausted. (Send it to base. This isn't a move.)",Kudos Productions,portrait,https://cmsassets.rgpub.io/sanity/images/dsfx7636/game_data_live/dc38172c56f838b407fc9f170ba973da32d7cd4d-744x1039.png?accountingTag=RB
ogn-078a-298,OGN-078a/298,78,"Lee Sin, Ascetic",OGN,Origins,showcase,Showcase,Unit,Champion,Calm,5,5,1,"Lee Sin, Ionia","[Shield] (+1 :rb_might: while I'm a defender.)
:rb_exhaust:: Buff me. (I get a +1 :rb_might: buff.)
I can have any number of buffs.","Riftbound Unit: Lee Sin, Ascetic. [Shield] (+1 [S] while I'm a defender.)
[T]: Buff me. (I get a +1 [S] buff.)
I can have any number of buffs.",League Splash Team,portrait,https://cmsassets.rgpub.io/sanity/images/dsfx7636/game_data_live/d34a98faacd3f7d32afd6fad99c806f202aa9dad-744x1039.png?accountingTag=RB
ogn-078-298,OGN-078/298,78,"Lee Sin, Ascetic",OGN,Origins,epic,Epic,Unit,Champion,Calm,5,5,1,"Lee Sin, Ionia","[Shield] (+1 :rb_might: while I'm a defender.)
:rb_exhaust:: Buff me. (I get a +1 :rb_might: buff.)
I can have any number of buffs.","Riftbound Unit: Lee Sin, Ascetic. [Shield] (+1 [S] while I'm a defender.)
[T]: Buff me. (I get a +1 [S] buff.)
I can have any number of buffs.",Six More Vodka,portrait,https://cmsassets.rgpub.io/sanity/images/dsfx7636/game_data_live/70734e8833bfbbdb2736407c449f418553e3cf7c-744x1039.png?accountingTag=RB
ogn-079a-298,OGN-079a/298,79,"Leona, Zealot",OGN,Origins,showcase,Showcase,Unit,Champion,Calm,6,6,1,"Leona, Mount Targon","If an opponent's score is within 3 points of the Victory Score, I enter ready.
Stunned enemy units here have -8 :rb_might:, to a minimum of 1 :rb_might:.","Riftbound Unit: Leona, Zealot. If an opponent's score is within 3 points of the Victory Score, I enter ready.
Stunned enemy units here have -8 [S], to a minimum of 1 [S].",Six More Vodka,portrait,https://cmsassets.rgpub.io/sanity/images/dsfx7636/game_data_live/451caa433b1fbe8e9d2b86548b82c3c5f2bac620-744x1039.png?accountingTag=RB
ogn-079-298,OGN-079/298,79,"Leona, Zealot",OGN,Origins,epic,Epic,Unit,Champion,Calm,6,6,1,"Leona, Mount Targon","If an opponent's score is within 3 points of the Victory Score, I enter ready.
Stunned enemy units here have -8 :rb_might:, to a minimum of 1 :rb_might:.","Riftbound Unit: Leona, Zealot. If an opponent's score is within 3 points of the Victory Score, I enter ready.
Stunned enemy units here have -8 [S], to a minimum of 1 [S].",Six More Vodka,portrait,https://cmsassets.rgpub.io/sanity/images/dsfx7636/game_data_live/3bd1e924bec41b0f733fc8b93dc8918ce5a53ba4-744x1039.png?accountingTag=RB
ogn-080-298,OGN-080/298,80,Mystic Reversal,OGN,Origins,epic,Epic,Spell,,Calm,4,,3,,"[Reaction] (Play any time, even before spells and abilities resolve.)
Gain control of a spell. You may make new choices for it.","Riftbound Spell: Mystic Reversal. [Reaction] (Play any time, even before spells and abilities resolve.)
Gain control of a spell. You may make new choices for it.",Polar Engine Studio,portrait,https://cmsassets.rgpub.io/sanity/images/dsfx7636/game_data_live/298fe91f9d76086b7d77880e11016ed46389b61b-744x1039.png?accountingTag=RB
ogn-081-298,OGN-081/298,81,Seal of Focus,OGN,Origins,epic,Epic,Gear,,Calm,0,,1,,:rb_exhaust:: [Reaction] — [Add] :rb_rune_calm:. (Abilities that add resources can't be reacted to.),Riftbound Gear: Seal of Focus. [T]: [Reaction] — [Add] [C]. (Abilities that add resources can't be reacted to.),Kudos Productions,portrait,https://cmsassets.rgpub.io/sanity/images/dsfx7636/game_data_live/288c300c4e4cb10ecfe6c3cbb543d0636b306852-744x1039.png?accountingTag=RB
ogn-082-298,OGN-082/298,82,Whiteflame Protector,OGN,Origins,epic,Epic,Unit,,Calm,8,8,2,"Dragon, Mount Targon","When you play me, give a unit +8 :rb_might: this turn.","Riftbound Unit: Whiteflame Protector. When you play me, give a unit +8 [S] this turn.",Aron Elekes,portrait,https://cmsassets.rgpub.io/sanity/images/dsfx7636/game_data_live/a5cdd793736f915fa1b4ea388af66de7b2bc00cb-744x1039.png?accountingTag=RB
ogn-083-298,OGN-083/298,83,Consult the Past,OGN,Origins,common,Common,Spell,,Mind,4,,,,"[Hidden] (Hide now for :rb_rune_rainbow: to react with later for :rb_energy_0:.)
[Reaction] (Play any time, even before spells and abilities resolve.)
Draw 2.","Riftbound Spell: Consult the Past. [Hidden] (Hide now for [A] to react with later for [0].)
[Reaction] (Play any time, even before spells and abilities resolve.)
Draw 2.",Kudos Productions,portrait,https://cmsassets.rgpub.io/sanity/images/dsfx7636/game_data_live/198d950d3933972273ec714e9264cbd563ea6920-744x1039.png?accountingTag=RB
ogn-084-298,OGN-084/298,84,Eager Apprentice,OGN,Origins,common,Common,Unit,,Mind,3,3,,Piltover,"While I'm at a battlefield, the Energy costs for spells you play is reduced by :rb_energy_1:, to a minimum of :rb_energy_1:.","Riftbound Unit: Eager Apprentice. While I'm at a battlefield, the Energy costs for spells you play is reduced by [1], to a minimum of [1].",Six More Vodka,portrait,https://cmsassets.rgpub.io/sanity/images/dsfx7636/game_data_live/cf6d5447ff3634d8c2c0216cb2e5802fb5ca0b2e-744x1039.png?accountingTag=RB
ogn-085-298,OGN-085/298,85,Falling Comet,OGN,Origins,common,Common,Spell,,Mind,5,,,,"[Action] (Play on your turn or in showdowns.)
Deal 6 to a unit at a battlefield.","Riftbound Spell: Falling Comet. [Action] (Play on your turn or in showdowns.)
Deal 6 to a unit at a battlefield.",Kudos Productions,portrait,https://cmsassets.rgpub.io/sanity/images/dsfx7636/game_data_live/eaaf300a07d5b2927fe9a601d70f2a01b512cc7e-744x1039.png?accountingTag=RB
ogn-086-298,OGN-086/298,86,Jeweled Colossus,OGN,Origins,common,Common,Unit,,Mind,5,5,,Mount Targon,"[Vision] (When you play me, look at the top card of your Main Deck. You may recycle it.)
[Shield] (+1 :rb_might: while I'm a defender.)","Riftbound Unit: Jeweled Colossus. [Vision] (When you play me, look at the top card of your Main Deck. You may recycle it.)
[Shield] (+1 [S] while I'm a defender.)",Kudos Productions,portrait,https://cmsassets.rgpub.io/sanity/images/dsfx7636/game_data_live/775bea14038165fd9feb15c796ed84aa00a032e1-744x1039.png?accountingTag=RB
ogn-087-298,OGN-087/298,87,Lecturing Yordle,OGN,Origins,common,Common,Unit,,Mind,3,2,,"Yordle, Bandle City","[Tank] (I must be assigned combat damage first.)
When you play me, draw 1.","Riftbound Unit: Lecturing Yordle. [Tank] (I must be assigned combat damage first.)
When you play me, draw 1.",Kudos Productions,portrait,https://cmsassets.rgpub.io/sanity/images/dsfx7636/game_data_live/62e22370dac35c18de21efbfce9c86ca821e9105-744x1039.png?accountingTag=RB
ogn-088-298,OGN-088/298,88,Mega-Mech,OGN,Origins,common,Common,Unit,,Mind,7,8,,"Mech, Bandle City",,Riftbound Unit: Mega-Mech.,Valentin Gloaguen,portrait,https://cmsassets.rgpub.io/sanity/images/dsfx7636/game_data_live/f71db7b62798a2a10a1ab0d293c26ac9dd163c6a-744x1039.png?accountingTag=RB
ogn-089-298,OGN-089/298,89,Mind Rune,OGN,Origins,common,Common,Rune,Basic,Mind,,,,,,Riftbound Rune: Mind Rune.,Greg Ghielmetti & Leah Chen,portrait,https://cmsassets.rgpub.io/sanity/images/dsfx7636/game_data_live/f99aa4874baaebd2e81798c8a3aa01c5900f6d30-744x1039.png?accountingTag=RB
ogn-089a-298,OGN-089a/298,89,Mind Rune,OGN,Origins,showcase,Showcase,Rune,Basic,Mind,,,,,,Riftbound Rune: Mind Rune.,Fairfoul,portrait,https://cmsassets.rgpub.io/sanity/images/dsfx7636/game_data_live/ecf8c8632c728520b51cd4bc79036677e96ebdfd-1488x2078.png?accountingTag=RB
ogn-090-298,OGN-090/298,90,Orb of Regret,OGN,Origins,common,Common,Gear,,Mind,1,,,,":rb_exhaust:: Give a unit -1 :rb_might: this turn, to a minimum of 1 :rb_might:.","Riftbound Gear: Orb of Regret. [T]: Give a unit -1 [S] this turn, to a minimum of 1 [S].",Kudos Productions,portrait,https://cmsassets.rgpub.io/sanity/images/dsfx7636/game_data_live/fd883b646d1a3cdb1a03b0c19dc62c92ca552f4f-744x1039.png?accountingTag=RB
ogn-091-298,OGN-091/298,91,Pit Crew,OGN,Origins,common,Common,Unit,,Mind,3,3,,Bandle City,"When you play a gear, ready me.","Riftbound Unit: Pit Crew. When you play a gear, ready me.",Chris Kintner,portrait,https://cmsassets.rgpub.io/sanity/images/dsfx7636/game_data_live/8023223b55adc44bafe1f8c5f305d3dde6f6d114-744x1039.png?accountingTag=RB
ogn-092-298,OGN-092/298,92,Riptide Rex,OGN,Origins,common,Common,Unit,,Mind,6,6,2,"Pirate, Bilgewater","When you play me, deal 6 to an enemy unit at a battlefield.","Riftbound Unit: Riptide Rex. When you play me, deal 6 to an enemy unit at a battlefield.",MAR Studio,portrait,https://cmsassets.rgpub.io/sanity/images/dsfx7636/game_data_live/e09bf1fb6d72da31d415ea31ae7413fe7f02d650-744x1039.png?accountingTag=RB
ogn-093-298,OGN-093/298,93,Smoke Screen,OGN,Origins,common,Common,Spell,,Mind,2,,1,,"[Reaction] (Play any time, even before spells and abilities resolve.)
Give a unit -4 :rb_might: this turn, to a minimum of 1 :rb_might:.","Riftbound Spell: Smoke Screen. [Reaction] (Play any time, even before spells and abilities resolve.)
Give a unit -4 [S] this turn, to a minimum of 1 [S].",Kudos Productions,portrait,https://cmsassets.rgpub.io/sanity/images/dsfx7636/game_data_live/06c34457afd09b828ee0b2862ed51eb31004d888-744x1039.png?accountingTag=RB
ogn-094-298,OGN-094/298,94,Sprite Call,OGN,Origins,common,Common,Spell,,Mind,3,,,,"[Hidden] (Hide now for :rb_rune_rainbow: to react with later for :rb_energy_0:.)
[Action] (Play on your turn or in showdowns.)
Play a ready 3 :rb_might: Sprite unit token with [Temporary]. (Kill it at the start of its controller's Beginning Phase, before scoring.)","Riftbound Spell: Sprite Call. [Hidden] (Hide now for [A] to react with later for [0].)
[Action] (Play on your turn or in showdowns.)
Play a ready 3 [S] Sprite unit token with [Temporary]. (Kill it at the start of its controller's Beginning Phase, before scoring.)",Envar Studio,portrait,https://cmsassets.rgpub.io/sanity/images/dsfx7636/game_data_live/ab3db48dcbb12b01151d3a08c2412020380b7ca5-744x1039.png?accountingTag=RB
ogn-095-298,OGN-095/298,95,Stupefy,OGN,Origins,common,Common,Spell,,Mind,1,,,,"[Reaction] (Play any time, even before spells and abilities resolve.)
Give a unit -1 :rb_might: this turn, to a minimum of 1 :rb_might:. Draw 1.","Riftbound Spell: Stupefy. [Reaction] (Play any time, even before spells and abilities resolve.)
Give a unit -1 [S] this turn, to a minimum of 1 [S]. Draw 1.",Kudos Productions,portrait,https://cmsassets.rgpub.io/sanity/images/dsfx7636/game_data_live/837a5976192bbf8bdb4086429802167548ecc119-744x1039.png?accountingTag=RB
ogn-096-298,OGN-096/298,96,Watchful Sentry,OGN,Origins,common,Common,Unit,,Mind,2,1,,Freljord,"[Deathknell] — Draw 1. (When I die, get the effect.)","Riftbound Unit: Watchful Sentry. [Deathknell] — Draw 1. (When I die, get the effect.)",Six More Vodka,portrait,https://cmsassets.rgpub.io/sanity/images/dsfx7636/game_data_live/d84da2c62b1e218a0a74b227c49ce8a953918ebd-744x1039.png?accountingTag=RB
ogn-097-298,OGN-097/298,97,Blastcone Fae,OGN,Origins,uncommon,Uncommon,Unit,,Mind,2,2,1,"Fae, Bandle City","[Hidden] (Hide now for :rb_rune_rainbow: to react with later for :rb_energy_0:.)
When you play me, give a unit -2 :rb_might: this turn, to a minimum of 1 :rb_might:.","Riftbound Unit: Blastcone Fae. [Hidden] (Hide now for [A] to react with later for [0].)
When you play me, give a unit -2 [S] this turn, to a minimum of 1 [S].",Caravan Studio,portrait,https://cmsassets.rgpub.io/sanity/images/dsfx7636/game_data_live/fac53b2216490c99ad7ce11dc5e663a692d6c104-744x1039.png?accountingTag=RB
ogn-098-298,OGN-098/298,98,Energy Conduit,OGN,Origins,uncommon,Uncommon,Gear,,Mind,3,,,,:rb_exhaust:: [Reaction] — [Add] :rb_energy_1:. (Abilities that add resources can't be reacted to.),Riftbound Gear: Energy Conduit. [T]: [Reaction] — [Add] [1]. (Abilities that add resources can't be reacted to.),Kudos Productions,portrait,https://cmsassets.rgpub.io/sanity/images/dsfx7636/game_data_live/f0e0a67e9e9b1d45d12d248df78b4e643b70bdc1-744x1039.png?accountingTag=RB
ogn-099-298,OGN-099/298,99,Garbage Grabber,OGN,Origins,uncommon,Uncommon,Gear,,Mind,2,,,,"Recycle 3 from your trash, :rb_energy_1:, :rb_exhaust:: Draw 1.","Riftbound Gear: Garbage Grabber. Recycle 3 from your trash, [1], [T]: Draw 1.",Caravan Studio,portrait,https://cmsassets.rgpub.io/sanity/images/dsfx7636/game_data_live/199f21237aeee2582904463a15ec62ce29452c10-744x1039.png?accountingTag=RB
ogn-100-298,OGN-100/298,100,Gemcraft Seer,OGN,Origins,uncommon,Uncommon,Unit,,Mind,3,3,1,Mount Targon,"[Vision] (When you play me, look at the top card of your Main Deck. You may recycle it.)
Other friendly units have [Vision].","Riftbound Unit: Gemcraft Seer. [Vision] (When you play me, look at the top card of your Main Deck. You may recycle it.)
Other friendly units have [Vision].",Bubble Cat Studio,portrait,https://cmsassets.rgpub.io/sanity/images/dsfx7636/game_data_live/4b6965bd592a5f602ab932094d677b6c85b2372b-744x1039.png?accountingTag=RB
ogn-101-298,OGN-101/298,101,Mushroom Pouch,OGN,Origins,uncommon,Uncommon,Gear,,Mind,2,,,,"At the start of your Beginning Phase, if you control a facedown card at a battlefield, draw 1.","Riftbound Gear: Mushroom Pouch. At the start of your Beginning Phase, if you control a facedown card at a battlefield, draw 1.",Polar Engine Studio,portrait,https://cmsassets.rgpub.io/sanity/images/dsfx7636/game_data_live/ef5b3125fda91c0d0a02b7e6dfb7d3d5bafa8bd0-744x1039.png?accountingTag=RB
ogn-102-298,OGN-102/298,102,Portal Rescue,OGN,Origins,uncommon,Uncommon,Spell,,Mind,3,,1,,"[Action] (Play on your turn or in showdowns.)
Banish a friendly unit, then play it to base, ignoring its cost.","Riftbound Spell: Portal Rescue. [Action] (Play on your turn or in showdowns.)
Banish a friendly unit, then play it to base, ignoring its cost.",Kudos Productions,portrait,https://cmsassets.rgpub.io/sanity/images/dsfx7636/game_data_live/bafb4c68fa9a3eb71fecd0cdffb9e20b9f68d532-744x1039.png?accountingTag=RB
ogn-103-298,OGN-103/298,103,Ravenbloom Student,OGN,Origins,uncommon,Uncommon,Unit,,Mind,2,2,,Noxus,"When you play a spell, give me +1 :rb_might: this turn.","Riftbound Unit: Ravenbloom Student. When you play a spell, give me +1 [S] this turn.",Polar Engine Studio,portrait,https://cmsassets.rgpub.io/sanity/images/dsfx7636/game_data_live/b98b1ff793b6eb263957258742cc83d50fda6537-744x1039.png?accountingTag=RB
ogn-104-298,OGN-104/298,104,Retreat,OGN,Origins,uncommon,Uncommon,Spell,,Mind,1,,,,"[Reaction] (Play any time, even before spells and abilities resolve.)
Return a friendly unit to its owner's hand. Its owner channels 1 rune exhausted.","Riftbound Spell: Retreat. [Reaction] (Play any time, even before spells and abilities resolve.)
Return a friendly unit to its owner's hand. Its owner channels 1 rune exhausted.",Kudos Productions,portrait,https://cmsassets.rgpub.io/sanity/images/dsfx7636/game_data_live/71ecf6c06d3110a81ac0f01c726c06921f479a13-744x1039.png?accountingTag=RB
ogn-105-298,OGN-105/298,105,Singularity,OGN,Origins,uncommon,Uncommon,Spell,,Mind,6,,2,,Deal 6 to each of up to two units.,Riftbound Spell: Singularity. Deal 6 to each of up to two units.,Kudos Productions,portrait,https://cmsassets.rgpub.io/sanity/images/dsfx7636/game_data_live/792edce1a64d4a92740aa3fa240e21e161513944-744x1039.png?accountingTag=RB
ogn-106-298,OGN-106/298,106,Sprite Mother,OGN,Origins,uncommon,Uncommon,Unit,,Mind,4,3,1,Fae,"When you play me, play a ready 3 :rb_might: Sprite unit token with [Temporary] here. (Kill it at the start of its controller's Beginning Phase, before scoring.)","Riftbound Unit: Sprite Mother. When you play me, play a ready 3 [S] Sprite unit token with [Temporary] here. (Kill it at the start of its controller's Beginning Phase, before scoring.)",Envar Studio,portrait,https://cmsassets.rgpub.io/sanity/images/dsfx7636/game_data_live/65c06528f88de1ac207b382d4830ccfdd08a2d12-744x1039.png?accountingTag=RB
ogn-107-298,OGN-107/298,107,Ava Achiever,OGN,Origins,rare,Rare,Unit,,Mind,5,4,,Yordle,"When I attack, you may pay :rb_rune_mind: to play a card with [Hidden] from your hand here, ignoring its cost.","Riftbound Unit: Ava Achiever. When I attack, you may pay [C] to play a card with [Hidden] from your hand here, ignoring its cost.",Kudos Productions,portrait,https://cmsassets.rgpub.io/sanity/images/dsfx7636/game_data_live/93e91aa99eb09baa68dd95b0013a89d9ffde5240-744x1039.png?accountingTag=RB
ogn-108-298,OGN-108/298,108,Convergent Mutation,OGN,Origins,rare,Rare,Spell,,Mind,2,,1,,"[Reaction] (Play any time, even before spells and abilities resolve.)
Choose a friendly unit. This turn, increase its Might to the Might of another friendly unit.","Riftbound Spell: Convergent Mutation. [Reaction] (Play any time, even before spells and abilities resolve.)
Choose a friendly unit. This turn, increase its Might to the Might of another friendly unit.",Wild Blue Studios,portrait,https://cmsassets.rgpub.io/sanity/images/dsfx7636/game_data_live/61d414fc67ff52b9082e282e628dd0916afd8454-744x1039.png?accountingTag=RB
ogn-109-298,OGN-109/298,109,"Dr. Mundo, Expert",OGN,Origins,rare,Rare,Unit,Champion,Mind,8,6,2,"Dr. Mundo, Zaun","My Might is increased by the number of cards in your trash.
At the start of your Beginning Phase, recycle 3 from your trash.","Riftbound Unit: Dr. Mundo, Expert. My Might is increased by the number of cards in your trash.
At the start of your Beginning Phase, recycle 3 from your trash.",League Splash Team,portrait,https://cmsassets.rgpub.io/sanity/images/dsfx7636/game_data_live/cf51fe8bedf5139e8cc1fc062969949ea7b121f0-744x1039.png?accountingTag=RB
ogn-110-298,OGN-110/298,110,"Ekko, Recurrent",OGN,Origins,rare,Rare,Unit,Champion,Mind,5,5,1,"Ekko, Zaun","[Accelerate] (You may pay :rb_energy_1::rb_rune_mind: as an additional cost to have me enter ready.)
[Deathknell] — Recycle me to ready your runes. (When I die, get the effect.)","Riftbound Unit: Ekko, Recurrent. [Accelerate] (You may pay [1][C] as an additional cost to have me enter ready.)
[Deathknell] — Recycle me to ready your runes. (When I die, get the effect.)",Six More Vodka,portrait,https://cmsassets.rgpub.io/sanity/images/dsfx7636/game_data_live/65da19325b6def53d33c07bc1aa8f91fd2f1e723-744x1039.png?accountingTag=RB
ogn-111-298,OGN-111/298,111,"Heimerdinger, Inventor",OGN,Origins,rare,Rare,Unit,Champion,Mind,3,3,1,"Yordle, Heimerdinger, Piltover","I have all :rb_exhaust: abilities of all friendly legends, units, and gear.","Riftbound Unit: Heimerdinger, Inventor. I have all [T] abilities of all friendly legends, units, and gear.",Six More Vodka,portrait,https://cmsassets.rgpub.io/sanity/images/dsfx7636/game_data_live/5b14a5f9d567c90329c151a8cc72d870b47b1434-744x1039.png?accountingTag=RB
ogn-112-298,OGN-112/298,112,"Kai'Sa, Evolutionary",OGN,Origins,rare,Rare,Unit,Champion,Mind,6,6,1,"Kai'Sa, The Void","[Ganking] (I can move from battlefield to battlefield.)
When I conquer, you may play a spell from your trash with Energy cost less than your points without paying its Energy cost. Then recycle it. (You must still pay its Power cost.)","Riftbound Unit: Kai'Sa, Evolutionary. [Ganking] (I can move from battlefield to battlefield.)
When I conquer, you may play a spell from your trash with Energy cost less than your points without paying its Energy cost. Then recycle it. (You must still pay its Power cost.)",Kudos Productions,portrait,https://cmsassets.rgpub.io/sanity/images/dsfx7636/game_data_live/fc4ee60eaedd5c56a9222fd07482b6a86b11baa4-744x1039.png?accountingTag=RB
ogn-112a-298,OGN-112a/298,112,"Kai'Sa, Evolutionary",OGN,Origins,showcase,Showcase,Unit,Champion,Mind,6,6,1,"Kai'Sa, The Void","[Ganking] (I can move from battlefield to battlefield.)
When I conquer, you may play a spell from your trash with Energy cost less than your points without paying its Energy cost. Then recycle it. (You must still pay its Power cost.)","Riftbound Unit: Kai'Sa, Evolutionary. [Ganking] (I can move from battlefield to battlefield.)
When I conquer, you may play a spell from your trash with Energy cost less than your points without paying its Energy cost. Then recycle it. (You must still pay its Power cost.)",League Splash Team,portrait,https://cmsassets.rgpub.io/sanity/images/dsfx7636/game_data_live/2c8c9619d4afd081de548b511000f7c4b849ec1e-744x1039.png?accountingTag=RB
ogn-113-298,OGN-113/298,113,"Malzahar, Fanatic",OGN,Origins,rare,Rare,Unit,Champion,Mind,4,3,,"Malzahar, The Void","Kill a friendly unit or gear, :rb_exhaust:: [Action] — [Add] :rb_rune_rainbow::rb_rune_rainbow:. (Use on your turn or in showdowns. Abilities that add resources can't be reacted to.)","Riftbound Unit: Malzahar, Fanatic. Kill a friendly unit or gear, [T]: [Action] — [Add] [A][A]. (Use on your turn or in showdowns. Abilities that add resources can't be reacted to.)",League Splash Team,portrait,https://cmsassets.rgpub.io/sanity/images/dsfx7636/game_data_live/ba1fa3a18b1c2ff132ad536577e53deb49bce1f9-744x1039.png?accountingTag=RB
ogn-114-298,OGN-114/298,114,Progress Day,OGN,Origins,rare,Rare,Spell,,Mind,6,,1,,Draw 4.,Riftbound Spell: Progress Day. Draw 4.,Kudos Productions,portrait,https://cmsassets.rgpub.io/sanity/images/dsfx7636/game_data_live/b15f479a8f29e31b6e4c06cf2d7c8cb8630073ef-744x1039.png?accountingTag=RB
ogn-115-298,OGN-115/298,115,Promising Future,OGN,Origins,rare,Rare,Spell,,Mind,5,,1,,"Each player looks at the top 5 cards of their Main Deck, chooses one, then recycles the rest. Starting with the next player, each player plays those cards, ignoring Energy costs. (They must still pay Power costs.)","Riftbound Spell: Promising Future. Each player looks at the top 5 cards of their Main Deck, chooses one, then recycles the rest. Starting with the next player, each player plays those cards, ignoring Energy costs. (They must still pay Power costs.)",Kudos Productions,portrait,https://cmsassets.rgpub.io/sanity/images/dsfx7636/game_data_live/1ea5e7e50aaecee0b2ee2657d3c829dff0718fba-744x1039.png?accountingTag=RB
ogn-116-298,OGN-116/298,116,Thousand-Tailed Watcher,OGN,Origins,rare,Rare,Unit,,Mind,7,7,1,Ionia,"[Accelerate] (You may pay :rb_energy_1::rb_rune_mind: as an additional cost to have me enter ready.)
When you play me, give enemy units -3 :rb_might: this turn, to a minimum of 1 :rb_might:.","Riftbound Unit: Thousand-Tailed Watcher. [Accelerate] (You may pay [1][C] as an additional cost to have me enter ready.)
When you play me, give enemy units -3 [S] this turn, to a minimum of 1 [S].",Six More Vodka,portrait,https://cmsassets.rgpub.io/sanity/images/dsfx7636/game_data_live/b20e5644c33924a58e0497dd9f7db19723147003-744x1039.png?accountingTag=RB
ogn-117-298,OGN-117/298,117,"Viktor, Innovator",OGN,Origins,rare,Rare,Unit,Champion,Mind,4,3,1,"Viktor, Zaun","When you play a card on an opponent's turn, play a 1 :rb_might: Recruit unit token in your base.","Riftbound Unit: Viktor, Innovator. When you play a card on an opponent's turn, play a 1 [S] Recruit unit token in your base.",League Splash Team,portrait,https://cmsassets.rgpub.io/sanity/images/dsfx7636/game_data_live/35be0b10f13611b4f5d828f2a79001036ab57ba1-744x1039.png?accountingTag=RB
ogn-117a-298,OGN-117a/298,117,"Viktor, Innovator",OGN,Origins,showcase,Showcase,Unit,Champion,Mind,4,3,1,"Viktor, Zaun","When you play a card on an opponent's turn, play a 1 :rb_might: Recruit unit token in your base.","Riftbound Unit: Viktor, Innovator. When you play a card on an opponent's turn, play a 1 [S] Recruit unit token in your base.",League Splash Team,portrait,https://cmsassets.rgpub.io/sanity/images/dsfx7636/game_data_live/12dfa6b38edc9b23f216c0a1828474f7506d49c0-744x1039.png?accountingTag=RB
ogn-118-298,OGN-118/298,118,Wraith of Echoes,OGN,Origins,rare,Rare,Unit,,Mind,6,5,1,"Spirit, Shadow Isles","The first time a friendly unit dies each turn, draw 1.","Riftbound Unit: Wraith of Echoes. The first time a friendly unit dies each turn, draw 1.",Michal Ivan,portrait,https://cmsassets.rgpub.io/sanity/images/dsfx7636/game_data_live/10785ab5267ca3ff2dea081d8d18ba47c3858517-744x1039.png?accountingTag=RB
ogn-119a-298,OGN-119a/298,119,"Ahri, Inquisitive",OGN,Origins,showcase,Showcase,Unit,Champion,Mind,3,3,1,"Ahri, Ionia","When I attack or defend, give an enemy unit here -2 :rb_might: this turn, to a minimum of 1 :rb_might:.","Riftbound Unit: Ahri, Inquisitive. When I attack or defend, give an enemy unit here -2 [S] this turn, to a minimum of 1 [S].",Kudos Productions,portrait,https://cmsassets.rgpub.io/sanity/images/dsfx7636/game_data_live/7adc5aa8dba66bf918b8140699cb3a74f7b0efb5-744x1039.png?accountingTag=RB
ogn-119-298,OGN-119/298,119,"Ahri, Inquisitive",OGN,Origins,epic,Epic,Unit,Champion,Mind,3,3,1,"Ahri, Ionia","When I attack or defend, give an enemy unit here -2 :rb_might: this turn, to a minimum of 1 :rb_might:.","Riftbound Unit: Ahri, Inquisitive. When I attack or defend, give an enemy unit here -2 [S] this turn, to a minimum of 1 [S].",Six More Vodka,portrait,https://cmsassets.rgpub.io/sanity/images/dsfx7636/game_data_live/cfa28e1abcac1db780d11e82985e13ee5978290d-744x1039.png?accountingTag=RB
ogn-120-298,OGN-120/298,120,Seal of Insight,OGN,Origins,epic,Epic,Gear,,Mind,0,,1,,:rb_exhaust:: [Reaction] — [Add] :rb_rune_mind:. (Abilities that add resources can't be reacted to.),Riftbound Gear: Seal of Insight. [T]: [Reaction] — [Add] [C]. (Abilities that add resources can't be reacted to.),Kudos Productions,portrait,https://cmsassets.rgpub.io/sanity/images/dsfx7636/game_data_live/9ee0dc0221f83d569e0f458374e40f7238f306c2-744x1039.png?accountingTag=RB
ogn-121a-298,OGN-121a/298,121,"Teemo, Strategist",OGN,Origins,showcase,Showcase,Unit,Champion,Mind,2,2,1,"Yordle, Teemo, Bandle City","[Hidden] (Hide now for :rb_rune_rainbow: to react with later for :rb_energy_0:.)
When I defend or I'm played from [Hidden], reveal the top 5 cards of your Main Deck. Deal 1 to an enemy unit here for each card with [Hidden], then recycle them.","Riftbound Unit: Teemo, Strategist. [Hidden] (Hide now for [A] to react with later for [0].)
When I defend or I'm played from [Hidden], reveal the top 5 cards of your Main Deck. Deal 1 to an enemy unit here for each card with [Hidden], then recycle them.",League Splash Team,portrait,https://cmsassets.rgpub.io/sanity/images/dsfx7636/game_data_live/0709ab02b75d9acc8f3c4037ec3a4140323150d8-744x1039.png?accountingTag=RB
ogn-121-298,OGN-121/298,121,"Teemo, Strategist",OGN,Origins,epic,Epic,Unit,Champion,Mind,2,2,1,"Yordle, Teemo, Bandle City","[Hidden] (Hide now for :rb_rune_rainbow: to react with later for :rb_energy_0:.)
When I defend or I'm played from [Hidden], reveal the top 5 cards of your Main Deck. Deal 1 to an enemy unit here for each card with [Hidden], then recycle them.","Riftbound Unit: Teemo, Strategist. [Hidden] (Hide now for [A] to react with later for [0].)
When I defend or I'm played from [Hidden], reveal the top 5 cards of your Main Deck. Deal 1 to an enemy unit here for each card with [Hidden], then recycle them.",Six More Vodka,portrait,https://cmsassets.rgpub.io/sanity/images/dsfx7636/game_data_live/b05f31bf744972983f61a9f5801b4ffd68fb9ebf-744x1039.png?accountingTag=RB
ogn-122-298,OGN-122/298,122,Time Warp,OGN,Origins,epic,Epic,Spell,,Mind,10,,4,,Take a turn after this one. Banish this.,Riftbound Spell: Time Warp. Take a turn after this one. Banish this.,Kudos Productions,portrait,https://cmsassets.rgpub.io/sanity/images/dsfx7636/game_data_live/b97bbcf3cf6cb6e5f4baaa1bfbb85dc860eb950b-744x1039.png?accountingTag=RB
ogn-123-298,OGN-123/298,123,Unchecked Power,OGN,Origins,epic,Epic,Spell,,Mind,7,,2,,"Exhaust all friendly units, then deal 12 to ALL units at battlefields.","Riftbound Spell: Unchecked Power. Exhaust all friendly units, then deal 12 to ALL units at battlefields.",Kudos Productions,portrait,https://cmsassets.rgpub.io/sanity/images/dsfx7636/game_data_live/c44cd1f6f41144c770ac79f10e5ae75f0c6d6435-744x1039.png?accountingTag=RB
ogn-124-298,OGN-124/298,124,Arena Bar,OGN,Origins,common,Common,Gear,,Body,3,,,,":rb_exhaust:: Buff an exhausted friendly unit. (If it doesn't have a buff, it gets a +1 :rb_might: buff.)","Riftbound Gear: Arena Bar. [T]: Buff an exhausted friendly unit. (If it doesn't have a buff, it gets a +1 [S] buff.)",Kudos Productions,portrait,https://cmsassets.rgpub.io/sanity/images/dsfx7636/game_data_live/519306d1d4a36f2d54fe0982268a197a257f5e5d-744x1039.png?accountingTag=RB
ogn-125-298,OGN-125/298,125,Bilgewater Bully,OGN,Origins,common,Common,Unit,,Body,6,6,,Bilgewater,"While I'm buffed, I have [Ganking]. (I can move from battlefield to battlefield.)","Riftbound Unit: Bilgewater Bully. While I'm buffed, I have [Ganking]. (I can move from battlefield to battlefield.)",Envar Studio,portrait,https://cmsassets.rgpub.io/sanity/images/dsfx7636/game_data_live/474f66ffa1ecebd9e0341d644cb82a3b8135eece-744x1039.png?accountingTag=RB
ogn-126a-298,OGN-126a/298,126,Body Rune,OGN,Origins,showcase,Showcase,Rune,Basic,Body,,,,,,Riftbound Rune: Body Rune.,Fairfoul,portrait,https://cmsassets.rgpub.io/sanity/images/dsfx7636/game_data_live/011081f82cab36f8ec0d6874492512fd7859f59e-1488x2078.png?accountingTag=RB
ogn-126-298,OGN-126/298,126,Body Rune,OGN,Origins,common,Common,Rune,Basic,Body,,,,,,Riftbound Rune: Body Rune.,Greg Ghielmetti & Leah Chen,portrait,https://cmsassets.rgpub.io/sanity/images/dsfx7636/game_data_live/3b3c3c07626d6180457c849047e0228dc0d19539-744x1039.png?accountingTag=RB
ogn-127-298,OGN-127/298,127,Cannon Barrage,OGN,Origins,common,Common,Spell,,Body,2,,1,,"[Reaction] (Play any time, even before spells and abilities resolve.)
Deal 2 to all enemy units in combat.","Riftbound Spell: Cannon Barrage. [Reaction] (Play any time, even before spells and abilities resolve.)
Deal 2 to all enemy units in combat.",Kudos Productions,portrait,https://cmsassets.rgpub.io/sanity/images/dsfx7636/game_data_live/07ef531829e5c6084a8d31044ebd783a9266f59e-744x1039.png?accountingTag=RB
ogn-128-298,OGN-128/298,128,Challenge,OGN,Origins,common,Common,Spell,,Body,2,,1,,"[Action] (Play on your turn or in showdowns.)
Choose a friendly unit and an enemy unit. They deal damage equal to their Mights to each other.","Riftbound Spell: Challenge. [Action] (Play on your turn or in showdowns.)
Choose a friendly unit and an enemy unit. They deal damage equal to their Mights to each other.",Kudos Productions,portrait,https://cmsassets.rgpub.io/sanity/images/dsfx7636/game_data_live/f5c1aeaee373c481b7ea2a638cd6f9e815ac105d-744x1039.png?accountingTag=RB
ogn-129-298,OGN-129/298,129,Confront,OGN,Origins,common,Common,Spell,,Body,2,,,,"[Action] (Play on your turn or in showdowns.)
Units you play this turn enter ready. Draw 1.","Riftbound Spell: Confront. [Action] (Play on your turn or in showdowns.)
Units you play this turn enter ready. Draw 1.",Kudos Productions,portrait,https://cmsassets.rgpub.io/sanity/images/dsfx7636/game_data_live/691a38a7c344fdb5ee86e34d41321d99754286a7-744x1039.png?accountingTag=RB
ogn-130-298,OGN-130/298,130,Crackshot Corsair,OGN,Origins,common,Common,Unit,,Body,3,3,,"Pirate, Bilgewater","When I attack, deal 1 to an enemy unit here.","Riftbound Unit: Crackshot Corsair. When I attack, deal 1 to an enemy unit here.",Six More Vodka,portrait,https://cmsassets.rgpub.io/sanity/images/dsfx7636/game_data_live/9106ab084e02d7a489cb351e98112e5833b0bb11-744x1039.png?accountingTag=RB
ogn-131-298,OGN-131/298,131,Dune Drake,OGN,Origins,common,Common,Unit,,Body,5,5,,"Dragon, Shurima","When I attack, give me +2 :rb_might: this turn if there is a ready enemy unit here.","Riftbound Unit: Dune Drake. When I attack, give me +2 [S] this turn if there is a ready enemy unit here.",Bubble Cat Studio,portrait,https://cmsassets.rgpub.io/sanity/images/dsfx7636/game_data_live/ba18bf4a5fa9777a0cb5ae69cc7e6f049bbceaa0-744x1039.png?accountingTag=RB
ogn-132-298,OGN-132/298,132,First Mate,OGN,Origins,common,Common,Unit,,Body,3,3,,"Pirate, Bilgewater","When you play me, ready another unit.","Riftbound Unit: First Mate. When you play me, ready another unit.",Slawomir Maniak,portrait,https://cmsassets.rgpub.io/sanity/images/dsfx7636/game_data_live/85e2b436ea482d53563cc5fa955f2a867ee6c32f-744x1039.png?accountingTag=RB
ogn-133-298,OGN-133/298,133,Flurry of Blades,OGN,Origins,common,Common,Spell,,Body,1,,,,"[Reaction] (Play any time, even before spells and abilities resolve.)
Deal 1 to all units at battlefields.","Riftbound Spell: Flurry of Blades. [Reaction] (Play any time, even before spells and abilities resolve.)
Deal 1 to all units at battlefields.",Rafael Zanchetin,portrait,https://cmsassets.rgpub.io/sanity/images/dsfx7636/game_data_live/c72f872e7e71b55b2074c5be4f2d7a44fa6fafca-744x1039.png?accountingTag=RB
ogn-134-298,OGN-134/298,134,Mobilize,OGN,Origins,common,Common,Spell,,Body,2,,,,"Channel 1 rune exhausted. If you can't, draw 1.","Riftbound Spell: Mobilize. Channel 1 rune exhausted. If you can't, draw 1.",Kudos Productions,portrait,https://cmsassets.rgpub.io/sanity/images/dsfx7636/game_data_live/cb22153e84ce250192b8e6e75e7f4dc0b66a728c-744x1039.png?accountingTag=RB
ogn-135-298,OGN-135/298,135,Pakaa Cub,OGN,Origins,common,Common,Unit,,Body,3,3,,"Cat, Ixtal",[Hidden] (Hide now for :rb_rune_rainbow: to react with later for :rb_energy_0:.),Riftbound Unit: Pakaa Cub. [Hidden] (Hide now for [A] to react with later for [0].),Bubble Cat Studio,portrait,https://cmsassets.rgpub.io/sanity/images/dsfx7636/game_data_live/156a66d7d44165367cc5a470fb35c86f337f9429-744x1039.png?accountingTag=RB
ogn-136-298,OGN-136/298,136,Pit Rookie,OGN,Origins,common,Common,Unit,,Body,2,2,,Bilgewater,"When you play me, buff another friendly unit. (If it doesn't have a buff, it gets a +1 :rb_might: buff.)","Riftbound Unit: Pit Rookie. When you play me, buff another friendly unit. (If it doesn't have a buff, it gets a +1 [S] buff.)",Kudos Productions,portrait,https://cmsassets.rgpub.io/sanity/images/dsfx7636/game_data_live/ec19eeaee85c7e5669387a3f6ccb7718f5a0f570-744x1039.png?accountingTag=RB
ogn-137-298,OGN-137/298,137,Stormclaw Ursine,OGN,Origins,common,Common,Unit,,Body,7,6,,Freljord,"[Tank] (I must be assigned combat damage first.)
When you play me, channel 1 rune exhausted.","Riftbound Unit: Stormclaw Ursine. [Tank] (I must be assigned combat damage first.)
When you play me, channel 1 rune exhausted.",Kudos Productions,portrait,https://cmsassets.rgpub.io/sanity/images/dsfx7636/game_data_live/137e5a1faec1c8b26a5a0abc7802f6461cc725c8-744x1039.png?accountingTag=RB
ogn-138-298,OGN-138/298,138,Catalyst of Aeons,OGN,Origins,uncommon,Uncommon,Spell,,Body,4,,,,"Channel 2 runes exhausted. If you couldn't channel 2 runes this way, draw 1.","Riftbound Spell: Catalyst of Aeons. Channel 2 runes exhausted. If you couldn't channel 2 runes this way, draw 1.",Kudos Productions,portrait,https://cmsassets.rgpub.io/sanity/images/dsfx7636/game_data_live/4753707323ab6f9ac572c097f29f2f76ac62f54f-744x1039.png?accountingTag=RB
ogn-139-298,OGN-139/298,139,Cithria of Cloudfield,OGN,Origins,uncommon,Uncommon,Unit,,Body,2,1,,"Elite, Demacia","When you play another unit, buff me. (If I don't have a buff, I get a +1 :rb_might: buff.)","Riftbound Unit: Cithria of Cloudfield. When you play another unit, buff me. (If I don't have a buff, I get a +1 [S] buff.)",Six More Vodka,portrait,https://cmsassets.rgpub.io/sanity/images/dsfx7636/game_data_live/6f0931db65e25e0a8d8351ffb97f8deed5dc0aa9-744x1039.png?accountingTag=RB
ogn-140-298,OGN-140/298,140,Herald of Scales,OGN,Origins,uncommon,Uncommon,Unit,,Body,4,3,,Mount Targon,"Your Dragons' Energy costs are reduced by :rb_energy_2:, to a minimum of :rb_energy_1:.","Riftbound Unit: Herald of Scales. Your Dragons' Energy costs are reduced by [2], to a minimum of [1].",Polar Engine Studio,portrait,https://cmsassets.rgpub.io/sanity/images/dsfx7636/game_data_live/be49bceea1d328769774fb4daac4732861f6e4fd-744x1039.png?accountingTag=RB
ogn-141-298,OGN-141/298,141,Kinkou Monk,OGN,Origins,uncommon,Uncommon,Unit,,Body,4,4,1,Ionia,"When you play me, buff up to two other friendly units. (Each one that doesn't have a buff gets a +1 :rb_might: buff.)","Riftbound Unit: Kinkou Monk. When you play me, buff up to two other friendly units. (Each one that doesn't have a buff gets a +1 [M] buff.)",Kudos Productions,portrait,https://cmsassets.rgpub.io/sanity/images/dsfx7636/game_data_live/648b22c6f419ee55723247bbf4c3ac10f0be9ab5-744x1039.png?accountingTag=RB
ogn-142-298,OGN-142/298,142,Mountain Drake,OGN,Origins,uncommon,Uncommon,Unit,,Body,9,10,,Dragon,,Riftbound Unit: Mountain Drake.,Kudos Productions,portrait,https://cmsassets.rgpub.io/sanity/images/dsfx7636/game_data_live/8a9c1d334b217e9bd0b23dfca2054de4d0b90ff1-744x1039.png?accountingTag=RB
ogn-143-298,OGN-143/298,143,Pirate's Haven,OGN,Origins,uncommon,Uncommon,Gear,,Body,3,,,,"When you ready a friendly unit, give it +1 :rb_might: this turn.","Riftbound Gear: Pirate's Haven. When you ready a friendly unit, give it +1 [S] this turn.",Envar Studio,portrait,https://cmsassets.rgpub.io/sanity/images/dsfx7636/game_data_live/1991b64d58cbd3698574f44b404f7a88d6403134-744x1039.png?accountingTag=RB
ogn-144-298,OGN-144/298,144,Spoils of War,OGN,Origins,uncommon,Uncommon,Spell,,Body,4,,1,,"[Reaction] (Play any time, even before spells and abilities resolve.)
If an enemy unit has died this turn, this costs :rb_energy_2: less.
Draw 2.","Riftbound Spell: Spoils of War. [Reaction] (Play any time, even before spells and abilities resolve.)
If an enemy unit has died this turn, this costs [2] less.
Draw 2.",Kudos Productions,portrait,https://cmsassets.rgpub.io/sanity/images/dsfx7636/game_data_live/b8d59d015d6b8e15822b360447fcb364e14d550f-744x1039.png?accountingTag=RB
ogn-145-298,OGN-145/298,145,Unyielding Spirit,OGN,Origins,uncommon,Uncommon,Spell,,Body,1,,1,,"[Reaction] (Play any time, even before spells and abilities resolve.)
Prevent all spell and ability damage this turn.","Riftbound Spell: Unyielding Spirit. [Reaction] (Play any time, even before spells and abilities resolve.)
Prevent all spell and ability damage this turn.",Max Grecke,portrait,https://cmsassets.rgpub.io/sanity/images/dsfx7636/game_data_live/9afea96ec04ce0c2ee76c4affbf4e6df470e7647-744x1039.png?accountingTag=RB
ogn-146-298,OGN-146/298,146,Wallop,OGN,Origins,uncommon,Uncommon,Spell,,Body,2,,,,"[Action] (Play on your turn or in showdowns.)
As you play this, you may spend a buff as an additional cost. If you do, ignore this spell's cost.
Ready a unit.","Riftbound Spell: Wallop. [Action] (Play on your turn or in showdowns.)
As you play this, you may spend a buff as an additional cost. If you do, ignore this spell's cost.
Ready a unit.",Kudos Productions,portrait,https://cmsassets.rgpub.io/sanity/images/dsfx7636/game_data_live/7bbd2eb8ce224e1872a1c920d7c64d796b2355cd-744x1039.png?accountingTag=RB
ogn-147-298,OGN-147/298,147,Wildclaw Shaman,OGN,Origins,uncommon,Uncommon,Unit,,Body,4,3,,Freljord,"When you play me, you may spend a buff to buff me and ready me. (If I don't have a buff, I get a +1 :rb_might: buff.)","Riftbound Unit: Wildclaw Shaman. When you play me, you may spend a buff to buff me and ready me. (If I don't have a buff, I get a +1 [S] buff.)",Kudos Productions,portrait,https://cmsassets.rgpub.io/sanity/images/dsfx7636/game_data_live/7abc938fee4ba397f52c8ea60d350857a7517b0c-744x1039.png?accountingTag=RB
ogn-148-298,OGN-148/298,148,"Anivia, Primal",OGN,Origins,rare,Rare,Unit,Champion,Body,7,8,2,"Bird, Anivia, Freljord","When I attack, deal 3 to all enemy units here.","Riftbound Unit: Anivia, Primal. When I attack, deal 3 to all enemy units here.",Six More Vodka,portrait,https://cmsassets.rgpub.io/sanity/images/dsfx7636/game_data_live/ca1a56035333e31b3a04d67ee9131bb4d533e5db-744x1039.png?accountingTag=RB
ogn-149-298,OGN-149/298,149,Carnivorous Snapvine,OGN,Origins,rare,Rare,Unit,,Body,5,6,2,Shadow Isles,"When you play me, choose an enemy unit at a battlefield. We deal damage equal to our Mights to each other.","Riftbound Unit: Carnivorous Snapvine. When you play me, choose an enemy unit at a battlefield. We deal damage equal to our Mights to each other.",Six More Vodka,portrait,https://cmsassets.rgpub.io/sanity/images/dsfx7636/game_data_live/5ceaec3452d623931b5ac93d0af26b180b9646de-744x1039.png?accountingTag=RB
ogn-150-298,OGN-150/298,150,Kraken Hunter,OGN,Origins,rare,Rare,Unit,,Body,3,5,2,"Pirate, Bilgewater","[Accelerate] (You may pay :rb_energy_1::rb_rune_body: as an additional cost to have me enter ready.)
[Assault] (+1 :rb_might: while I'm an attacker.)
As you play me, you may spend any number of buffs as an additional cost. Reduce my cost by :rb_rune_body: for each buff you spend.","Riftbound Unit: Kraken Hunter. [Accelerate] (You may pay [1][C] as an additional cost to have me enter ready.)
[Assault] (+1 [S] while I'm an attacker.)
As you play me, you may spend any number of buffs as an additional cost. Reduce my cost by [C] for each buff you spend.",JiHun Lee,portrait,https://cmsassets.rgpub.io/sanity/images/dsfx7636/game_data_live/51aab4710d000a9c1e665a37ef8c919ff11b0282-744x1039.png?accountingTag=RB
ogn-151a-298,OGN-151a/298,151,"Lee Sin, Centered",OGN,Origins,showcase,Showcase,Unit,Champion,Body,6,6,,"Lee Sin, Ionia","[Accelerate] (You may pay :rb_energy_1::rb_rune_body: as an additional cost to have me enter ready.)
Other buffed friendly units at my battlefield have +2 :rb_might:.","Riftbound Unit: Lee Sin, Centered. [Accelerate] (You may pay [1][C] as an additional cost to have me enter ready.)
Other buffed friendly units at my battlefield have +2 [S].",League Splash Team,portrait,https://cmsassets.rgpub.io/sanity/images/dsfx7636/game_data_live/68d9364d3138e06a25724a0aaae0b7226472cd68-744x1039.png?accountingTag=RB
ogn-151-298,OGN-151/298,151,"Lee Sin, Centered",OGN,Origins,rare,Rare,Unit,Champion,Body,6,6,,"Lee Sin, Ionia","[Accelerate] (You may pay :rb_energy_1::rb_rune_body: as an additional cost to have me enter ready.)
Other buffed friendly units at my battlefield have +2 :rb_might:.","Riftbound Unit: Lee Sin, Centered. [Accelerate] (You may pay [1][C] as an additional cost to have me enter ready.)
Other buffed friendly units at my battlefield have +2 [S].",League Splash Team,portrait,https://cmsassets.rgpub.io/sanity/images/dsfx7636/game_data_live/eca1aec1304de9c237751eb0aeed620b9ad0408e-744x1039.png?accountingTag=RB
ogn-152-298,OGN-152/298,152,Mistfall,OGN,Origins,rare,Rare,Gear,,Body,3,,,,"When you buff a friendly unit, you may pay :rb_rune_body: and exhaust this to ready it.","Riftbound Gear: Mistfall. When you buff a friendly unit, you may pay [C] and exhaust this to ready it.",Polar Engine Studio,portrait,https://cmsassets.rgpub.io/sanity/images/dsfx7636/game_data_live/1cedf0dcd6c4a44ae867e9f04f9f179d9b91c357-744x1039.png?accountingTag=RB
ogn-153-298,OGN-153/298,153,Overt Operation,OGN,Origins,rare,Rare,Spell,,Body,5,,2,,"[Action] (Play on your turn or in showdowns.)
For each friendly unit, you may spend its buff to ready it. Then buff all friendly units. (Each one that doesn't have a buff gets a +1 :rb_might: buff.)","Riftbound Spell: Overt Operation. [Action] (Play on your turn or in showdowns.)
For each friendly unit, you may spend its buff to ready it. Then buff all friendly units. (Each one that doesn't have a buff gets a +1 [S] buff.)",Kudos Productions,portrait,https://cmsassets.rgpub.io/sanity/images/dsfx7636/game_data_live/69dba13c930ba3962851346d2bc6cbeb4ca48455-744x1039.png?accountingTag=RB
ogn-154-298,OGN-154/298,154,Primal Strength,OGN,Origins,rare,Rare,Spell,,Body,4,,1,,"[Action] (Play on your turn or in showdowns.)
Give a unit +7 :rb_might: this turn.","Riftbound Spell: Primal Strength. [Action] (Play on your turn or in showdowns.)
Give a unit +7 [S] this turn.",Kudos Productions,portrait,https://cmsassets.rgpub.io/sanity/images/dsfx7636/game_data_live/dfd910a9836cd36340d0ffdb5fe8cb92a1069963-744x1039.png?accountingTag=RB
ogn-155-298,OGN-155/298,155,"Qiyana, Victorious",OGN,Origins,rare,Rare,Unit,Champion,Body,4,4,1,"Qiyana, Ixtal","[Deflect] (Opponents must pay :rb_rune_rainbow: to choose me with a spell or ability.)
When I conquer, draw 1 or channel 1 rune exhausted.","Riftbound Unit: Qiyana, Victorious. [Deflect] (Opponents must pay [A] to choose me with a spell or ability.)
When I conquer, draw 1 or channel 1 rune exhausted.",League Splash Team,portrait,https://cmsassets.rgpub.io/sanity/images/dsfx7636/game_data_live/90d1a07ef0c6c8282e6eee77e479254f50752eb2-744x1039.png?accountingTag=RB
ogn-156-298,OGN-156/298,156,Sabotage,OGN,Origins,rare,Rare,Spell,,Body,1,,1,,"Choose an opponent. They reveal their hand. Choose a non-unit card from it, and recycle that card.","Riftbound Spell: Sabotage. Choose an opponent. They reveal their hand. Choose a non-unit card from it, and recycle that card.",Kudos Productions,portrait,https://cmsassets.rgpub.io/sanity/images/dsfx7636/game_data_live/70f186b85fd224ee23dcf64957f0fab835d28040-744x1039.png?accountingTag=RB
ogn-157-298,OGN-157/298,157,"Udyr, Wildman",OGN,Origins,rare,Rare,Unit,Champion,Body,6,6,1,"Udyr, Freljord",Spend my buff: Choose one you've not chosen this turn —Deal 2 to a unit at a battlefield.Stun a unit at a battlefield.Ready me.Give me [Ganking] this turn.,"Riftbound Unit: Udyr, Wildman. Spend my buff: Choose one you've not chosen this turn —
* Deal 2 to a unit at a battlefield.
* Stun a unit at a battlefield.
* Ready me.
* Give me [Ganking] this turn.",Six More Vodka,portrait,https://cmsassets.rgpub.io/sanity/images/dsfx7636/game_data_live/2e461e5d05b5ee86e47a425c42c6f3b3c12bc4cf-744x1039.png?accountingTag=RB
ogn-158a-298,OGN-158a/298,158,"Volibear, Imposing",OGN,Origins,showcase,Showcase,Unit,Champion,Body,12,10,2,"Volibear, Freljord","[Shield 3] (+3 :rb_might: while I'm a defender.)
[Tank] (I must be assigned combat damage first.)
When an opponent moves to a battlefield other than mine, draw 1. (Bases are not battlefield.)","Riftbound Unit: Volibear, Imposing. [Shield 3] (+3 [S] while I'm a defender.)
[Tank] (I must be assigned combat damage first.)
When an opponent moves to a battlefield other than mine, draw 1. (Bases are not battlefield.)",Wild Rift Splash Team,portrait,https://cmsassets.rgpub.io/sanity/images/dsfx7636/game_data_live/faceb90b6a46e79eadba43871b8cffe1ec5037a7-744x1039.png?accountingTag=RB
ogn-158-298,OGN-158/298,158,"Volibear, Imposing",OGN,Origins,rare,Rare,Unit,Champion,Body,12,10,2,"Volibear, Freljord","[Shield 3] (+3 :rb_might: while I'm a defender.)
[Tank] (I must be assigned combat damage first.)
When an opponent moves to a battlefield other than mine, draw 1. (Bases are not battlefield.)","Riftbound Unit: Volibear, Imposing. [Shield 3] (+3 [S] while I'm a defender.)
[Tank] (I must be assigned combat damage first.)
When an opponent moves to a battlefield other than mine, draw 1. (Bases are not battlefield.)",Envar Studio,portrait,https://cmsassets.rgpub.io/sanity/images/dsfx7636/game_data_live/bcb15f95f4a72f8b070a3b1cd54e6482fe1a4b3e-744x1039.png?accountingTag=RB
ogn-159-298,OGN-159/298,159,"Warwick, Hunter",OGN,Origins,rare,Rare,Unit,Champion,Body,6,5,1,"Dog, Warwick, Zaun","I enter ready.
When I attack, kill all damaged enemy units here.","Riftbound Unit: Warwick, Hunter. I enter ready.
When I attack, kill all damaged enemy units here.",League Splash Team,portrait,https://cmsassets.rgpub.io/sanity/images/dsfx7636/game_data_live/fcbf878905001fa81858e9f081346fd05425f264-744x1039.png?accountingTag=RB
ogn-160-298,OGN-160/298,160,Dazzling Aurora,OGN,Origins,epic,Epic,Gear,,Body,9,,2,,"At the end of your turn, reveal cards from the top of your Main Deck until you reveal a unit. Play it, ignoring its cost, and recycle the rest.","Riftbound Gear: Dazzling Aurora. At the end of your turn, reveal cards from the top of your Main Deck until you reveal a unit. Play it, ignoring its cost, and recycle the rest.",Six More Vodka,portrait,https://cmsassets.rgpub.io/sanity/images/dsfx7636/game_data_live/c023856a50c75058465f283d181277ce265ba108-744x1039.png?accountingTag=RB
ogn-161-298,OGN-161/298,161,Deadbloom Predator,OGN,Origins,epic,Epic,Unit,,Body,8,8,2,Shadow Isles,"[Deflect] (Opponents must pay :rb_rune_rainbow: to choose me with a spell or ability.)
You may play me to an occupied enemy battlefield.","Riftbound Unit: Deadbloom Predator. [Deflect] (Opponents must pay [A] to choose me with a spell or ability.)
You may play me to an occupied enemy battlefield.",Slawomir Maniak,portrait,https://cmsassets.rgpub.io/sanity/images/dsfx7636/game_data_live/112b4b3847b26ea2d245ac0976717d109be7b032-744x1039.png?accountingTag=RB
ogn-162-298,OGN-162/298,162,"Miss Fortune, Captain",OGN,Origins,epic,Epic,Unit,Champion,Body,5,5,1,"Pirate, Miss Fortune, Bilgewater","[Accelerate] (You may pay :rb_energy_1::rb_rune_body: as an additional cost to have me enter ready.)
[Ganking] (I can move from battlefield to battlefield.)
The first time I move each turn, you may ready something else that's exhausted.","Riftbound Unit: Miss Fortune, Captain. [Accelerate] (You may pay [1][C] as an additional cost to have me enter ready.)
[Ganking] (I can move from battlefield to battlefield.)
The first time I move each turn, you may ready something else that's exhausted.",League Splash Team,portrait,https://cmsassets.rgpub.io/sanity/images/dsfx7636/game_data_live/3c7b219245cd6c6ee835974dd74771bc605289de-744x1039.png?accountingTag=RB
ogn-162a-298,OGN-162a/298,162,"Miss Fortune, Captain",OGN,Origins,showcase,Showcase,Unit,Champion,Body,5,5,1,"Pirate, Miss Fortune, Bilgewater","[Accelerate] (You may pay :rb_energy_1::rb_rune_body: as an additional cost to have me enter ready.)
[Ganking] (I can move from battlefield to battlefield.)
The first time I move each turn, you may ready something else that's exhausted.","Riftbound Unit: Miss Fortune, Captain. [Accelerate] (You may pay [1][C] as an additional cost to have me enter ready.)
[Ganking] (I can move from battlefield to battlefield.)
The first time I move each turn, you may ready something else that's exhausted.",League Splash Team,portrait,https://cmsassets.rgpub.io/sanity/images/dsfx7636/game_data_live/6a7a0dfa952259993fa0d8998a820585ff4f81c6-744x1039.png?accountingTag=RB
ogn-163-298,OGN-163/298,163,Seal of Strength,OGN,Origins,epic,Epic,Gear,,Body,0,,1,,:rb_exhaust:: [Reaction] — [Add] :rb_rune_body:. (Abilities that add resources can't be reacted to.),Riftbound Gear: Seal of Strength. [T]: [Reaction] — [Add] [C]. (Abilities that add resources can't be reacted to.),Kudos Productions,portrait,https://cmsassets.rgpub.io/sanity/images/dsfx7636/game_data_live/415644b2798348e3d7198ec900cc40aaa4eb8bdf-744x1039.png?accountingTag=RB
ogn-164a-298,OGN-164a/298,164,"Sett, Brawler",OGN,Origins,showcase,Showcase,Unit,Champion,Body,5,4,1,"Sett, Ionia","When I'm played and when I conquer, buff me. (If I don't have a buff, I get a +1 :rb_might: buff.)
Spend my buff: Give me +4 :rb_might: this turn.","Riftbound Unit: Sett, Brawler. When I'm played and when I conquer, buff me. (If I don't have a buff, I get a +1 [S] buff.)
Spend my buff: Give me +4 [S] this turn.",Kudos Productions,portrait,https://cmsassets.rgpub.io/sanity/images/dsfx7636/game_data_live/26e65c15e8a1ce1a9cd60d96345c7916e67e00ac-744x1039.png?accountingTag=RB
ogn-164-298,OGN-164/298,164,"Sett, Brawler",OGN,Origins,epic,Epic,Unit,Champion,Body,5,4,1,"Sett, Ionia","When I'm played and when I conquer, buff me. (If I don't have a buff, I get a +1 :rb_might: buff.)
Spend my buff: Give me +4 :rb_might: this turn.","Riftbound Unit: Sett, Brawler. When I'm played and when I conquer, buff me. (If I don't have a buff, I get a +1 [S] buff.)
Spend my buff: Give me +4 [S] this turn.",Envar Studio,portrait,https://cmsassets.rgpub.io/sanity/images/dsfx7636/game_data_live/00ddd4d478f2e49e18a60ed67f4d1452041b7da3-744x1039.png?accountingTag=RB
ogn-165-298,OGN-165/298,165,Cemetery Attendant,OGN,Origins,common,Common,Unit,,Chaos,3,3,1,"Dog, Shadow Isles","When you play me, return a unit from your trash to your hand.","Riftbound Unit: Cemetery Attendant. When you play me, return a unit from your trash to your hand.",Bubble Cat Studio,portrait,https://cmsassets.rgpub.io/sanity/images/dsfx7636/game_data_live/6bbbe6923105c53fc6b2a44430db940e009609b6-744x1039.png?accountingTag=RB
ogn-166a-298,OGN-166a/298,166,Chaos Rune,OGN,Origins,showcase,Showcase,Rune,Basic,Chaos,,,,,,Riftbound Rune: Chaos Rune.,Fairfoul,portrait,https://cmsassets.rgpub.io/sanity/images/dsfx7636/game_data_live/fbcde2f71fcc06fb8afc83855e24447a393f8943-1488x2078.png?accountingTag=RB
ogn-166-298,OGN-166/298,166,Chaos Rune,OGN,Origins,common,Common,Rune,Basic,Chaos,,,,,,Riftbound Rune: Chaos Rune.,Greg Ghielmetti & Leah Chen,portrait,https://cmsassets.rgpub.io/sanity/images/dsfx7636/game_data_live/daf23b0deaa5e1a5a5d310b59e9ad25d1bd70363-744x1039.png?accountingTag=RB
ogn-167-298,OGN-167/298,167,Ember Monk,OGN,Origins,common,Common,Unit,,Chaos,4,4,,Bandle City,"When you play a card from [Hidden], give me +2 :rb_might: this turn.","Riftbound Unit: Ember Monk. When you play a card from [Hidden], give me +2 [S] this turn.",Kudos Productions,portrait,https://cmsassets.rgpub.io/sanity/images/dsfx7636/game_data_live/0441f70a7acc377d8cbe08559b7a2fc3139c903b-744x1039.png?accountingTag=RB
ogn-168-298,OGN-168/298,168,Fight or Flight,OGN,Origins,common,Common,Spell,,Chaos,2,,,,"[Hidden] (Hide now for :rb_rune_rainbow: to react with later for :rb_energy_0:.)
[Action] (Play on your turn or in showdowns.)
Move a unit from a battlefield to its base.","Riftbound Spell: Fight or Flight. [Hidden] (Hide now for [A] to react with later for [0].)
[Action] (Play on your turn or in showdowns.)
Move a unit from a battlefield to its base.",Kudos Productions,portrait,https://cmsassets.rgpub.io/sanity/images/dsfx7636/game_data_live/2e7c7ad72889878e2dd5932d203814b185e74a87-744x1039.png?accountingTag=RB
ogn-169-298,OGN-169/298,169,Gust,OGN,Origins,common,Common,Spell,,Chaos,1,,,,"[Reaction] (Play any time, even before spells and abilities resolve.)
Return a unit at a battlefield with 3 :rb_might: or less to its owner's hand.","Riftbound Spell: Gust. [Reaction] (Play any time, even before spells and abilities resolve.)
Return a unit at a battlefield with 3 [S] or less to its owner's hand.",Kudos Productions,portrait,https://cmsassets.rgpub.io/sanity/images/dsfx7636/game_data_live/dfd3b161ab76ba0c5d503384f1289b3395434b10-744x1039.png?accountingTag=RB
ogn-170-298,OGN-170/298,170,Morbid Return,OGN,Origins,common,Common,Spell,,Chaos,2,,,,"[Action] (Play on your turn or in showdowns.)
Return a unit from your trash to your hand.","Riftbound Spell: Morbid Return. [Action] (Play on your turn or in showdowns.)
Return a unit from your trash to your hand.",Rafael Zanchetin,portrait,https://cmsassets.rgpub.io/sanity/images/dsfx7636/game_data_live/33b5ca4e580b94f2056bd884a4a35e8c630920a2-744x1039.png?accountingTag=RB
ogn-171-298,OGN-171/298,171,Mystic Poro,OGN,Origins,common,Common,Unit,,Chaos,2,2,,Poro,"[Vision] (When you play me, look at the top card of your Main Deck. You may recycle it.)","Riftbound Unit: Mystic Poro. [Vision] (When you play me, look at the top card of your Main Deck. You may recycle it.)",Kudos Productions,portrait,https://cmsassets.rgpub.io/sanity/images/dsfx7636/game_data_live/11af57d045768e886d05e1c0933b0d57cb1e459d-744x1039.png?accountingTag=RB
ogn-172-298,OGN-172/298,172,Rebuke,OGN,Origins,common,Common,Spell,,Chaos,2,,2,,"[Action] (Play on your turn or in showdowns.)
Return a unit at a battlefield to its owner's hand.","Riftbound Spell: Rebuke. [Action] (Play on your turn or in showdowns.)
Return a unit at a battlefield to its owner's hand.",Kudos Productions,portrait,https://cmsassets.rgpub.io/sanity/images/dsfx7636/game_data_live/c8e1ad72e9d562f9267c1512f29e9c04dc5cc15f-744x1039.png?accountingTag=RB
ogn-173-298,OGN-173/298,173,Ride the Wind,OGN,Origins,common,Common,Spell,,Chaos,2,,1,,"[Action] (Play on your turn or in showdowns.)
Move a friendly unit and ready it.","Riftbound Spell: Ride the Wind. [Action] (Play on your turn or in showdowns.)
Move a friendly unit and ready it.",Kudos Productions,portrait,https://cmsassets.rgpub.io/sanity/images/dsfx7636/game_data_live/864d9f8992db7f9a9e795d9438d941ca564ddde7-744x1039.png?accountingTag=RB
ogn-174-298,OGN-174/298,174,Sai Scout,OGN,Origins,common,Common,Unit,,Chaos,6,5,,Shurima,"[Vision] (When you play me, look at the top card of your Main Deck. You may recycle it.)
You may play me to an open battlefield.","Riftbound Unit: Sai Scout. [Vision] (When you play me, look at the top card of your Main Deck. You may recycle it.)
You may play me to an open battlefield.",Dao Trong Le,portrait,https://cmsassets.rgpub.io/sanity/images/dsfx7636/game_data_live/eab1fc8c95931519319c4c80681a261d75214c48-744x1039.png?accountingTag=RB
ogn-175-298,OGN-175/298,175,Shipyard Skulker,OGN,Origins,common,Common,Unit,,Chaos,3,3,,"Pirate, Bilgewater",,Riftbound Unit: Shipyard Skulker.,Six More Vodka,portrait,https://cmsassets.rgpub.io/sanity/images/dsfx7636/game_data_live/000634f32b897638760b82e5365961f6d85bc0cb-744x1039.png?accountingTag=RB
ogn-176-298,OGN-176/298,176,Sneaky Deckhand,OGN,Origins,common,Common,Unit,,Chaos,3,2,,"Pirate, Bilgewater",You may play me to an open battlefield.,Riftbound Unit: Sneaky Deckhand. You may play me to an open battlefield.,Dao Trong Le,portrait,https://cmsassets.rgpub.io/sanity/images/dsfx7636/game_data_live/6f95b6aac293d8e477192281df47d8466da502bf-744x1039.png?accountingTag=RB
ogn-177-298,OGN-177/298,177,Stealthy Pursuer,OGN,Origins,common,Common,Unit,,Chaos,4,4,1,Shurima,"When a friendly unit moves from my location, I may be moved with it.","Riftbound Unit: Stealthy Pursuer. When a friendly unit moves from my location, I may be moved with it.",Kudos Productions,portrait,https://cmsassets.rgpub.io/sanity/images/dsfx7636/game_data_live/ab23fd84badd67e9981512acbe6c3e9a8f97f42d-744x1039.png?accountingTag=RB
ogn-178-298,OGN-178/298,178,Undercover Agent,OGN,Origins,common,Common,Unit,,Chaos,5,5,1,,"[Deathknell] — Discard 2, then draw 2. (When I die, get the effect.)","Riftbound Unit: Undercover Agent. [Deathknell] — Discard 2, then draw 2. (When I die, get the effect.)",Six More Vodka,portrait,https://cmsassets.rgpub.io/sanity/images/dsfx7636/game_data_live/3e4e318c0cc97b13646ee454da71046a09236e47-744x1039.png?accountingTag=RB
ogn-179-298,OGN-179/298,179,Acceptable Losses,OGN,Origins,uncommon,Uncommon,Spell,,Chaos,1,,,,"[Action] (Play on your turn or in showdowns.)
Each player kills one of their gear.","Riftbound Spell: Acceptable Losses. [Action] (Play on your turn or in showdowns.)
Each player kills one of their gear.",Kudos Productions,portrait,https://cmsassets.rgpub.io/sanity/images/dsfx7636/game_data_live/b2b470bab1ae511ab9de0b1ce576e2050532a081-744x1039.png?accountingTag=RB
ogn-180-298,OGN-180/298,180,Fading Memories,OGN,Origins,uncommon,Uncommon,Spell,,Chaos,4,,1,,"Give a unit at a battlefield or a gear [Temporary]. (Kill it at the start of its controller's Beginning Phase, before scoring.)","Riftbound Spell: Fading Memories. Give a unit at a battlefield or a gear [Temporary]. (Kill it at the start of its controller's Beginning Phase, before scoring.)",Kudos Productions,portrait,https://cmsassets.rgpub.io/sanity/images/dsfx7636/game_data_live/a2b366942f1a7ec1f4bd3c1b17e10356214705d7-744x1039.png?accountingTag=RB
ogn-181-298,OGN-181/298,181,Pack of Wonders,OGN,Origins,uncommon,Uncommon,Gear,,Chaos,2,,,,":rb_exhaust:: Return another friendly gear, unit, or [Hidden] card to its owner's hand.","Riftbound Gear: Pack of Wonders. [E]: Return another friendly gear, unit, or [Hidden] card to its owner's hand.",Kudos Productions,portrait,https://cmsassets.rgpub.io/sanity/images/dsfx7636/game_data_live/a0830f326c49abe7fb1d3c9787e7ce5d7b776eec-744x1039.png?accountingTag=RB
ogn-182-298,OGN-182/298,182,Scrapheap,OGN,Origins,uncommon,Uncommon,Gear,,Chaos,2,,,,"When this is played, discarded, or killed, draw 1.","Riftbound Gear: Scrapheap. When this is played, discarded, or killed, draw 1.",Kudos Productions,portrait,https://cmsassets.rgpub.io/sanity/images/dsfx7636/game_data_live/0c059786e89a2443221b7c0b8ca39779dcc9c755-744x1038.png?accountingTag=RB
ogn-183-298,OGN-183/298,183,Stacked Deck,OGN,Origins,uncommon,Uncommon,Spell,,Chaos,1,,,,"[Action] (Play on your turn or in showdowns.)
Look at the top 3 cards of your Main Deck. Put 1 into your hand and recycle the rest.","Riftbound Spell: Stacked Deck. [Action] (Play on your turn or in showdowns.)
Look at the top 3 cards of your Main Deck. Put 1 into your hand and recycle the rest.",Kudos Productions,portrait,https://cmsassets.rgpub.io/sanity/images/dsfx7636/game_data_live/fdcb22cb620a4c1c37920d6b744edb615647cbd4-744x1039.png?accountingTag=RB
ogn-184-298,OGN-184/298,184,The Syren,OGN,Origins,uncommon,Uncommon,Gear,,Chaos,2,,,,":rb_energy_1:, :rb_exhaust:: Move a friendly unit at a battlefield to your base.","Riftbound Gear: The Syren. [1], [E]: Move a friendly unit at a battlefield to your base.",Six More Vodka,portrait,https://cmsassets.rgpub.io/sanity/images/dsfx7636/game_data_live/cafdd212b542243e10e5fac587616ab77e3d9cf1-744x1039.png?accountingTag=RB
ogn-185-298,OGN-185/298,185,Traveling Merchant,OGN,Origins,uncommon,Uncommon,Unit,,Chaos,2,2,,Bilgewater,"When I move, discard 1, then draw 1.","Riftbound Unit: Traveling Merchant. When I move, discard 1, then draw 1.",Six More Vodka,portrait,https://cmsassets.rgpub.io/sanity/images/dsfx7636/game_data_live/b7dbebe2bf5691391c8e4146e478b8bd2ac40aef-744x1039.png?accountingTag=RB
ogn-186-298,OGN-186/298,186,Treasure Trove,OGN,Origins,uncommon,Uncommon,Gear,,Chaos,2,,,,"When this leaves the board, draw 1 and channel 1 rune exhausted.
:rb_rune_chaos:, :rb_exhaust:: Kill this.","Riftbound Gear: Treasure Trove. When this leaves the board, draw 1 and channel 1 rune exhausted.
[C], [T]: Kill this.",Kudos Productions,portrait,https://cmsassets.rgpub.io/sanity/images/dsfx7636/game_data_live/682f5ee828ede4dbaf428cd0666db64ee8bae722-744x1039.png?accountingTag=RB
ogn-187-298,OGN-187/298,187,Whirlwind,OGN,Origins,uncommon,Uncommon,Spell,,Chaos,3,,1,,"Starting with the next player, each player may return a unit to its owner's hand.","Riftbound Spell: Whirlwind. Starting with the next player, each player may return a unit to its owner's hand.",Polar Engine Studio,portrait,https://cmsassets.rgpub.io/sanity/images/dsfx7636/game_data_live/24f5e0a8811b5a0e0930c0f6476600e2a37a5f93-744x1039.png?accountingTag=RB
ogn-188-298,OGN-188/298,188,Zaunite Bouncer,OGN,Origins,uncommon,Uncommon,Unit,,Chaos,4,2,2,Zaun,"When you play me, return another unit at a battlefield to its owner's hand.","Riftbound Unit: Zaunite Bouncer. When you play me, return another unit at a battlefield to its owner's hand.",Envar Studio,portrait,https://cmsassets.rgpub.io/sanity/images/dsfx7636/game_data_live/0f4e8258e3920e4a4654cfe74faf8c266f2aa5dd-744x1039.png?accountingTag=RB
ogn-189-298,OGN-189/298,189,"Kayn, Unleashed",OGN,Origins,rare,Rare,Unit,Champion,Chaos,6,6,1,"Kayn, Ionia","[Ganking] (I can move from battlefield to battlefield.)
If I have moved twice this turn, I don't take damage.","Riftbound Unit: Kayn, Unleashed. [Ganking] (I can move from battlefield to battlefield.)
If I have moved twice this turn, I don't take damage.",Kudos Productions,portrait,https://cmsassets.rgpub.io/sanity/images/dsfx7636/game_data_live/a1ce0e784264748f170bebb3b26a09a7f55efe0f-744x1039.png?accountingTag=RB
ogn-190-298,OGN-190/298,190,"Kog'Maw, Caustic",OGN,Origins,rare,Rare,Unit,Champion,Chaos,3,1,1,"Kog'Maw, The Void","[Deathknell] — Deal 4 to all units at my battlefield. (When I die, get the effect.)","Riftbound Unit: Kog'Maw, Caustic. [Deathknell] — Deal 4 to all units at my battlefield. (When I die, get the effect.)",League Splash Team,portrait,https://cmsassets.rgpub.io/sanity/images/dsfx7636/game_data_live/1ba2b780619714f2bf97597a180f3b118f4faf55-744x1039.png?accountingTag=RB
ogn-191-298,OGN-191/298,191,Maddened Marauder,OGN,Origins,rare,Rare,Unit,,Chaos,5,4,,"Pirate, Bilgewater","[Tank] (I must be assigned combat damage first.)
When you play me, move a unit from a battlefield to its base.","Riftbound Unit: Maddened Marauder. [Tank] (I must be assigned combat damage first.)
When you play me, move a unit from a battlefield to its base.",Alex Heath,portrait,https://cmsassets.rgpub.io/sanity/images/dsfx7636/game_data_live/0f3a2ab8e5894e0dd1b625ee29f3304e7832ef9a-744x1039.png?accountingTag=RB
ogn-192-298,OGN-192/298,192,Mindsplitter,OGN,Origins,rare,Rare,Unit,,Chaos,7,7,2,"Dragon, Mount Targon","When you play me, choose an opponent. They reveal their hand. Choose a card from it, and they discard that card.","Riftbound Unit: Mindsplitter. When you play me, choose an opponent. They reveal their hand. Choose a card from it, and they discard that card.",Six More Vodka,portrait,https://cmsassets.rgpub.io/sanity/images/dsfx7636/game_data_live/8753058698cff6455da6cccd13a7fe901a164051-744x1039.png?accountingTag=RB
ogn-193-298,OGN-193/298,193,"Miss Fortune, Buccaneer",OGN,Origins,rare,Rare,Unit,Champion,Chaos,4,4,1,"Pirate, Miss Fortune, Bilgewater","You may play me to an open battlefield.
Friendly units may be played to open battlefields.","Riftbound Unit: Miss Fortune, Buccaneer. You may play me to an open battlefield. 
Friendly units may be played to open battlefields.",Six More Vodka,portrait,https://cmsassets.rgpub.io/sanity/images/dsfx7636/game_data_live/e6ff9ad3d6e2b96ff76cda4c7bc75415c1cdcced-744x1039.png?accountingTag=RB
ogn-193a-298,OGN-193a/298,193,"Miss Fortune, Buccaneer",OGN,Origins,showcase,Showcase,Unit,Champion,Chaos,4,4,1,"Pirate, Miss Fortune, Bilgewater","You may play me to an open battlefield.
Friendly units may be played to open battlefields.","Riftbound Unit: Miss Fortune, Buccaneer. You may play me to an open battlefield. 
Friendly units may be played to open battlefields.",Pandart Studio,portrait,https://cmsassets.rgpub.io/sanity/images/dsfx7636/game_data_live/8fde2eeb516af55b24467569aa982037f5b67b89-744x1039.png?accountingTag=RB
ogn-194-298,OGN-194/298,194,"Nocturne, Horrifying",OGN,Origins,rare,Rare,Unit,Champion,Chaos,4,4,1,Nocturne,"[Ganking] (I can move from battlefield to battlefield.)
When you look at cards from the top of your deck (and don't draw them) and see me, you may play me for :rb_rune_rainbow:.","Riftbound Unit: Nocturne, Horrifying. [Ganking] (I can move from battlefield to battlefield.)
When you look at cards from the top of your deck (and don't draw them) and see me, you may play me for [A].",Six More Vodka,portrait,https://cmsassets.rgpub.io/sanity/images/dsfx7636/game_data_live/19a751364bc6eb5297596e8733d0d30a1111ac78-744x1039.png?accountingTag=RB
ogn-195-298,OGN-195/298,195,Rhasa the Sunderer,OGN,Origins,rare,Rare,Unit,,Chaos,10,6,1,"Spirit, Shadow Isles",I cost :rb_energy_1: less for each card in your trash.,Riftbound Unit: Rhasa the Sunderer. I cost [1] less for each card in your trash.,Six More Vodka,portrait,https://cmsassets.rgpub.io/sanity/images/dsfx7636/game_data_live/e34fe8a9ee533dee99f96b4e6677d1edbd6a262d-744x1039.png?accountingTag=RB
ogn-196-298,OGN-196/298,196,Soulgorger,OGN,Origins,rare,Rare,Unit,,Chaos,8,5,2,"Spirit, Shadow Isles","When you play me, you may play a unit from your trash, ignoring its Energy cost. (You must still pay its Power cost.)","Riftbound Unit: Soulgorger. When you play me, you may play a unit from your trash, ignoring its Energy cost. (You must still pay its Power cost.)",Six More Vodka,portrait,https://cmsassets.rgpub.io/sanity/images/dsfx7636/game_data_live/439c4fa7c8c47cba41df8bce3fe3c8068d297382-744x1039.png?accountingTag=RB
ogn-197a-298,OGN-197a/298,197,"Teemo, Scout",OGN,Origins,showcase,Showcase,Unit,Champion,Chaos,2,1,,"Yordle, Teemo, Bandle City","[Hidden] (Hide now for :rb_rune_rainbow: to react with later for :rb_energy_0:.)
When you play me, give me +3 :rb_might: this turn.","Riftbound Unit: Teemo, Scout. [Hidden] (Hide now for [A] to react with later for [0].)
When you play me, give me +3 [S] this turn.",League Splash Team,portrait,https://cmsassets.rgpub.io/sanity/images/dsfx7636/game_data_live/404a8aa0061b58611bd913b58dd01d99fdb8087d-744x1039.png?accountingTag=RB
ogn-197-298,OGN-197/298,197,"Teemo, Scout",OGN,Origins,rare,Rare,Unit,Champion,Chaos,2,1,,"Yordle, Teemo, Bandle City","[Hidden] (Hide now for :rb_rune_rainbow: to react with later for :rb_energy_0:.)
When you play me, give me +3 :rb_might: this turn.","Riftbound Unit: Teemo, Scout. [Hidden] (Hide now for [A] to react with later for [0].)
When you play me, give me +3 [S] this turn.",League Splash Team,portrait,https://cmsassets.rgpub.io/sanity/images/dsfx7636/game_data_live/ca8a2e11dd78dd09ad1c9ad3a23e5699254b947e-744x1039.png?accountingTag=RB
ogn-198-298,OGN-198/298,198,The Harrowing,OGN,Origins,rare,Rare,Spell,,Chaos,6,,2,,"Play a unit from your trash, ignoring its Energy cost. (You must still pay its Power cost.)","Riftbound Spell: The Harrowing. Play a unit from your trash, ignoring its Energy cost. (You must still pay its Power cost.)",Rafael Zanchetin,portrait,https://cmsassets.rgpub.io/sanity/images/dsfx7636/game_data_live/6914034f56dd50ab37df26e3541c997479bb5a6d-744x1039.png?accountingTag=RB
ogn-199-298,OGN-199/298,199,Tideturner,OGN,Origins,rare,Rare,Unit,,Chaos,2,2,,Bilgewater,"[Hidden] (Hide now for :rb_rune_rainbow: to react with later for :rb_energy_0:.)
When you play me, you may choose a friendly unit. Move me to its location and it to my original location.","Riftbound Unit: Tideturner. [Hidden] (Hide now for [A] to react with later for [0].)
When you play me, you may choose a friendly unit. Move me to its location and it to my original location.",Kudos Productions,portrait,https://cmsassets.rgpub.io/sanity/images/dsfx7636/game_data_live/bad355dba8b32d1fba33dc3924cad6a34b61b5af-744x1039.png?accountingTag=RB
ogn-200-298,OGN-200/298,200,"Twisted Fate, Gambler",OGN,Origins,rare,Rare,Unit,Champion,Chaos,4,4,,"Twisted Fate, Bilgewater","When I attack, reveal the top rune of your rune deck, then recycle it. Do one of the following based on its domain::rb_rune_fury: — Deal 2 to an enemy unit here and 1 to all other enemy units here.:rb_rune_mind: — Draw 1.:rb_rune_order: — Stun an enemy unit.","Riftbound Unit: Twisted Fate, Gambler. When I attack, reveal the top rune of your rune deck, then recycle it. Do one of the following based on its domain:
* [R] — Deal 2 to an enemy unit here and 1 to all other enemy units here.
* [B] — Draw 1.
* [Y] — Stun an enemy unit.",Six More Vodka,portrait,https://cmsassets.rgpub.io/sanity/images/dsfx7636/game_data_live/9eff1a038528c4d633196f13259670d84b74c2a8-744x1039.png?accountingTag=RB
ogn-201-298,OGN-201/298,201,Invert Timelines,OGN,Origins,epic,Epic,Spell,,Chaos,3,,1,,"Each player discards their hand, then draws 4.","Riftbound Spell: Invert Timelines. Each player discards their hand, then draws 4.",Kudos Productions,portrait,https://cmsassets.rgpub.io/sanity/images/dsfx7636/game_data_live/b916326fdcf61af4630d953c7540a4aa97e6db01-744x1039.png?accountingTag=RB
ogn-202-298,OGN-202/298,202,"Jinx, Rebel",OGN,Origins,epic,Epic,Unit,Champion,Chaos,5,5,1,"Jinx, Zaun","When you discard one or more cards, ready me and give me +1 :rb_might: this turn.","Riftbound Unit: Jinx, Rebel. When you discard one or more cards, ready me and give me +1 [S] this turn.",Kudos Productions,portrait,https://cmsassets.rgpub.io/sanity/images/dsfx7636/game_data_live/a7fe105f40df66525be51bd18e25506945a7b027-744x1039.png?accountingTag=RB
ogn-202a-298,OGN-202a/298,202,"Jinx, Rebel",OGN,Origins,showcase,Showcase,Unit,Champion,Chaos,5,5,1,"Jinx, Zaun","When you discard one or more cards, ready me and give me +1 :rb_might: this turn.","Riftbound Unit: Jinx, Rebel. When you discard one or more cards, ready me and give me +1 [S] this turn.",League Splash Team,portrait,https://cmsassets.rgpub.io/sanity/images/dsfx7636/game_data_live/da4c4f96081b4c0e151dba74a0ef6eae338478f0-744x1039.png?accountingTag=RB
ogn-203-298,OGN-203/298,203,Possession,OGN,Origins,epic,Epic,Spell,,Chaos,8,,3,,"[Action] (Play on your turn or in showdowns.)
Choose an enemy unit at a battlefield. Take control of it and recall it. (Send it to your base. This isn't a move.)","Riftbound Spell: Possession. [Action] (Play on your turn or in showdowns.)
Choose an enemy unit at a battlefield. Take control of it and recall it. (Send it to your base. This isn't a move.)",League of Legends,portrait,https://cmsassets.rgpub.io/sanity/images/dsfx7636/game_data_live/f26462174fd01407f25f7d49a70862d2b9af35cc-744x1039.png?accountingTag=RB
ogn-204-298,OGN-204/298,204,Seal of Discord,OGN,Origins,epic,Epic,Gear,,Chaos,0,,1,,:rb_exhaust:: [Reaction] — [Add] :rb_rune_chaos:. (Abilities that add resources can't be reacted to.),Riftbound Gear: Seal of Discord. [T]: [Reaction] — [Add] [C]. (Abilities that add resources can't be reacted to.),Kudos Productions,portrait,https://cmsassets.rgpub.io/sanity/images/dsfx7636/game_data_live/dd8433e77e46ca77aaf0be35d1774218d9a2f037-744x1039.png?accountingTag=RB
ogn-205a-298,OGN-205a/298,205,"Yasuo, Windrider",OGN,Origins,showcase,Showcase,Unit,Champion,Chaos,5,4,1,"Yasuo, Ionia","[Ganking] (I can move from battlefield to battlefield.)
The third time I move in a turn, you score 1 point.","Riftbound Unit: Yasuo, Windrider. [Ganking] (I can move from battlefield to battlefield.)
The third time I move in a turn, you score 1 point.",League Splash Team,portrait,https://cmsassets.rgpub.io/sanity/images/dsfx7636/game_data_live/35f7ca6802af48585af55d23cf7675a8922d8535-744x1039.png?accountingTag=RB
ogn-205-298,OGN-205/298,205,"Yasuo, Windrider",OGN,Origins,epic,Epic,Unit,Champion,Chaos,5,4,1,"Yasuo, Ionia","[Ganking] (I can move from battlefield to battlefield.)
The third time I move in a turn, you score 1 point.","Riftbound Unit: Yasuo, Windrider. [Ganking] (I can move from battlefield to battlefield.)
The third time I move in a turn, you score 1 point.",Six More Vodka,portrait,https://cmsassets.rgpub.io/sanity/images/dsfx7636/game_data_live/f5ba378ce4dad16d17e001814e091d5f484f2681-744x1039.png?accountingTag=RB
ogn-206-298,OGN-206/298,206,Back to Back,OGN,Origins,common,Common,Spell,,Order,3,,,,"[Reaction] (Play any time, even before spells and abilities resolve.)
Give two friendly units each +2 :rb_might: this turn.","Riftbound Spell: Back to Back. [Reaction] (Play any time, even before spells and abilities resolve.)
Give two friendly units each +2 [S] this turn.",Kudos Productions,portrait,https://cmsassets.rgpub.io/sanity/images/dsfx7636/game_data_live/7f5585dcd3e9c7866e3b99cb169a0404ea4c010f-744x1039.png?accountingTag=RB
ogn-207-298,OGN-207/298,207,Call to Glory,OGN,Origins,common,Common,Spell,,Order,3,,,,"[Reaction] (Play any time, even before spells and abilities resolve.)
As you play this, you may spend a buff as an additional cost. If you do, ignore this spell's cost.
Give a unit +3 :rb_might: this turn.","Riftbound Spell: Call to Glory. [Reaction] (Play any time, even before spells and abilities resolve.)
As you play this, you may spend a buff as an additional cost. If you do, ignore this spell's cost.
Give a unit +3 [S] this turn.",Kudos Productions,portrait,https://cmsassets.rgpub.io/sanity/images/dsfx7636/game_data_live/ced53bc3fb15f263471067fc3868295b09e62a07-744x1039.png?accountingTag=RB
ogn-208-298,OGN-208/298,208,Cruel Patron,OGN,Origins,common,Common,Unit,,Order,4,6,,Noxus,"As an additional cost to play me, kill a friendly unit.","Riftbound Unit: Cruel Patron. As an additional cost to play me, kill a friendly unit.",Kudos Productions,portrait,https://cmsassets.rgpub.io/sanity/images/dsfx7636/game_data_live/c1c2c08fa0032a245c1ffee6ba29fff2826bd468-744x1039.png?accountingTag=RB
ogn-209-298,OGN-209/298,209,Cull the Weak,OGN,Origins,common,Common,Spell,,Order,2,,1,,Each player kills one of their units.,Riftbound Spell: Cull the Weak. Each player kills one of their units.,Kudos Productions,portrait,https://cmsassets.rgpub.io/sanity/images/dsfx7636/game_data_live/49338a4b31727c6ef50e7dbc54e7004dcd2b6f4c-744x1039.png?accountingTag=RB
ogn-210-298,OGN-210/298,210,Daring Poro,OGN,Origins,common,Common,Unit,,Order,2,2,,Poro,[Assault] (+1 :rb_might: while I'm an attacker.),Riftbound Unit: Daring Poro. [Assault] (+1 [S] while I'm an attacker.),Six More Vodka,portrait,https://cmsassets.rgpub.io/sanity/images/dsfx7636/game_data_live/41dee7ec46124c261352595cfbd8a6d38d32b947-744x1039.png?accountingTag=RB
ogn-211-298,OGN-211/298,211,Faithful Manufactor,OGN,Origins,common,Common,Unit,,Order,3,2,,Piltover,"When you play me, play a 1 :rb_might: Recruit unit token here.","Riftbound Unit: Faithful Manufactor. When you play me, play a 1 [S] Recruit unit token here.",Kudos Productions,portrait,https://cmsassets.rgpub.io/sanity/images/dsfx7636/game_data_live/b41107b7456a2a38d203983b1e504e3789d6b6ea-744x1039.png?accountingTag=RB
ogn-212-298,OGN-212/298,212,Forge of the Future,OGN,Origins,common,Common,Gear,,Order,2,,,,"When you play this, play a 1 :rb_might: Recruit unit token at your base.
Kill this: Recycle up to 4 cards from trashes.","Riftbound Gear: Forge of the Future. When you play this, play a 1 [S] Recruit unit token at your base.
Kill this: Recycle up to 4 cards from trashes.",Envar Studio,portrait,https://cmsassets.rgpub.io/sanity/images/dsfx7636/game_data_live/8e6a76d28590bcd835b0a9a1e806fe0fa6883141-744x1039.png?accountingTag=RB
ogn-213-298,OGN-213/298,213,Hidden Blade,OGN,Origins,common,Common,Spell,,Order,2,,1,,"[Hidden] (Hide now for :rb_rune_rainbow: to react with later for :rb_energy_0:.)
[Action] (Play on your turn or in showdowns.)
Kill a unit at a battlefield. Its controller draws 2.","Riftbound Spell: Hidden Blade. [Hidden] (Hide now for [A] to react with later for [0].)
[Action] (Play on your turn or in showdowns.)
Kill a unit at a battlefield. Its controller draws 2.",Rafael Zanchetin,portrait,https://cmsassets.rgpub.io/sanity/images/dsfx7636/game_data_live/0437ab8a0b67f43ef5483a103bbae9e57fd05822-744x1039.png?accountingTag=RB
ogn-214a-298,OGN-214a/298,214,Order Rune,OGN,Origins,showcase,Showcase,Rune,Basic,Order,,,,,,Riftbound Rune: Order Rune.,Fairfoul,portrait,https://cmsassets.rgpub.io/sanity/images/dsfx7636/game_data_live/0e4904221c3bbbfcfde1734bc414dbe97c67e295-1488x2078.png?accountingTag=RB
ogn-214-298,OGN-214/298,214,Order Rune,OGN,Origins,common,Common,Rune,Basic,Order,,,,,,Riftbound Rune: Order Rune.,Greg Ghielmetti & Leah Chen,portrait,https://cmsassets.rgpub.io/sanity/images/dsfx7636/game_data_live/35ec6fdd2124324bb7052cba31c8c44f2e98f3ae-744x1039.png?accountingTag=RB
ogn-215-298,OGN-215/298,215,Petty Officer,OGN,Origins,common,Common,Unit,,Order,5,5,,"Pirate, Bilgewater",[Assault] (+1 :rb_might: while I'm an attacker.),Riftbound Unit: Petty Officer. [Assault] (+1 [S] while I'm an attacker.),Six More Vodka,portrait,https://cmsassets.rgpub.io/sanity/images/dsfx7636/game_data_live/29e062c4a38c0be12056568a2f8563557e2611c6-744x1039.png?accountingTag=RB
ogn-216-298,OGN-216/298,216,Soaring Scout,OGN,Origins,common,Common,Unit,,Order,2,1,,"Bird, Freljord","[Deathknell] — Channel 1 rune exhausted. (When I die, get the effect.)","Riftbound Unit: Soaring Scout. [Deathknell] — Channel 1 rune exhausted. (When I die, get the effect.)",Six More Vodka,portrait,https://cmsassets.rgpub.io/sanity/images/dsfx7636/game_data_live/75b6ce420888035b566c3795cabe0999a9a918b0-744x1039.png?accountingTag=RB
ogn-217-298,OGN-217/298,217,Trifarian Gloryseeker,OGN,Origins,common,Common,Unit,,Order,2,2,,"Trifarian, Noxus","[Legion] — When you play me, buff me. (If I don't have a buff, I get a +1 :rb_might: buff. Get the effect if you've played another card this turn.)","Riftbound Unit: Trifarian Gloryseeker. [Legion] — When you play me, buff me. (If I don't have a buff, I get a +1 [S] buff. Get the effect if you've played another card this turn.)",Six More Vodka,portrait,https://cmsassets.rgpub.io/sanity/images/dsfx7636/game_data_live/19ad6a0e743b56021b9651a2105034a488e172e8-744x1039.png?accountingTag=RB
ogn-218-298,OGN-218/298,218,Vanguard Captain,OGN,Origins,common,Common,Unit,,Order,3,3,1,"Elite, Demacia","[Legion] — When you play me, play two 1 :rb_might: Recruit unit tokens here. (Get the effect if you've played another card this turn.)","Riftbound Unit: Vanguard Captain. [Legion] — When you play me, play two 1 [S] Recruit unit tokens here. (Get the effect if you've played another card this turn.)",Six More Vodka,portrait,https://cmsassets.rgpub.io/sanity/images/dsfx7636/game_data_live/f0c9ddb2af7a0d4991938cf1e3058eb0f5d2e357-744x1039.png?accountingTag=RB
ogn-219-298,OGN-219/298,219,Vanguard Sergeant,OGN,Origins,common,Common,Unit,,Order,4,4,,"Elite, Demacia",,Riftbound Unit: Vanguard Sergeant.,Six More Vodka,portrait,https://cmsassets.rgpub.io/sanity/images/dsfx7636/game_data_live/6bcff5c718cfcff1c2466bf5e1a2a1ea9a9cf09b-744x1039.png?accountingTag=RB
ogn-220-298,OGN-220/298,220,Facebreaker,OGN,Origins,uncommon,Uncommon,Spell,,Order,2,,,,"[Hidden] (Hide now for :rb_rune_rainbow: to react with later for :rb_energy_0:.)
[Action] (Play on your turn or in showdowns.)
Stun a friendly unit and an enemy unit at the same battlefield. (They don't deal combat damage this turn.)","Riftbound Spell: Facebreaker. [Hidden] (Hide now for [A] to react with later for [0].)
[Action] (Play on your turn or in showdowns.)
Stun a friendly unit and an enemy unit at the same battlefield. (They don't deal combat damage this turn.)",Kudos Productions,portrait,https://cmsassets.rgpub.io/sanity/images/dsfx7636/game_data_live/b7cddc717b886bb955b900ffaae4db9154a19280-744x1039.png?accountingTag=RB
ogn-221-298,OGN-221/298,221,Imperial Decree,OGN,Origins,uncommon,Uncommon,Spell,,Order,5,,2,,"[Action] (Play on your turn or in showdowns.)
When any unit takes damage this turn, kill it.","Riftbound Spell: Imperial Decree. [Action] (Play on your turn or in showdowns.)
When any unit takes damage this turn, kill it.",Kudos Productions,portrait,https://cmsassets.rgpub.io/sanity/images/dsfx7636/game_data_live/fc6ab617f1ce20c82ed76dc6446d42d416c08b34-744x1039.png?accountingTag=RB
ogn-222-298,OGN-222/298,222,Noxian Drummer,OGN,Origins,uncommon,Uncommon,Unit,,Order,3,3,,"Trifarian, Noxus","When I move to a battlefield, play a 1 :rb_might: Recruit unit token here. (It is also at the battlefield.)","Riftbound Unit: Noxian Drummer. When I move to a battlefield, play a 1 [S] Recruit unit token here. (It is also at the battlefield.)",Six More Vodka,portrait,https://cmsassets.rgpub.io/sanity/images/dsfx7636/game_data_live/45a69adf92b6951c8c8fa974273c22aade312068-744x1039.png?accountingTag=RB
ogn-223-298,OGN-223/298,223,Peak Guardian,OGN,Origins,uncommon,Uncommon,Unit,,Order,6,5,1,Mount Targon,"When you play me, buff me. Then, if I am at a battlefield, buff all other friendly units there. (To buff a unit, give it a +1 :rb_might: buff if it doesn't already have one.)","Riftbound Unit: Peak Guardian. When you play me, buff me. Then, if I am at a battlefield, buff all other friendly units there. (To buff a unit, give it a +1 [S] buff if it doesn't already have one.)",Six More Vodka,portrait,https://cmsassets.rgpub.io/sanity/images/dsfx7636/game_data_live/bb56433bc032fd31a957923c43babc48b66db24c-744x1039.png?accountingTag=RB
ogn-224-298,OGN-224/298,224,Salvage,OGN,Origins,uncommon,Uncommon,Spell,,Order,2,,1,,"[Action] (Play on your turn or in showdowns.)
You may kill a gear. Draw 1.","Riftbound Spell: Salvage. [Action] (Play on your turn or in showdowns.)
You may kill a gear. Draw 1.",Kudos Productions,portrait,https://cmsassets.rgpub.io/sanity/images/dsfx7636/game_data_live/9bdbac358e7c9415c1354b6d1f6888dcf9c5519b-744x1039.png?accountingTag=RB
ogn-225-298,OGN-225/298,225,Solari Chief,OGN,Origins,uncommon,Uncommon,Unit,,Order,5,4,1,Mount Targon,"When you play me, choose an enemy unit. If it is stunned, kill it. Otherwise, stun it. (It doesn't deal combat damage this turn.)","Riftbound Unit: Solari Chief. When you play me, choose an enemy unit. If it is stunned, kill it. Otherwise, stun it. (It doesn't deal combat damage this turn.)",JiHun Lee,portrait,https://cmsassets.rgpub.io/sanity/images/dsfx7636/game_data_live/02fd791fdaa7d1c63221655e889fb412de103ca2-744x1039.png?accountingTag=RB
ogn-226-298,OGN-226/298,226,Spectral Matron,OGN,Origins,uncommon,Uncommon,Unit,,Order,4,4,2,"Spirit, Shadow Isles","When you play me, you may play a unit costing no more than :rb_energy_3: and no more than :rb_rune_rainbow: from your trash, ignoring its cost.","Riftbound Unit: Spectral Matron. When you play me, you may play a unit costing no more than [3] and no more than [A] from your trash, ignoring its cost.",Six More Vodka,portrait,https://cmsassets.rgpub.io/sanity/images/dsfx7636/game_data_live/c8aebd03c8722d485ebfc38774488778c756ff5c-744x1039.png?accountingTag=RB
ogn-227-298,OGN-227/298,227,Symbol of the Solari,OGN,Origins,uncommon,Uncommon,Gear,,Order,1,,,,"If a combat where you are the attacker ends in a tie, recall ALL units instead. (Send them to base. This isn't a move. Ties are calculated after combat damage is dealt.)","Riftbound Gear: Symbol of the Solari. If a combat where you are the attacker ends in a tie, recall ALL units instead. (Send them to base. This isn't a move. Ties are calculated after combat damage is dealt.)",Kudos Productions,portrait,https://cmsassets.rgpub.io/sanity/images/dsfx7636/game_data_live/d4f746c396df48623ef8a4df763b5deb47f59339-744x1039.png?accountingTag=RB
ogn-228-298,OGN-228/298,228,Vanguard Helm,OGN,Origins,uncommon,Uncommon,Gear,,Order,2,,,,"When a buffed friendly unit dies, buff another friendly unit. (If it doesn't have a buff, it gets a +1 :rb_might: buff.)","Riftbound Gear: Vanguard Helm. When a buffed friendly unit dies, buff another friendly unit. (If it doesn't have a buff, it gets a +1 [S] buff.)",Kudos Productions,portrait,https://cmsassets.rgpub.io/sanity/images/dsfx7636/game_data_live/9718c666cbf789a572760c826d0a06b26b787ae5-744x1039.png?accountingTag=RB
ogn-229-298,OGN-229/298,229,Vengeance,OGN,Origins,uncommon,Uncommon,Spell,,Order,4,,2,,Kill a unit.,Riftbound Spell: Vengeance. Kill a unit.,Max Grecke,portrait,https://cmsassets.rgpub.io/sanity/images/dsfx7636/game_data_live/a21e2ffee47ecdd1575bf48edb8c2a84722cc6b9-744x1039.png?accountingTag=RB
ogn-230-298,OGN-230/298,230,Albus Ferros,OGN,Origins,rare,Rare,Unit,,Order,4,3,,Piltover,"When you play me, spend any number of buffs. For each buff spent, channel 1 rune exhausted.","Riftbound Unit: Albus Ferros. When you play me, spend any number of buffs. For each buff spent, channel 1 rune exhausted.",Kudos Productions,portrait,https://cmsassets.rgpub.io/sanity/images/dsfx7636/game_data_live/ec0be8d2a79196b689fccf9ee42ce8baa7e9c35e-744x1039.png?accountingTag=RB
ogn-231-298,OGN-231/298,231,Commander Ledros,OGN,Origins,rare,Rare,Unit,,Order,6,8,4,"Spirit, Shadow Isles","As you play me, you may kill any number of friendly units as an additional cost. Reduce my cost by :rb_rune_order: for each killed this way.
[Deflect] (Opponents must pay :rb_rune_rainbow: to choose me with a spell or ability.)
[Ganking] (I can move from battlefield to battlefield.)","Riftbound Unit: Commander Ledros. As you play me, you may kill any number of friendly units as an additional cost. Reduce my cost by [C] for each killed this way.
[Deflect] (Opponents must pay [A] to choose me with a spell or ability.)
[Ganking] (I can move from battlefield to battlefield.)",Six More Vodka,portrait,https://cmsassets.rgpub.io/sanity/images/dsfx7636/game_data_live/1183be5effc6275f17da09b983feb36632752af4-744x1039.png?accountingTag=RB
ogn-232-298,OGN-232/298,232,"Fiora, Victorious",OGN,Origins,rare,Rare,Unit,Champion,Order,4,4,,"Fiora, Demacia","While I'm [Mighty], I have [Deflect], [Ganking], and [Shield]. (I'm Mighty while I have 5+ :rb_might:.)","Riftbound Unit: Fiora, Victorious. While I'm [Mighty], I have [Deflect], [Ganking], and [Shield]. (I'm Mighty while I have 5+ [S].)",Six More Vodka,portrait,https://cmsassets.rgpub.io/sanity/images/dsfx7636/game_data_live/24d4d1997e6a5b145412e402fc69399d590ecda0-744x1039.png?accountingTag=RB
ogn-233-298,OGN-233/298,233,Grand Strategem,OGN,Origins,rare,Rare,Spell,,Order,6,,3,,"[Action] (Play on your turn or in showdowns.)
Give friendly units +5 :rb_might: this turn.","Riftbound Spell: Grand Strategem. [Action] (Play on your turn or in showdowns.)
Give friendly units +5 [S] this turn.",Kudos Productions,portrait,https://cmsassets.rgpub.io/sanity/images/dsfx7636/game_data_live/bda7514aefa94ac3f368690cdd2d0f955d44c089-744x1039.png?accountingTag=RB
ogn-234-298,OGN-234/298,234,Harnessed Dragon,OGN,Origins,rare,Rare,Unit,,Order,8,6,2,"Dragon, Demacia","When you play me, kill an enemy unit.","Riftbound Unit: Harnessed Dragon. When you play me, kill an enemy unit.",Envar Studio,portrait,https://cmsassets.rgpub.io/sanity/images/dsfx7636/game_data_live/00bc15bc1c2f5b8e6d1713819998df1c04864dcb-744x1039.png?accountingTag=RB
ogn-235-298,OGN-235/298,235,"Karma, Channeler",OGN,Origins,rare,Rare,Unit,Champion,Order,6,6,1,"Vi, Ionia","[Vision] (When you play me, look at the top card of your Main Deck. You may recycle it.)
When you recycle one or more cards, buff a friendly unit. (If it doesn't have a buff, it gets a +1 :rb_might: buff. Runes aren't cards.)","Riftbound Unit: Karma, Channeler. [Vision] (When you play me, look at the top card of your Main Deck. You may recycle it.)
When you recycle one or more cards, buff a friendly unit. (If it doesn't have a buff, it gets a +1 [M] buff. Runes aren't cards.)",Six More Vodka,portrait,https://cmsassets.rgpub.io/sanity/images/dsfx7636/game_data_live/aca8664b334f2fa40cc7bae2811dd4e1b4f06388-744x1039.png?accountingTag=RB
ogn-236-298,OGN-236/298,236,"Karthus, Eternal",OGN,Origins,rare,Rare,Unit,Champion,Order,3,3,1,"Spirit, Karthus, Shadow Isles",Your [Deathknell] effects trigger an additional time.,"Riftbound Unit: Karthus, Eternal. Your [Deathknell] effects trigger an additional time.",League Splash Team,portrait,https://cmsassets.rgpub.io/sanity/images/dsfx7636/game_data_live/df3497ce6a602da554813340f572240675c7f0e2-744x1039.png?accountingTag=RB
ogn-237-298,OGN-237/298,237,King's Edict,OGN,Origins,rare,Rare,Spell,,Order,6,,2,,"Starting with the next player, each other player chooses a unit you don't control that hasn't been chosen for this spell. Kill those units.","Riftbound Spell: King's Edict. Starting with the next player, each other player chooses a unit you don't control that hasn't been chosen for this spell. Kill those units.",Kudos Productions,portrait,https://cmsassets.rgpub.io/sanity/images/dsfx7636/game_data_live/ec1b8b98e1ca7a34939322883309c71605bb8bc5-744x1039.png?accountingTag=RB
ogn-238-298,OGN-238/298,238,"Leona, Determined",OGN,Origins,rare,Rare,Unit,Champion,Order,4,4,1,"Leona, Mount Targon","[Shield] (+1 :rb_might: while I'm a defender.)
When I attack, stun an enemy unit here. (It doesn't deal combat damage this turn.)","Riftbound Unit: Leona, Determined. [Shield] (+1 [S] while I'm a defender.)
When I attack, stun an enemy unit here. (It doesn't deal combat damage this turn.)",Six More Vodka,portrait,https://cmsassets.rgpub.io/sanity/images/dsfx7636/game_data_live/39a1e121031cfb4bdb009b071ed5d70411966cd9-744x1039.png?accountingTag=RB
ogn-238a-298,OGN-238a/298,238,"Leona, Determined",OGN,Origins,showcase,Showcase,Unit,Champion,Order,4,4,1,"Leona, Mount Targon","[Shield] (+1 :rb_might: while I'm a defender.)
When I attack, stun an enemy unit here. (It doesn't deal combat damage this turn.)","Riftbound Unit: Leona, Determined. [Shield] (+1 [S] while I'm a defender.)
When I attack, stun an enemy unit here. (It doesn't deal combat damage this turn.)",League Splash Team,portrait,https://cmsassets.rgpub.io/sanity/images/dsfx7636/game_data_live/1ed0250f1d3bbbbde49b3ce1fc2e744e4da64baa-744x1039.png?accountingTag=RB
ogn-239-298,OGN-239/298,239,Machine Evangel,OGN,Origins,rare,Rare,Unit,,Order,5,4,1,Piltover,"[Deathknell] — Play three 1 :rb_might: Recruit unit tokens into your base. (When I die, get the effect.)","Riftbound Unit: Machine Evangel. [Deathknell] — Play three 1 [S] Recruit unit tokens into your base. (When I die, get the effect.)",Kudos Productions,portrait,https://cmsassets.rgpub.io/sanity/images/dsfx7636/game_data_live/ad15d4ff89548e83dcede9b209b12233652cf3a1-744x1039.png?accountingTag=RB
ogn-240-298,OGN-240/298,240,"Sett, Kingpin",OGN,Origins,rare,Rare,Unit,Champion,Order,4,5,1,"Sett, Ionia","[Tank] (I must be assigned combat damage first.)
I get +1 :rb_might: for each buffed friendly unit at my battlefield.","Riftbound Unit: Sett, Kingpin. [Tank] (I must be assigned combat damage first.)
I get +1 [S] for each buffed friendly unit at my battlefield.",League Splash Team,portrait,https://cmsassets.rgpub.io/sanity/images/dsfx7636/game_data_live/bd43f1dcef824b66f1af994b59b961fc3705f9c3-744x1039.png?accountingTag=RB
ogn-240a-298,OGN-240a/298,240,"Sett, Kingpin",OGN,Origins,showcase,Showcase,Unit,Champion,Order,4,5,1,"Sett, Ionia","[Tank] (I must be assigned combat damage first.)
I get +1 :rb_might: for each buffed friendly unit at my battlefield.","Riftbound Unit: Sett, Kingpin. [Tank] (I must be assigned combat damage first.)
I get +1 [S] for each buffed friendly unit at my battlefield.",Wild Rift Splash Team,portrait,https://cmsassets.rgpub.io/sanity/images/dsfx7636/game_data_live/010bbd89c60c57dc508f6b22201d31bb188f84d6-744x1039.png?accountingTag=RB
ogn-241-298,OGN-241/298,241,"Shen, Kinkou",OGN,Origins,rare,Rare,Unit,Champion,Order,3,3,1,"Shen, Ionia","[Reaction] (Play any time, even before spells and abilities resolve, including to a battlefield you control.)
[Shield 2] (+2 :rb_might: while I'm a defender.)
[Tank] (I must be assigned combat damage first.)","Riftbound Unit: Shen, Kinkou. [Reaction] (Play any time, even before spells and abilities resolve, including to a battlefield you control.)
[Shield 2] (+2 [S] while I'm a defender.)
[Tank] (I must be assigned combat damage first.)",Six More Vodka,portrait,https://cmsassets.rgpub.io/sanity/images/dsfx7636/game_data_live/25f3a9fa33201278ebf475b2d02dae8c0c0cb20c-744x1039.png?accountingTag=RB
ogn-242-298,OGN-242/298,242,Baited Hook,OGN,Origins,epic,Epic,Gear,,Order,3,,,,":rb_energy_1::rb_rune_order:, :rb_exhaust:: Kill a friendly unit. Look at the top 5 cards of your Main Deck. You may banish a unit from among them that has Might up to 1 more than the killed unit and play it, ignoring its cost. Then recycle the rest.","Riftbound Gear: Baited Hook. [1][C], [E]: Kill a friendly unit. Look at the top 5 cards of your Main Deck. You may banish a unit from among them that has Might up to 1 more than the killed unit and play it, ignoring its cost. Then recycle the rest.",Kudos Productions,portrait,https://cmsassets.rgpub.io/sanity/images/dsfx7636/game_data_live/7b4e6a1e32878a7d5fe4e40869c83e47ea08de7c-744x1039.png?accountingTag=RB
ogn-243-298,OGN-243/298,243,"Darius, Executioner",OGN,Origins,epic,Epic,Unit,Champion,Order,6,6,1,"Trifarian, Darius, Noxus","[Legion] — When you play me, ready me. (Get the effect if you've played another card this turn)
Other friendly units have +1 :rb_might: here.","Riftbound Unit: Darius, Executioner. [Legion] — When you play me, ready me. (Get the effect if you've played another card this turn)
Other friendly units have +1 [S] here.",Six More Vodka,portrait,https://cmsassets.rgpub.io/sanity/images/dsfx7636/game_data_live/7b71cf13a07074a6eccbe88ae6c74133d989cb68-744x1039.png?accountingTag=RB
ogn-243a-298,OGN-243a/298,243,"Darius, Executioner",OGN,Origins,showcase,Showcase,Unit,Champion,Order,6,6,1,"Trifarian, Darius, Noxus","[Legion] — When you play me, ready me. (Get the effect if you've played another card this turn)
Other friendly units have +1 :rb_might: here.","Riftbound Unit: Darius, Executioner. [Legion] — When you play me, ready me. (Get the effect if you've played another card this turn)
Other friendly units have +1 [S] here.",League Splash Team,portrait,https://cmsassets.rgpub.io/sanity/images/dsfx7636/game_data_live/76a697f29d4fc3cd9a5e9a0ce79f229d26bc0c90-744x1039.png?accountingTag=RB
ogn-244-298,OGN-244/298,244,Divine Judgment,OGN,Origins,epic,Epic,Spell,,Order,7,,2,,"Each player chooses 2 units, 2 gear, 2 runes, and 2 cards in their hands. Recycle the rest.","Riftbound Spell: Divine Judgment. Each player chooses 2 units, 2 gear, 2 runes, and 2 cards in their hands. Recycle the rest.",Kudos Productions,portrait,https://cmsassets.rgpub.io/sanity/images/dsfx7636/game_data_live/995778eea2e24fdc62ade38c2baa25b9f1e6ab79-744x1039.png?accountingTag=RB
ogn-245-298,OGN-245/298,245,Seal of Unity,OGN,Origins,epic,Epic,Gear,,Order,0,,1,,:rb_exhaust:: [Reaction] — [Add] :rb_rune_order:. (Abilities that add resources can't be reacted to.),Riftbound Gear: Seal of Unity. [T]: [Reaction] — [Add] [C]. (Abilities that add resources can't be reacted to.),Kudos Productions,portrait,https://cmsassets.rgpub.io/sanity/images/dsfx7636/game_data_live/e6fbd41d69bc0d235ea7993d2e9fa74e75e17dff-744x1039.png?accountingTag=RB
ogn-246-298,OGN-246/298,246,"Viktor, Leader",OGN,Origins,epic,Epic,Unit,Champion,Order,4,4,1,"Viktor, Zaun","When another non-Recruit unit you control dies, play a 1 :rb_might: Recruit unit token into your base.","Riftbound Unit: Viktor, Leader. When another non-Recruit unit you control dies, play a 1 [S] Recruit unit token into your base.",League Splash Team,portrait,https://cmsassets.rgpub.io/sanity/images/dsfx7636/game_data_live/ab390d6d074c3f07abba000cc166faa1796ec464-744x1039.png?accountingTag=RB
ogn-246a-298,OGN-246a/298,246,"Viktor, Leader",OGN,Origins,showcase,Showcase,Unit,Champion,Order,4,4,1,"Viktor, Zaun","When another non-Recruit unit you control dies, play a 1 :rb_might: Recruit unit token into your base.","Riftbound Unit: Viktor, Leader. When another non-Recruit unit you control dies, play a 1 [S] Recruit unit token into your base.",League Splash Team,portrait,https://cmsassets.rgpub.io/sanity/images/dsfx7636/game_data_live/19b66f8eccd6d6e9d41048f73e44660f1cf77068-744x1039.png?accountingTag=RB
ogn-247-298,OGN-247/298,247,Daughter of the Void,OGN,Origins,rare,Rare,Legend,Champion,"Fury, Mind",,,,Kai'Sa,:rb_exhaust:: [Reaction] — [Add] :rb_rune_rainbow:. Use only to play spells. (Abilities that add resources can't be reacted to.),Riftbound Legend: Daughter of the Void. [T]: [Reaction] — [Add] [C]. Use only to play spells. (Abilities that add resources can't be reacted to.),Kudos Productions,portrait,https://cmsassets.rgpub.io/sanity/images/dsfx7636/game_data_live/a576472c7bb00f475882ac814e1d8f9be233b402-744x1040.png?accountingTag=RB
ogn-248-298,OGN-248/298,248,Icathian Rain,OGN,Origins,epic,Epic,Spell,Signature,"Fury, Mind",7,,3,Kai'Sa,"Deal 2 to a unit.
Deal 2 to a unit.
Deal 2 to a unit.
Deal 2 to a unit.
Deal 2 to a unit.
Deal 2 to a unit.","Riftbound Spell: Icathian Rain. Deal 2 to a unit.
Deal 2 to a unit.
Deal 2 to a unit.
Deal 2 to a unit.
Deal 2 to a unit.
Deal 2 to a unit.",Kudos Productions,portrait,https://cmsassets.rgpub.io/sanity/images/dsfx7636/game_data_live/8df37f633d3da734f3f2d85808a7cb9eadec1b04-744x1039.png?accountingTag=RB
ogn-249-298,OGN-249/298,249,Relentless Storm,OGN,Origins,rare,Rare,Legend,Champion,"Fury, Body",,,,Volibear,"When you play a [Mighty] unit, you may exhaust me to channel 1 rune exhausted. (A unit is Mighty while it has 5+ :rb_might:.)","Riftbound Legend: Relentless Storm. When you play a [Mighty] unit, you may exhaust me to channel 1 rune exhausted. (A unit is Mighty while it has 5+ [S].)",Grafit Studio,portrait,https://cmsassets.rgpub.io/sanity/images/dsfx7636/game_data_live/f1842ef373434db3e8109d8959832f9d184866c3-744x1040.png?accountingTag=RB
ogn-250-298,OGN-250/298,250,Stormbringer,OGN,Origins,epic,Epic,Spell,Signature,"Fury, Body",6,,2,Volibear,"Choose a friendly unit in your base. Deal damage equal to its Might to all enemy units at a battlefield, then move your unit there.","Riftbound Spell: Stormbringer. Choose a friendly unit in your base. Deal damage equal to its Might to all enemy units at a battlefield, then move your unit there.",Kudos Productions,portrait,https://cmsassets.rgpub.io/sanity/images/dsfx7636/game_data_live/d86c4137cc7f77f103cd7d6228125df8cb9a54e1-744x1039.png?accountingTag=RB
ogn-251-298,OGN-251/298,251,Loose Cannon,OGN,Origins,rare,Rare,Legend,,"Fury, Chaos",,,,Jinx,"At start of your Beginning Phase, draw 1 if you have one or fewer cards in your hand.","Riftbound Legend: Loose Cannon. At start of your Beginning Phase, draw 1 if you have one or fewer cards in your hand.",Sugar Free,portrait,https://cmsassets.rgpub.io/sanity/images/dsfx7636/game_data_live/f57c14381b126e9f5a7b5bc4913151cb24c14fc3-744x1039.png?accountingTag=RB
ogn-252-298,OGN-252/298,252,Super Mega Death Rocket!,OGN,Origins,epic,Epic,Spell,Signature,"Fury, Chaos",4,,1,Jinx,"Deal 5 to a unit.
When you conquer, you may discard 1 to return this from your trash to your hand.","Riftbound Spell: Super Mega Death Rocket!. Deal 5 to a unit.
When you conquer, you may discard 1 to return this from your trash to your hand.",Kudos Productions,portrait,https://cmsassets.rgpub.io/sanity/images/dsfx7636/game_data_live/95d6fd4d7944e759cfe7ee5e208fa329b719333b-744x1039.png?accountingTag=RB
ogn-253-298,OGN-253/298,253,Hand of Noxus,OGN,Origins,rare,Rare,Legend,,"Fury, Order",,,,Darius,":rb_exhaust:: [Reaction], [Legion] — [Add] :rb_energy_1:. (Abilities that add resources can't be reacted to. Get the effect if you've played a card this turn.)","Riftbound Legend: Hand of Noxus. [T]: [Reaction], [Legion] — [Add] [1]. (Abilities that add resources can't be reacted to. Get the effect if you've played a card this turn.)",Six More Vodka,portrait,https://cmsassets.rgpub.io/sanity/images/dsfx7636/game_data_live/5b9a904048b7fb936377844ec2d31564b7fedf81-744x1039.png?accountingTag=RB
ogn-254-298,OGN-254/298,254,Noxian Guillotine,OGN,Origins,epic,Epic,Spell,Signature,"Fury, Order",4,,1,Darius,"[Action] (Play on your turn or in showdowns.)
Choose a unit. Kill it the next time it takes damage this turn.
[Legion] — Kill it now instead. (Get the effect if you've played another card this turn.)","Riftbound Spell: Noxian Guillotine. [Action] (Play on your turn or in showdowns.)
Choose a unit. Kill it the next time it takes damage this turn.
[Legion] — Kill it now instead. (Get the effect if you've played another card this turn.)",Kudos Productions,portrait,https://cmsassets.rgpub.io/sanity/images/dsfx7636/game_data_live/57f646b0393b58b657cfabf66357d9fc4a34e046-744x1039.png?accountingTag=RB
ogn-255-298,OGN-255/298,255,Nine-Tailed Fox,OGN,Origins,rare,Rare,Legend,Champion,"Calm, Mind",,,,Ahri,"When an enemy unit attacks a battlefield you control, give it -1 :rb_might: this turn, to a minimum of 1 :rb_might:.","Riftbound Legend: Nine-Tailed Fox. When an enemy unit attacks a battlefield you control, give it -1 [S] this turn, to a minimum of 1 [S].",Envar Studio,portrait,https://cmsassets.rgpub.io/sanity/images/dsfx7636/game_data_live/fbce641f5e4d8cdf2956e8ead5884b6cd3ccd90d-744x1040.png?accountingTag=RB
ogn-256-298,OGN-256/298,256,Fox-Fire,OGN,Origins,epic,Epic,Spell,Signature,"Calm, Mind",3,,,Ahri,"[Hidden] (Hide now for :rb_rune_rainbow: to react with later for :rb_energy_0:.)
[Action] (Play on your turn or in showdowns.)
Kill any number of units at a battlefield with total Might 4 or less.","Riftbound Spell: Fox-Fire. [Hidden] (Hide now for [A] to react with later for [0].)
[Action] (Play on your turn or in showdowns.)
Kill any number of units at a battlefield with total Might 4 or less.",League Splash Team,portrait,https://cmsassets.rgpub.io/sanity/images/dsfx7636/game_data_live/7ad9d6a46a1c54080d54950a0044da3a82e32b45-744x1039.png?accountingTag=RB
ogn-257-298,OGN-257/298,257,Blind Monk,OGN,Origins,rare,Rare,Legend,,"Calm, Body",,,,Lee Sin,":rb_energy_1:, :rb_exhaust:: Buff a friendly unit. (If it doesn't have a buff, it gets a +1 :rb_might: buff.)","Riftbound Legend: Blind Monk. [1], [T]: Buff a friendly unit. (If it doesn't have a buff, it gets a +1 [S] buff.)",Six More Vodka,portrait,https://cmsassets.rgpub.io/sanity/images/dsfx7636/game_data_live/ffe064e002d3b9a366748eb85102a769b2545835-744x1039.png?accountingTag=RB
ogn-258-298,OGN-258/298,258,Dragon's Rage,OGN,Origins,epic,Epic,Spell,Signature,"Calm, Body",4,,1,Lee Sin,Move an enemy unit. Then choose another enemy unit at its destination. They deal damage equal to their Mights to each other.,Riftbound Spell: Dragon's Rage. Move an enemy unit. Then choose another enemy unit at its destination. They deal damage equal to their Mights to each other.,Kudos Productions,portrait,https://cmsassets.rgpub.io/sanity/images/dsfx7636/game_data_live/7f4cbd4fb340cc13b3fbe0ec0db706464d9b29f4-744x1039.png?accountingTag=RB
ogn-259-298,OGN-259/298,259,Unforgiven,OGN,Origins,rare,Rare,Legend,Champion,"Calm, Chaos",,,,Yasuo,":rb_energy_2:, :rb_exhaust:: Move a friendly unit to or from its base.","Riftbound Legend: Unforgiven. [2], [T]: Move a friendly unit to or from its base.",TSWCK逍,portrait,https://cmsassets.rgpub.io/sanity/images/dsfx7636/game_data_live/68e4d3230b785738ae9d86f780f7f5607ef11807-744x1040.png?accountingTag=RB
ogn-260-298,OGN-260/298,260,Last Breath,OGN,Origins,epic,Epic,Spell,Signature,"Calm, Chaos",3,,2,Yasuo,"[Action] (Play on your turn or in showdowns.)
Ready a friendly unit. It deals damage equal to its Might to an enemy unit at a battlefield.","Riftbound Spell: Last Breath. [Action] (Play on your turn or in showdowns.)
Ready a friendly unit. It deals damage equal to its Might to an enemy unit at a battlefield.",Kudos Productions,portrait,https://cmsassets.rgpub.io/sanity/images/dsfx7636/game_data_live/e7e6dc840210124825f787095541a66ae5cea178-744x1039.png?accountingTag=RB
ogn-261-298,OGN-261/298,261,Radiant Dawn,OGN,Origins,rare,Rare,Legend,,"Calm, Order",,,,Leona,"When you stun one or more enemy units, buff a friendly unit. (If it doesn't have a buff, it gets a +1 :rb_might: buff.)","Riftbound Legend: Radiant Dawn. When you stun one or more enemy units, buff a friendly unit. (If it doesn't have a buff, it gets a +1 [S] buff.)",Six More Vodka,portrait,https://cmsassets.rgpub.io/sanity/images/dsfx7636/game_data_live/822b8bc7987a47498550708b18ef166b121fd620-744x1039.png?accountingTag=RB
ogn-262-298,OGN-262/298,262,Zenith Blade,OGN,Origins,epic,Epic,Spell,Signature,"Calm, Order",3,,2,Leona,"[Action] (Play on your turn or in showdowns.)
Stun an enemy unit at a battlefield. You may move a friendly unit to that enemy unit's battlefield. (A stunned unit doesn't deal combat damage this turn.)","Riftbound Spell: Zenith Blade. [Action] (Play on your turn or in showdowns.)
Stun an enemy unit at a battlefield. You may move a friendly unit to that enemy unit's battlefield. (A stunned unit doesn't deal combat damage this turn.)",Kudos Productions,portrait,https://cmsassets.rgpub.io/sanity/images/dsfx7636/game_data_live/a572f0bc3ed1bd47c5759d36f5b951b15338e57e-744x1039.png?accountingTag=RB
ogn-263-298,OGN-263/298,263,Swift Scout,OGN,Origins,rare,Rare,Legend,,"Mind, Chaos",,,,Teemo,"You may pay :rb_energy_1: to hide a card with [Hidden] instead of :rb_rune_rainbow:.
:rb_energy_1:, :rb_exhaust:: Put a Teemo unit you own into your hand from your Champion Zone or the board.","Riftbound Legend: Swift Scout. You may pay [1] to hide a card with [Hidden] instead of [C].
[1], [T]: Put a Teemo unit you own into your hand from your Champion Zone or the board.",Shawn Lee,portrait,https://cmsassets.rgpub.io/sanity/images/dsfx7636/game_data_live/9723181e3392bb61c2aabc804a44f7b0558cedf1-744x1039.png?accountingTag=RB
ogn-264-298,OGN-264/298,264,Guerilla Warfare,OGN,Origins,epic,Epic,Spell,Signature,"Mind, Chaos",2,,1,Teemo,Return up to two cards with [Hidden] from your trash to your hand. You can hide cards ignoring costs this turn.,Riftbound Spell: Guerilla Warfare. Return up to two cards with [Hidden] from your trash to your hand. You can hide cards ignoring costs this turn.,Kudos Productions,portrait,https://cmsassets.rgpub.io/sanity/images/dsfx7636/game_data_live/3a1f70e49f1fdbac907a3395f517e96717e8afea-744x1039.png?accountingTag=RB
ogn-265-298,OGN-265/298,265,Herald of the Arcane,OGN,Origins,rare,Rare,Legend,,"Mind, Order",,,,Viktor,":rb_energy_1:, :rb_exhaust:: Play a 1 :rb_might: Recruit unit token.","Riftbound Legend: Herald of the Arcane. [1], [T]: Play a 1 [S] Recruit unit token.",Fortiche Production,portrait,https://cmsassets.rgpub.io/sanity/images/dsfx7636/game_data_live/913236dabf1e4f71650bbba46870fff8163e2eff-744x1039.png?accountingTag=RB
ogn-266-298,OGN-266/298,266,Siphon Power,OGN,Origins,epic,Epic,Spell,Signature,"Mind, Order",2,,1,Viktor,"[Reaction] (Play any time, even before spells and abilities resolve.)
Choose a battlefield. Give friendly units there +1 :rb_might: this turn and enemy units there -1 :rb_might: this turn, to a minimum of 1 :rb_might:.","Riftbound Spell: Siphon Power. [Reaction] (Play any time, even before spells and abilities resolve.)
Choose a battlefield. Give friendly units there +1 [S] this turn and enemy units there -1 [S] this turn, to a minimum of 1 [S].",Kudos Productions,portrait,https://cmsassets.rgpub.io/sanity/images/dsfx7636/game_data_live/b449170ba312711c82708d1fea2b044822ce5eaa-744x1039.png?accountingTag=RB
ogn-267-298,OGN-267/298,267,Bounty Hunter,OGN,Origins,rare,Rare,Legend,Champion,"Body, Chaos",,,,Miss Fortune,:rb_exhaust:: Give a unit [Ganking] this turn. (It can move from battlefield to battlefield.),Riftbound Legend: Bounty Hunter. [T]: Give a unit [Ganking] this turn. (It can move from battlefield to battlefield.),Six More Vodka,portrait,https://cmsassets.rgpub.io/sanity/images/dsfx7636/game_data_live/cc11261fcdbf0851525030bd9e835b718efad3bc-744x1040.png?accountingTag=RB
ogn-268-298,OGN-268/298,268,Bullet Time,OGN,Origins,epic,Epic,Spell,Signature,"Body, Chaos",1,,,Miss Fortune,"[Action] (Play on your turn or in showdowns.)
Pay any amount of :rb_rune_rainbow: to deal that much damage to all enemy units at a battlefield.","Riftbound Spell: Bullet Time. [Action] (Play on your turn or in showdowns.)
Pay any amount of [C] to deal that much damage to all enemy units at a battlefield.",Kudos Productions,portrait,https://cmsassets.rgpub.io/sanity/images/dsfx7636/game_data_live/96ed7f6b121a7f46003534393350838efe2776f0-744x1039.png?accountingTag=RB
ogn-269-298,OGN-269/298,269,The Boss,OGN,Origins,rare,Rare,Legend,,"Body, Order",,,,Sett,"When a buffed unit you control would die, you may pay :rb_rune_rainbow: and exhaust me to spend its buff and recall it exhausted instead. (Send it to base. This isn't a move.)
When you conquer, ready me.","Riftbound Legend: The Boss. When a buffed unit you control would die, you may pay [C] and exhaust me to spend its buff and recall it exhausted instead. (Send it to base. This isn't a move.)
When you conquer, ready me.",Envar Studio,portrait,https://cmsassets.rgpub.io/sanity/images/dsfx7636/game_data_live/b132becb843b2cf418cb110ead64758f49f51554-744x1039.png?accountingTag=RB
ogn-270-298,OGN-270/298,270,Showstopper,OGN,Origins,epic,Epic,Spell,Signature,"Body, Order",1,,1,Sett,"Buff a friendly unit in your base, then move it to a battlefield. (If it doesn't have a buff, it gets a +1 :rb_might: buff.)","Riftbound Spell: Showstopper. Buff a friendly unit in your base, then move it to a battlefield. (If it doesn't have a buff, it gets a +1 [S] buff.)",Kudos Productions,portrait,https://cmsassets.rgpub.io/sanity/images/dsfx7636/game_data_live/c9b6f7a7cca1589fb53276f74ac8bc547b31e5ec-744x1039.png?accountingTag=RB
ogn-271-298,OGN-271/298,271,Recruit (DE),OGN,Origins,common,Common,Unit,Token,Colorless,,1,,Recruit,,Riftbound Unit: Recruit (DE).,Six More Vodka,portrait,https://cmsassets.rgpub.io/sanity/images/dsfx7636/game_data_live/7c3362dc6e6e6fb724ef31b061a44d2976f5b01f-744x1039.png?accountingTag=RB
ogn-272-298,OGN-272/298,272,Recruit (NX),OGN,Origins,common,Common,Unit,Token,Colorless,,1,,Recruit,,Riftbound Unit: Recruit (NX).,Six More Vodka,portrait,https://cmsassets.rgpub.io/sanity/images/dsfx7636/game_data_live/c168ca334739090a060710dfc440982c3462ac8c-744x1039.png?accountingTag=RB
ogn-273-298,OGN-273/298,273,Recruit (ZN),OGN,Origins,common,Common,Unit,Token,Colorless,,1,,Recruit,,Riftbound Unit: Recruit (ZN).,Fortiche Production,portrait,https://cmsassets.rgpub.io/sanity/images/dsfx7636/game_data_live/d93ec9a524a2989b9d7ef23c6fc02e8ce39959c2-744x1039.png?accountingTag=RB
ogn-274-298,OGN-274/298,274,Sprite,OGN,Origins,common,Common,Unit,Token,Colorless,,3,,Fae,"[Temporary] (Kill me at the start of your Beginning Phase, before scoring.)","Riftbound Unit: Sprite. [Temporary] (Kill me at the start of your Beginning Phase, before scoring.)",Envar Studio,portrait,https://cmsassets.rgpub.io/sanity/images/dsfx7636/game_data_live/055892752559d2d3d32e76f491a7a0b540e1a669-744x1039.png?accountingTag=RB
ogn-275-298,OGN-275/298,275,Altar to Unity,OGN,Origins,uncommon,Uncommon,Battlefield,,Colorless,,,,,"When you hold here, play a 1 :rb_might: Recruit unit token in your base.","Riftbound Battlefield: Altar to Unity. When you hold here, play a 1 [S] Recruit unit token in your base.",Kudos Productions,landscape,https://cmsassets.rgpub.io/sanity/images/dsfx7636/game_data_live/2392529560dc9af72596c6fc65b4c0356bbc44d1-1038x744.png?accountingTag=RB
ogn-276-298,OGN-276/298,276,Aspirant's Climb,OGN,Origins,uncommon,Uncommon,Battlefield,,Colorless,,,,,Increase the points needed to win the game by 1.,Riftbound Battlefield: Aspirant's Climb. Increase the points needed to win the game by 1.,Polar Engine Studio,landscape,https://cmsassets.rgpub.io/sanity/images/dsfx7636/game_data_live/9301593f3800e68427469d38181b578a672473c3-1038x744.png?accountingTag=RB
ogn-277-298,OGN-277/298,277,Back-Alley Bar,OGN,Origins,uncommon,Uncommon,Battlefield,,Colorless,,,,,"When a unit moves from here, give it +1 :rb_might: this turn.","Riftbound Battlefield: Back-Alley Bar. When a unit moves from here, give it +1 [S] this turn.",Kudos Productions,landscape,https://cmsassets.rgpub.io/sanity/images/dsfx7636/game_data_live/3e9f659a32e390b45bc87a01bdd6af4a8a3565f7-1038x744.png?accountingTag=RB
ogn-278-298,OGN-278/298,278,Bandle Tree,OGN,Origins,uncommon,Uncommon,Battlefield,,Colorless,,,,,You may hide an additional card here.,Riftbound Battlefield: Bandle Tree. You may hide an additional card here.,Kudos Productions,landscape,https://cmsassets.rgpub.io/sanity/images/dsfx7636/game_data_live/538f93a34006c4afaddb890cbc75b4db222f1783-1038x744.png?accountingTag=RB
ogn-279-298,OGN-279/298,279,Fortified Position,OGN,Origins,uncommon,Uncommon,Battlefield,,Colorless,,,,,"When you defend here, choose a unit. It gains [Shield 2] this combat. (+2 :rb_might: while it's a defender.)","Riftbound Battlefield: Fortified Position. When you defend here, choose a unit. It gains [Shield 2] this combat. (+2 [S] while it's a defender.)",Six More Vodka,landscape,https://cmsassets.rgpub.io/sanity/images/dsfx7636/game_data_live/45363bbd907f4f3717868cb04b3cfed814b3bb32-1038x744.png?accountingTag=RB
ogn-280-298,OGN-280/298,280,Grove of the God-Willow,OGN,Origins,uncommon,Uncommon,Battlefield,,Colorless,,,,,"When you hold here, draw 1.","Riftbound Battlefield: Grove of the God-Willow. When you hold here, draw 1.",Kudos Productions,landscape,https://cmsassets.rgpub.io/sanity/images/dsfx7636/game_data_live/1574863000ab23d69cbd388a32b1a09f29f78d5f-1038x744.png?accountingTag=RB
ogn-281-298,OGN-281/298,281,Hallowed Tomb,OGN,Origins,uncommon,Uncommon,Battlefield,,Colorless,,,,,"When you hold here, you may return your Chosen Champion from your trash to your Champion Zone if it is empty.","Riftbound Battlefield: Hallowed Tomb. When you hold here, you may return your Chosen Champion from your trash to your Champion Zone if it is empty.",Kudos Productions,landscape,https://cmsassets.rgpub.io/sanity/images/dsfx7636/game_data_live/3e37a8cafd836680f82c31894de7f84818ebd952-1038x744.png?accountingTag=RB
ogn-282-298,OGN-282/298,282,Monastery of Hirana,OGN,Origins,uncommon,Uncommon,Battlefield,,Colorless,,,,,"When you conquer here, you may spend a buff to draw 1.","Riftbound Battlefield: Monastery of Hirana. When you conquer here, you may spend a buff to draw 1.",Six More Vodka,landscape,https://cmsassets.rgpub.io/sanity/images/dsfx7636/game_data_live/8767d9ed30e2873d3fa1045f973be229da56175d-1038x744.png?accountingTag=RB
ogn-283-298,OGN-283/298,283,Navori Fighting Pit,OGN,Origins,uncommon,Uncommon,Battlefield,,Colorless,,,,,"When you hold here, buff a unit here. (If it doesn't have a buff, it gets a +1 :rb_might: buff.)","Riftbound Battlefield: Navori Fighting Pit. When you hold here, buff a unit here. (If it doesn't have a buff, it gets a +1 [S] buff.)",Envar Studio,landscape,https://cmsassets.rgpub.io/sanity/images/dsfx7636/game_data_live/c03ed3ddf8b764963e4b0745e86a12a5ebcef2a3-1038x744.png?accountingTag=RB
ogn-284-298,OGN-284/298,284,Obelisk of Power,OGN,Origins,uncommon,Uncommon,Battlefield,,Colorless,,,,,"At the start of each player's first Beginning Phase, that player channels 1 rune.","Riftbound Battlefield: Obelisk of Power. At the start of each player's first Beginning Phase, that player channels 1 rune.",Chris Kintner,landscape,https://cmsassets.rgpub.io/sanity/images/dsfx7636/game_data_live/0ef4890cdc3145616fcf41290a13c63b1afe4e0d-1038x744.png?accountingTag=RB
ogn-285-298,OGN-285/298,285,Reaver's Row,OGN,Origins,uncommon,Uncommon,Battlefield,,Colorless,,,,,"When you defend here, you may move a friendly unit here to base.","Riftbound Battlefield: Reaver's Row. When you defend here, you may move a friendly unit here to base.",Kudos Productions,landscape,https://cmsassets.rgpub.io/sanity/images/dsfx7636/game_data_live/7d99fe84c9b815463198b5dbad694759940cac12-1038x744.png?accountingTag=RB
ogn-286-298,OGN-286/298,286,Reckoner's Arena,OGN,Origins,uncommon,Uncommon,Battlefield,,Colorless,,,,,"When you hold here, activate the conquer effects of units here.","Riftbound Battlefield: Reckoner's Arena. When you hold here, activate the conquer effects of units here.",Six More Vodka,landscape,https://cmsassets.rgpub.io/sanity/images/dsfx7636/game_data_live/6b7d867487efcbefa8c3d67043a839497ec50388-1038x744.png?accountingTag=RB
ogn-287-298,OGN-287/298,287,Sigil of the Storm,OGN,Origins,uncommon,Uncommon,Battlefield,,Colorless,,,,,"When you conquer here, recycle one of your runes.","Riftbound Battlefield: Sigil of the Storm. When you conquer here, recycle one of your runes.",Envar Studio,landscape,https://cmsassets.rgpub.io/sanity/images/dsfx7636/game_data_live/9b795e7a2af421aabc01dc6f35c0b5d547fe3c0e-1038x744.png?accountingTag=RB
ogn-288-298,OGN-288/298,288,Startipped Peak,OGN,Origins,uncommon,Uncommon,Battlefield,,Colorless,,,,,"When you hold here, you may channel 1 rune exhausted.","Riftbound Battlefield: Startipped Peak. When you hold here, you may channel 1 rune exhausted.",Polar Engine Studio,landscape,https://cmsassets.rgpub.io/sanity/images/dsfx7636/game_data_live/05adde1d8ab40e2a2f832a89ac5c9174ee78796f-1038x744.png?accountingTag=RB
ogn-289-298,OGN-289/298,289,Targon's Peak,OGN,Origins,uncommon,Uncommon,Battlefield,,Colorless,,,,,"When you conquer here, ready 2 runes at the end of this turn.","Riftbound Battlefield: Targon's Peak. When you conquer here, ready 2 runes at the end of this turn.",Six More Vodka,landscape,https://cmsassets.rgpub.io/sanity/images/dsfx7636/game_data_live/6ff1b34ad231645910f670496e1662de0b545a44-1038x744.png?accountingTag=RB
ogn-290-298,OGN-290/298,290,The Arena's Greatest,OGN,Origins,uncommon,Uncommon,Battlefield,,Colorless,,,,,"At the start of each player's first Beginning Phase, that player gains 1 point.","Riftbound Battlefield: The Arena's Greatest. At the start of each player's first Beginning Phase, that player gains 1 point.",Envar Studio,landscape,https://cmsassets.rgpub.io/sanity/images/dsfx7636/game_data_live/2afd8bdfdd42b1595af0746a6c6b92879ac770d6-1038x744.png?accountingTag=RB
ogn-291-298,OGN-291/298,291,The Candlelit Sanctum,OGN,Origins,uncommon,Uncommon,Battlefield,,Colorless,,,,,"When you conquer here, look at the top two cards of your Main Deck. You may recycle one or both of them. Put those you don't back in any order.","Riftbound Battlefield: The Candlelit Sanctum. When you conquer here, look at the top two cards of your Main Deck. You may recycle one or both of them. Put those you don't back in any order.",Envar Studio,landscape,https://cmsassets.rgpub.io/sanity/images/dsfx7636/game_data_live/f14fe78f2b7f3909eadb07bce24bd582e190653d-1038x744.png?accountingTag=RB
ogn-292-298,OGN-292/298,292,The Dreaming Tree,OGN,Origins,uncommon,Uncommon,Battlefield,,Colorless,,,,,"When a player chooses a friendly unit here with a spell for the first time each turn, they draw 1.","Riftbound Battlefield: The Dreaming Tree. When a player chooses a friendly unit here with a spell for the first time each turn, they draw 1.",Envar Studio,landscape,https://cmsassets.rgpub.io/sanity/images/dsfx7636/game_data_live/f382c2c2442959f2a8905de2be7d202458918a04-1040x744.png?accountingTag=RB
ogn-293-298,OGN-293/298,293,The Grand Plaza,OGN,Origins,uncommon,Uncommon,Battlefield,,Colorless,,,,,"When you hold here, if you have 7+ units here, you win the game.","Riftbound Battlefield: The Grand Plaza. When you hold here, if you have 7+ units here, you win the game.",Six More Vodka,landscape,https://cmsassets.rgpub.io/sanity/images/dsfx7636/game_data_live/f9ca8d04cb269ad99bca7e6dae874cad1bec336a-1038x744.png?accountingTag=RB
ogn-294-298,OGN-294/298,294,Trifarian War Camp,OGN,Origins,uncommon,Uncommon,Battlefield,,Colorless,,,,,Units here have +1 :rb_might:. (This includes attackers.),Riftbound Battlefield: Trifarian War Camp. Units here have +1 [S]. (This includes attackers.),Kudos Productions,landscape,https://cmsassets.rgpub.io/sanity/images/dsfx7636/game_data_live/3788cf718e716e35a7fa20ec1dc56991644e6484-1038x744.png?accountingTag=RB
ogn-295-298,OGN-295/298,295,Vilemaw's Lair,OGN,Origins,uncommon,Uncommon,Battlefield,,Colorless,,,,,Units can't move from here to base.,Riftbound Battlefield: Vilemaw's Lair. Units can't move from here to base.,Kudos Productions,landscape,https://cmsassets.rgpub.io/sanity/images/dsfx7636/game_data_live/f374b90a0bec11a5f423e7d4ebd869ab1a146471-1038x744.png?accountingTag=RB
ogn-296-298,OGN-296/298,296,Void Gate,OGN,Origins,uncommon,Uncommon,Battlefield,,Colorless,,,,,Spells and abilities affecting units here each deal 1 Bonus Damage. (Each instance of damage the spell deals is increased by 1.),Riftbound Battlefield: Void Gate. Spells and abilities affecting units here each deal 1 Bonus Damage. (Each instance of damage the spell deals is increased by 1.),Envar Studio,landscape,https://cmsassets.rgpub.io/sanity/images/dsfx7636/game_data_live/14a52a367fd41fd84745e050e62d1f281f733467-1038x744.png?accountingTag=RB
ogn-297-298,OGN-297/298,297,Windswept Hillock,OGN,Origins,uncommon,Uncommon,Battlefield,,Colorless,,,,,Units here have [Ganking]. (They can move from battlefield to battlefield.),Riftbound Battlefield: Windswept Hillock. Units here have [Ganking]. (They can move from battlefield to battlefield.),Kudos Productions,landscape,https://cmsassets.rgpub.io/sanity/images/dsfx7636/game_data_live/aba557a4053fd76c6aa95b2b907ec682bad70d9f-1038x744.png?accountingTag=RB
ogn-298-298,OGN-298/298,298,Zaun Warrens,OGN,Origins,uncommon,Uncommon,Battlefield,,Colorless,,,,,"When you conquer here, discard 1, then draw 1.","Riftbound Battlefield: Zaun Warrens. When you conquer here, discard 1, then draw 1.",Envar Studio,landscape,https://cmsassets.rgpub.io/sanity/images/dsfx7636/game_data_live/458ee40086c77b43b98c2decbaf33a4aa2359bb9-1038x744.png?accountingTag=RB
ogn-299-298,OGN-299/298,299,Daughter of the Void,OGN,Origins,showcase,Showcase,Legend,,"Fury, Mind",,,,Kai'Sa,:rb_exhaust:: [Reaction] — [Add] :rb_rune_rainbow:. Use only to play spells. (Abilities that add resources can't be reacted to.),Riftbound Legend: Daughter of the Void. [T]: [Reaction] — [Add] [C]. Use only to play spells. (Abilities that add resources can't be reacted to.),Jason Chan,portrait,https://cmsassets.rgpub.io/sanity/images/dsfx7636/game_data_live/57e13462b8fea9a5cfa1b424d3ad3005f37b00ad-1488x2078.png?accountingTag=RB
ogn-299-star-298,OGN-299*/298,299,Daughter of the Void,OGN,Origins,showcase,Showcase,Legend,,"Fury, Mind",,,,Kai'Sa,:rb_exhaust:: [Reaction] — [Add] :rb_rune_rainbow:. Use only to play spells. (Abilities that add resources can't be reacted to.),Riftbound Legend: Daughter of the Void. [T]: [Reaction] — [Add] [C]. Use only to play spells. (Abilities that add resources can't be reacted to.),Jason Chan,portrait,https://cmsassets.rgpub.io/sanity/images/dsfx7636/game_data_live/ae8e68af43400f61f7391c0a6ee339fd718a7540-1488x2078.png?accountingTag=RB
ogn-300-star-298,OGN-300*/298,300,Relentless Storm,OGN,Origins,showcase,Showcase,Legend,,"Fury, Body",,,,Volibear,"When you play a [Mighty] unit, you may exhaust me to channel 1 rune exhausted. (A unit is Mighty while it has 5+ :rb_might:.)","Riftbound Legend: Relentless Storm. When you play a [Mighty] unit, you may exhaust me to channel 1 rune exhausted. (A unit is Mighty while it has 5+ [S].)",Alex Flores,portrait,https://cmsassets.rgpub.io/sanity/images/dsfx7636/game_data_live/d5a629ce373a6add09bfacc4b584e509c6332334-1488x2078.png?accountingTag=RB
ogn-300-298,OGN-300/298,300,Relentless Storm,OGN,Origins,showcase,Showcase,Legend,,"Fury, Body",,,,Volibear,"When you play a [Mighty] unit, you may exhaust me to channel 1 rune exhausted. (A unit is Mighty while it has 5+ :rb_might:.)","Riftbound Legend: Relentless Storm. When you play a [Mighty] unit, you may exhaust me to channel 1 rune exhausted. (A unit is Mighty while it has 5+ [S].)",Alex Flores,portrait,https://cmsassets.rgpub.io/sanity/images/dsfx7636/game_data_live/34aa11c88735be28266dbc61486a557454fd6b4c-1488x2078.png?accountingTag=RB
ogn-301-star-298,OGN-301*/298,301,Loose Cannon,OGN,Origins,showcase,Showcase,Legend,,"Fury, Chaos",,,,Jinx,"At start of your Beginning Phase, draw 1 if you have one or fewer cards in your hand.","Riftbound Legend: Loose Cannon. At start of your Beginning Phase, draw 1 if you have one or fewer cards in your hand.",Sean Yang,portrait,https://cmsassets.rgpub.io/sanity/images/dsfx7636/game_data_live/30bed82f66ce9e4eae260d029d92c9d8cb1588ab-1488x2078.png?accountingTag=RB
ogn-301-298,OGN-301/298,301,Loose Cannon,OGN,Origins,showcase,Showcase,Legend,,"Fury, Chaos",,,,Jinx,"At start of your Beginning Phase, draw 1 if you have one or fewer cards in your hand.","Riftbound Legend: Loose Cannon. At start of your Beginning Phase, draw 1 if you have one or fewer cards in your hand.",Sean Yang,portrait,https://cmsassets.rgpub.io/sanity/images/dsfx7636/game_data_live/8a7dbbed04133926e58843f1d586f51178ef2ebd-1488x2078.png?accountingTag=RB
ogn-302-star-298,OGN-302*/298,302,Hand of Noxus,OGN,Origins,showcase,Showcase,Legend,,"Fury, Order",,,,Darius,":rb_exhaust:: [Reaction], [Legion] — [Add] :rb_energy_1:. (Abilities that add resources can't be reacted to. Get the effect if you've played a card this turn.)","Riftbound Legend: Hand of Noxus. [T]: [Reaction], [Legion] — [Add] [1]. (Abilities that add resources can't be reacted to. Get the effect if you've played a card this turn.)",Peter Kim,portrait,https://cmsassets.rgpub.io/sanity/images/dsfx7636/game_data_live/31f3c975c6f5693f6567b0ebdb66bd4dd92d730b-744x1039.png?accountingTag=RB
ogn-302-298,OGN-302/298,302,Hand of Noxus,OGN,Origins,showcase,Showcase,Legend,,"Fury, Order",,,,Darius,":rb_exhaust:: [Reaction], [Legion] — [Add] :rb_energy_1:. (Abilities that add resources can't be reacted to. Get the effect if you've played a card this turn.)","Riftbound Legend: Hand of Noxus. [T]: [Reaction], [Legion] — [Add] [1]. (Abilities that add resources can't be reacted to. Get the effect if you've played a card this turn.)",Peter Kim,portrait,https://cmsassets.rgpub.io/sanity/images/dsfx7636/game_data_live/37d43efe09ccfe5d72ce37fdc27599bd5ef736af-1488x2078.png?accountingTag=RB
ogn-303-298,OGN-303/298,303,Nine-Tailed Fox,OGN,Origins,showcase,Showcase,Legend,,"Calm, Mind",,,,Ahri,"When an enemy unit attacks a battlefield you control, give it -1 :rb_might: this turn, to a minimum of 1 :rb_might:.","Riftbound Legend: Nine-Tailed Fox. When an enemy unit attacks a battlefield you control, give it -1 [S] this turn, to a minimum of 1 [S].",Airi Pan,portrait,https://cmsassets.rgpub.io/sanity/images/dsfx7636/game_data_live/dc89c6a2415debd5bf504ed46843f5dcc1d9b815-1488x2078.png?accountingTag=RB
ogn-303-star-298,OGN-303*/298,303,Nine-Tailed Fox,OGN,Origins,showcase,Showcase,Legend,,"Calm, Mind",,,,Ahri,"When an enemy unit attacks a battlefield you control, give it -1 :rb_might: this turn, to a minimum of 1 :rb_might:.","Riftbound Legend: Nine-Tailed Fox. When an enemy unit attacks a battlefield you control, give it -1 [S] this turn, to a minimum of 1 [S].",Airi Pan,portrait,https://cmsassets.rgpub.io/sanity/images/dsfx7636/game_data_live/e5fe571a8f09c0a9e76345ec32b446480f54617c-1488x2078.png?accountingTag=RB
ogn-304-star-298,OGN-304*/298,304,Blind Monk,OGN,Origins,showcase,Showcase,Legend,,"Calm, Body",,,,Lee Sin,":rb_energy_1:, :rb_exhaust:: Buff a friendly unit. (If it doesn't have a buff, it gets a +1 :rb_might: buff.)","Riftbound Legend: Blind Monk. [1], [T]: Buff a friendly unit. (If it doesn't have a buff, it gets a +1 [S] buff.)",Loiza Chen,portrait,https://cmsassets.rgpub.io/sanity/images/dsfx7636/game_data_live/b4dfd543b1cfcdefba4568fe78146e0d6e46add7-1488x2078.png?accountingTag=RB
ogn-304-298,OGN-304/298,304,Blind Monk,OGN,Origins,showcase,Showcase,Legend,,"Calm, Body",,,,Lee Sin,":rb_energy_1:, :rb_exhaust:: Buff a friendly unit. (If it doesn't have a buff, it gets a +1 :rb_might: buff.)","Riftbound Legend: Blind Monk. [1], [T]: Buff a friendly unit. (If it doesn't have a buff, it gets a +1 [S] buff.)",Loiza Chen,portrait,https://cmsassets.rgpub.io/sanity/images/dsfx7636/game_data_live/fb6316c39ad2a00d65f4b6cc823cbdd61cadda3b-1488x2078.png?accountingTag=RB
ogn-305-298,OGN-305/298,305,Unforgiven,OGN,Origins,showcase,Showcase,Legend,,"Calm, Chaos",,,,Yasuo,":rb_energy_2:, :rb_exhaust:: Move a friendly unit to or from its base.","Riftbound Legend: Unforgiven. [2], [T]: Move a friendly unit to or from its base.",Quy Ho,portrait,https://cmsassets.rgpub.io/sanity/images/dsfx7636/game_data_live/2c804ec513085702763a9145fac93a8adb6c4783-1488x2078.png?accountingTag=RB
ogn-305-star-298,OGN-305*/298,305,Unforgiven,OGN,Origins,showcase,Showcase,Legend,,"Calm, Chaos",,,,Yasuo,":rb_energy_2:, :rb_exhaust:: Move a friendly unit to or from its base.","Riftbound Legend: Unforgiven. [2], [T]: Move a friendly unit to or from its base.",Quy Ho,portrait,https://cmsassets.rgpub.io/sanity/images/dsfx7636/game_data_live/6a06599a299b15175984c1e38d27a3be21258fbe-1488x2078.png?accountingTag=RB
ogn-306-298,OGN-306/298,306,Radiant Dawn,OGN,Origins,showcase,Showcase,Legend,,"Calm, Order",,,,Leona,"When you stun one or more enemy units, buff a friendly unit. (If it doesn't have a buff, it gets a +1 :rb_might: buff.)","Riftbound Legend: Radiant Dawn. When you stun one or more enemy units, buff a friendly unit. (If it doesn't have a buff, it gets a +1 [S] buff.)",Su Ke,portrait,https://cmsassets.rgpub.io/sanity/images/dsfx7636/game_data_live/496d173b74d036a9e28ca1b4383551be0148f13d-1488x2078.png?accountingTag=RB
ogn-306-star-298,OGN-306*/298,306,Radiant Dawn,OGN,Origins,showcase,Showcase,Legend,,"Calm, Order",,,,Leona,"When you stun one or more enemy units, buff a friendly unit. (If it doesn't have a buff, it gets a +1 :rb_might: buff.)","Riftbound Legend: Radiant Dawn. When you stun one or more enemy units, buff a friendly unit. (If it doesn't have a buff, it gets a +1 [S] buff.)",Su Ke,portrait,https://cmsassets.rgpub.io/sanity/images/dsfx7636/game_data_live/bd526a0f9177aaa9ec575add7d02e72b46520070-744x1039.png?accountingTag=RB
ogn-307-298,OGN-307/298,307,Swift Scout,OGN,Origins,showcase,Showcase,Legend,,"Mind, Chaos",,,,Teemo,"You may pay :rb_energy_1: to hide a card with [Hidden] instead of :rb_rune_rainbow:.
:rb_energy_1:, :rb_exhaust:: Put a Teemo unit you own into your hand from your Champion Zone or the board.","Riftbound Legend: Swift Scout. You may pay [1] to hide a card with [Hidden] instead of [C].
[1], [T]: Put a Teemo unit you own into your hand from your Champion Zone or the board.",Jordan Yoon,portrait,https://cmsassets.rgpub.io/sanity/images/dsfx7636/game_data_live/e2fbf10efaddbabe9241bd2c7b4d059accd1d5a7-1488x2078.png?accountingTag=RB
ogn-307-star-298,OGN-307*/298,307,Swift Scout,OGN,Origins,showcase,Showcase,Legend,,"Mind, Chaos",,,,Teemo,"You may pay :rb_energy_1: to hide a card with [Hidden] instead of :rb_rune_rainbow:.
:rb_energy_1:, :rb_exhaust:: Put a Teemo unit you own into your hand from your Champion Zone or the board.","Riftbound Legend: Swift Scout. You may pay [1] to hide a card with [Hidden] instead of [C].
[1], [T]: Put a Teemo unit you own into your hand from your Champion Zone or the board.",Jordan Yoon,portrait,https://cmsassets.rgpub.io/sanity/images/dsfx7636/game_data_live/4fd9e82cbd96010e2556430970d433022b541a51-1488x2078.png?accountingTag=RB
ogn-308-star-298,OGN-308*/298,308,Herald of the Arcane,OGN,Origins,showcase,Showcase,Legend,,"Mind, Order",,,,Viktor,":rb_energy_1:, :rb_exhaust:: Play a 1 :rb_might: Recruit unit token.","Riftbound Legend: Herald of the Arcane. [1], [T]: Play a 1 [S] Recruit unit token.",Rudy Siswanto,portrait,https://cmsassets.rgpub.io/sanity/images/dsfx7636/game_data_live/e345a5fc347e6a5835f2afa33492058fdbfcb169-744x1039.png?accountingTag=RB
ogn-308-298,OGN-308/298,308,Herald of the Arcane,OGN,Origins,showcase,Showcase,Legend,,"Mind, Order",,,,Viktor,":rb_energy_1:, :rb_exhaust:: Play a 1 :rb_might: Recruit unit token.","Riftbound Legend: Herald of the Arcane. [1], [T]: Play a 1 [S] Recruit unit token.",Rudy Siswanto,portrait,https://cmsassets.rgpub.io/sanity/images/dsfx7636/game_data_live/a39902058db800a4318f3333dddb8a62a8751d7c-1488x2078.png?accountingTag=RB
ogn-309-star-298,OGN-309*/298,309,Bounty Hunter,OGN,Origins,showcase,Showcase,Legend,,"Body, Chaos",,,,Miss Fortune,:rb_exhaust:: Give a unit [Ganking] this turn. (It can move from battlefield to battlefield.),Riftbound Legend: Bounty Hunter. [T]: Give a unit [Ganking] this turn. (It can move from battlefield to battlefield.),Mindy Kang,portrait,https://cmsassets.rgpub.io/sanity/images/dsfx7636/game_data_live/37153cce7f58b2fceb28ea9ff91deb0411f849e2-1488x2078.png?accountingTag=RB
ogn-309-298,OGN-309/298,309,Bounty Hunter,OGN,Origins,showcase,Showcase,Legend,,"Body, Chaos",,,,Miss Fortune,:rb_exhaust:: Give a unit [Ganking] this turn. (It can move from battlefield to battlefield.),Riftbound Legend: Bounty Hunter. [T]: Give a unit [Ganking] this turn. (It can move from battlefield to battlefield.),Mindy Kang,portrait,https://cmsassets.rgpub.io/sanity/images/dsfx7636/game_data_live/f4b7f334f442d30ccea4743c641760c5533804b4-1488x2078.png?accountingTag=RB
ogn-310-star-298,OGN-310*/298,310,The Boss,OGN,Origins,showcase,Showcase,Legend,,"Body, Order",,,,Sett,"When a buffed unit you control would die, you may pay :rb_rune_rainbow: and exhaust me to spend its buff and recall it exhausted instead. (Send it to base. This isn't a move.)
When you conquer, ready me.","Riftbound Legend: The Boss. When a buffed unit you control would die, you may pay [C] and exhaust me to spend its buff and recall it exhausted instead. (Send it to base. This isn't a move.)
When you conquer, ready me.",Gem Lim,portrait,https://cmsassets.rgpub.io/sanity/images/dsfx7636/game_data_live/6e8efcd343dfd37d9d108243a86c2a5a6412f698-744x1039.png?accountingTag=RB
ogn-310-298,OGN-310/298,310,The Boss,OGN,Origins,showcase,Showcase,Legend,,"Body, Order",,,,Sett,"When a buffed unit you control would die, you may pay :rb_rune_rainbow: and exhaust me to spend its buff and recall it exhausted instead. (Send it to base. This isn't a move.)
When you conquer, ready me.","Riftbound Legend: The Boss. When a buffed unit you control would die, you may pay [C] and exhaust me to spend its buff and recall it exhausted instead. (Send it to base. This isn't a move.)
When you conquer, ready me.",Gem Lim,portrait,https://cmsassets.rgpub.io/sanity/images/dsfx7636/game_data_live/af042a5ee9ca9cca47b6f9736b33aaa599353516-1488x2078.png?accountingTag=RB
ogs-001-024,OGS-001/024,1,"Annie, Fiery",OGS,Proving Grounds,epic,Epic,Unit,Champion,Fury,5,4,1,"Annie, Noxus",Your spells and abilities deal 1 Bonus Damage. (Each instance of damage the spell deals is increased by 1.),"Riftbound Unit: Annie, Fiery. Your spells and abilities deal 1 Bonus Damage. (Each instance of damage the spell deals is increased by 1.)",Polar Engine Studio,portrait,https://cmsassets.rgpub.io/sanity/images/dsfx7636/game_data_live/532d75dc36a16eb5954253a77366fcceac7aec62-744x1039.png?accountingTag=RB
ogs-002-024,OGS-002/024,2,Firestorm,OGS,Proving Grounds,uncommon,Uncommon,Spell,,Fury,6,,1,,Deal 3 to all enemy units at a battlefield.,Riftbound Spell: Firestorm. Deal 3 to all enemy units at a battlefield.,Kudos Productions,portrait,https://cmsassets.rgpub.io/sanity/images/dsfx7636/game_data_live/a7a34129e64f0296bf2da166c2b06ed156d568db-744x1039.png?accountingTag=RB
ogs-003-024,OGS-003/024,3,Incinerate,OGS,Proving Grounds,common,Common,Spell,,Fury,2,,,,"[Action] (Play on your turn or in showdowns.)
Deal 2 to a unit at a battlefield.","Riftbound Spell: Incinerate. [Action] (Play on your turn or in showdowns.)
Deal 2 to a unit at a battlefield.",Kudos Productions,portrait,https://cmsassets.rgpub.io/sanity/images/dsfx7636/game_data_live/46e4eaada1412f9b6c24751bdb3932c6a51e905f-744x1039.png?accountingTag=RB
ogs-004-024,OGS-004/024,4,"Yi, Meditative",OGS,Proving Grounds,rare,Rare,Unit,Champion,Calm,5,4,1,"Master Yi, Ionia","While you have 8+ runes, I have +4 :rb_might:.","Riftbound Unit: Yi, Meditative. While you have 8+ runes, I have +4 [S].",Kudos Productions,portrait,https://cmsassets.rgpub.io/sanity/images/dsfx7636/game_data_live/5508566c8f05f09492148faa803332a731095eb7-744x1039.png?accountingTag=RB
ogs-005-024,OGS-005/024,5,Zephyr Sage,OGS,Proving Grounds,uncommon,Uncommon,Unit,,Calm,6,6,1,"Ionia, Bird",[Shield] (+1 :rb_might: while I'm a defender.),Riftbound Unit: Zephyr Sage. [Shield] (+1 [S] while I'm a defender.),Six More Vodka,portrait,https://cmsassets.rgpub.io/sanity/images/dsfx7636/game_data_live/7664b03bb107954195153d9f2f86c5d63682fa4b-744x1039.png?accountingTag=RB
ogs-006-024,OGS-006/024,6,"Lux, Illuminated",OGS,Proving Grounds,rare,Rare,Unit,Champion,Mind,6,5,1,"Lux, Demacia","When you play a spell that costs :rb_energy_5: or more, give me +3 :rb_might: this turn.","Riftbound Unit: Lux, Illuminated. When you play a spell that costs [5] or more, give me +3 [S] this turn.",Six More Vodka,portrait,https://cmsassets.rgpub.io/sanity/images/dsfx7636/game_data_live/a0d10edf30abb6fde21f5d386e9a7db3c1b0a098-744x1039.png?accountingTag=RB
ogs-007-024,OGS-007/024,7,"Garen, Rugged",OGS,Proving Grounds,rare,Rare,Unit,Champion,Body,6,5,1,"Elite, Garen, Demacia","[Assault 2], [Shield 2] (+2 :rb_might: while I'm an attacker or defender.)","Riftbound Unit: Garen, Rugged. [Assault 2], [Shield 2] (+2 [S] while I'm an attacker or defender.)",Six More Vodka,portrait,https://cmsassets.rgpub.io/sanity/images/dsfx7636/game_data_live/67c22dc29a7a28dabe0f169a7848c25bef1fbda4-744x1039.png?accountingTag=RB
ogs-008-024,OGS-008/024,8,Gentlemen's Duel,OGS,Proving Grounds,common,Common,Spell,,Body,6,,1,,"[Action] (Play on your turn or in showdowns.)
Give a friendly unit +3 :rb_might: this turn. Then choose an enemy unit. They deal damage equal to their Mights to each other.","Riftbound Spell: Gentlemen's Duel. [Action] (Play on your turn or in showdowns.)
Give a friendly unit +3 [S] this turn. Then choose an enemy unit. They deal damage equal to their Mights to each other.",Kudos Productions,portrait,https://cmsassets.rgpub.io/sanity/images/dsfx7636/game_data_live/4568ab827fdcd42d6bb86b1c2de6182e286c9ee9-744x1039.png?accountingTag=RB
ogs-009-024,OGS-009/024,9,"Yi, Honed",OGS,Proving Grounds,epic,Epic,Unit,Champion,Body,7,6,1,"Master Yi, Ionia","[Ganking] (I can move from battlefield to battlefield.)
I enter ready.","Riftbound Unit: Yi, Honed. [Ganking] (I can move from battlefield to battlefield.)
I enter ready.",Kudos Productions,portrait,https://cmsassets.rgpub.io/sanity/images/dsfx7636/game_data_live/0e16976cd6d7ee5a874be9351b428671990fbd25-744x1039.png?accountingTag=RB
ogs-010-024,OGS-010/024,10,"Annie, Stubborn",OGS,Proving Grounds,rare,Rare,Unit,Champion,Chaos,4,3,1,"Annie, Noxus","When you play me, return a spell from your trash to your hand.","Riftbound Unit: Annie, Stubborn. When you play me, return a spell from your trash to your hand.",League Splash Team,portrait,https://cmsassets.rgpub.io/sanity/images/dsfx7636/game_data_live/44eb968cf0c54e75970588b69eef5c5f5ccc9b24-744x1039.png?accountingTag=RB
ogs-011-024,OGS-011/024,11,Flash,OGS,Proving Grounds,common,Common,Spell,,Chaos,2,,,,"[Reaction] (Play any time, even before spells and abilities resolve.)
Move up to 2 friendly units to base.","Riftbound Spell: Flash. [Reaction] (Play any time, even before spells and abilities resolve.)
Move up to 2 friendly units to base.",Sugar Free,portrait,https://cmsassets.rgpub.io/sanity/images/dsfx7636/game_data_live/4d9cc1c13b75933e509e642213f13359350cd3f9-744x1039.png?accountingTag=RB
ogs-012-024,OGS-012/024,12,Blast of Power,OGS,Proving Grounds,common,Common,Spell,,Order,6,,1,,"[Action] (Play on your turn or in showdowns.)
Kill a unit at a battlefield.","Riftbound Spell: Blast of Power. [Action] (Play on your turn or in showdowns.)
Kill a unit at a battlefield.",Kudos Productions,portrait,https://cmsassets.rgpub.io/sanity/images/dsfx7636/game_data_live/026f851a703601fce4142c0791e913377c170b47-744x1039.png?accountingTag=RB
ogs-013-024,OGS-013/024,13,"Garen, Commander",OGS,Proving Grounds,epic,Epic,Unit,Champion,Order,6,5,1,"Elite, Garen, Demacia",Other friendly units have +1 :rb_might: here.,"Riftbound Unit: Garen, Commander. Other friendly units have +1 [S] here.",Six More Vodka,portrait,https://cmsassets.rgpub.io/sanity/images/dsfx7636/game_data_live/cbf2c12d69a86566e4cda07050b2d4495e40187e-744x1039.png?accountingTag=RB
ogs-014-024,OGS-014/024,14,"Lux, Crownguard",OGS,Proving Grounds,epic,Epic,Unit,Champion,Order,4,2,,"Lux, Demacia",:rb_exhaust:: [Reaction] — [Add] :rb_energy_2:. Use only to play spells. (Abilities that add resources can't be reacted to.),"Riftbound Unit: Lux, Crownguard. [T]: [Reaction] — [Add] [2]. Use only to play spells. (Abilities that add resources can't be reacted to.)",Envar Studio,portrait,https://cmsassets.rgpub.io/sanity/images/dsfx7636/game_data_live/17d0793ad495727e67bb1c94ae0e11cd4705870f-744x1039.png?accountingTag=RB
ogs-015-024,OGS-015/024,15,Recruit the Vanguard,OGS,Proving Grounds,uncommon,Uncommon,Spell,,Order,6,,,,"[Action] (Play on your turn or in showdowns.)
Play four 1 :rb_might: Recruit unit tokens. (They can be played to your base or to battlefields you control.)","Riftbound Spell: Recruit the Vanguard. [Action] (Play on your turn or in showdowns.)
Play four 1 [S] Recruit unit tokens. (They can be played to your base or to battlefields you control.)",Kudos Productions,portrait,https://cmsassets.rgpub.io/sanity/images/dsfx7636/game_data_live/81d1c47459606f7b627778cce9b5f0e44d80f7fa-744x1039.png?accountingTag=RB
ogs-016-024,OGS-016/024,16,Vanguard Attendant,OGS,Proving Grounds,common,Common,Unit,,Order,6,5,1,"Elite, Demacia",I enter ready.,Riftbound Unit: Vanguard Attendant. I enter ready.,Six More Vodka,portrait,https://cmsassets.rgpub.io/sanity/images/dsfx7636/game_data_live/4ce467c1d51a65ab4fbae918dca38ae90b510844-744x1039.png?accountingTag=RB
ogs-017-024,OGS-017/024,17,Dark Child - Starter,OGS,Proving Grounds,rare,Rare,Legend,Champion,"Fury, Chaos",,,,Annie,"At the end of your turn, ready 2 runes.","Riftbound Legend: Dark Child - Starter. At the end of your turn, ready 2 runes.",Six More Vodka,portrait,https://cmsassets.rgpub.io/sanity/images/dsfx7636/game_data_live/89963e1d1cffd69c620fb5d6b037f50d5c334463-744x1039.png?accountingTag=RB
ogs-018-024,OGS-018/024,18,Tibbers,OGS,Proving Grounds,epic,Epic,Unit,Signature,"Fury, Chaos",8,7,2,Annie,"When you play me, deal 3 to all units at battlefields.","Riftbound Unit: Tibbers. When you play me, deal 3 to all units at battlefields.",Polar Engine Studio,portrait,https://cmsassets.rgpub.io/sanity/images/dsfx7636/game_data_live/74f8bc78573b33d9979b0e9c121b858d770a490c-744x1039.png?accountingTag=RB
ogs-019-024,OGS-019/024,19,Wuju Bladesman - Starter,OGS,Proving Grounds,rare,Rare,Legend,Champion,"Calm, Body",,,,Master Yi,"While a friendly unit defends alone, it gets +2 :rb_might:.","Riftbound Legend: Wuju Bladesman - Starter. While a friendly unit defends alone, it gets +2 [S].",Grafit Studio/Quy Ho,portrait,https://cmsassets.rgpub.io/sanity/images/dsfx7636/game_data_live/8231ced23eaf22ca3bf62ec8cb86b83a3e222da6-744x1039.png?accountingTag=RB
ogs-020-024,OGS-020/024,20,Highlander,OGS,Proving Grounds,epic,Epic,Spell,Signature,"Calm, Body",4,,,Master Yi,"[Reaction] (Play any time, even before spells and abilities resolve.)
Choose a friendly unit. The next time it dies this turn, recall it exhausted instead. (Send it to base. This isn't a move.)","Riftbound Spell: Highlander. [Reaction] (Play any time, even before spells and abilities resolve.)
Choose a friendly unit. The next time it dies this turn, recall it exhausted instead. (Send it to base. This isn't a move.)",Kudos Productions,portrait,https://cmsassets.rgpub.io/sanity/images/dsfx7636/game_data_live/18c0818cbbfdf26a1237b4f7703b1f035f47b014-744x1039.png?accountingTag=RB
ogs-021-024,OGS-021/024,21,Lady of Luminosity - Starter,OGS,Proving Grounds,rare,Rare,Legend,Champion,"Mind, Order",,,,Lux,"When you play a spell that costs :rb_energy_5: or more, draw 1.","Riftbound Legend: Lady of Luminosity - Starter. When you play a spell that costs [5] or more, draw 1.",Grafit Studio/Maki Planas Mata,portrait,https://cmsassets.rgpub.io/sanity/images/dsfx7636/game_data_live/44885d811b70621b188d9813b2b10b5cff1b81e6-744x1039.png?accountingTag=RB
ogs-022-024,OGS-022/024,22,Final Spark,OGS,Proving Grounds,epic,Epic,Spell,Signature,"Mind, Order",8,,,Lux,"[Action] (Play on your turn or in showdowns.)
Deal 8 to a unit.","Riftbound Spell: Final Spark. [Action] (Play on your turn or in showdowns.)
Deal 8 to a unit.",Kudos Productions,portrait,https://cmsassets.rgpub.io/sanity/images/dsfx7636/game_data_live/4558a2dc1bb1f1b8a73ec0d82244654e84b12687-744x1039.png?accountingTag=RB
ogs-023-024,OGS-023/024,23,Might of Demacia - Starter,OGS,Proving Grounds,rare,Rare,Legend,Champion,"Body, Order",,,,Garen,"When you conquer, if you have 4+ units at that battlefield, draw 2.","Riftbound Legend: Might of Demacia - Starter. When you conquer, if you have 4+ units at that battlefield, draw 2.",Six More Vodka,portrait,https://cmsassets.rgpub.io/sanity/images/dsfx7636/game_data_live/e7185deb46f17770802d06aeddfe3b929afff880-744x1039.png?accountingTag=RB
ogs-024-024,OGS-024/024,24,Decisive Strike,OGS,Proving Grounds,epic,Epic,Spell,Signature,"Body, Order",5,,1,Garen,"[Action] (Play on your turn or in showdowns.)
Give friendly units +2 :rb_might: this turn.","Riftbound Spell: Decisive Strike. [Action] (Play on your turn or in showdowns.)
Give friendly units +2 [S] this turn.",Kudos Productions,portrait,https://cmsassets.rgpub.io/sanity/images/dsfx7636/game_data_live/986782271be078c184a8d1c196e375106459c6c5-744x1039.png?accountingTag=RB
sfd-001-221,SFD-001/221,1,Against the Odds,SFD,Spiritforged,common,Common,Spell,,Fury,2,,,,"[Reaction] (Play any time, even before spells and abilities resolve.)
Give a friendly unit at a battlefield +2 :rb_might: this turn for each enemy unit there.","Riftbound Spell: Against the Odds. [Reaction] (Play any time, even before spells and abilities resolve.)
Give a friendly unit at a battlefield +2 [S] this turn for each enemy unit there.",Kudos Productions,portrait,https://cmsassets.rgpub.io/sanity/images/dsfx7636/game_data_live/4c4ab0c838854ccd5d5399a045835876450287e8-744x1039.png?accountingTag=RB
sfd-002-221,SFD-002/221,2,Armed Assailant,SFD,Spiritforged,common,Common,Unit,,Fury,6,6,1,Noxus,"[Accelerate] (You may pay :rb_energy_1::rb_rune_fury: as an additional cost to have me enter ready.)
[Weaponmaster] (When you play me, you may [Equip] one of your Equipment to me for :rb_rune_rainbow: less, even if it's already attached.)","Riftbound Unit: Armed Assailant. [Accelerate] (You may pay [1][C] as an additional cost to have me enter ready.)
[Weaponmaster] (When you play me, you may [Equip] one of your Equipment to me for [A] less, even if it's already attached.)",Six More Vodka,portrait,https://cmsassets.rgpub.io/sanity/images/dsfx7636/game_data_live/1debdef1d45f7b2a452951db39674aeb01a8dc2b-744x1039.png?accountingTag=RB
sfd-003-221,SFD-003/221,3,Blood Rush,SFD,Spiritforged,common,Common,Spell,,Fury,1,,,,"[Action] (Play on your turn or in showdowns.)
[Repeat] :rb_energy_1: (You may pay the additional cost to repeat this spell's effect.)
Give a unit [Assault 2]. (+2 :rb_might: while it's an attacker.)","Riftbound Spell: Blood Rush. [Action] (Play on your turn or in showdowns.)
[Repeat] [1] (You may pay the additional cost to repeat this spell's effect.)
Give a unit [Assault 2]. (+2 [M] while it's an attacker.)",Rafael Zanchetin,portrait,https://cmsassets.rgpub.io/sanity/images/dsfx7636/game_data_live/931b77b9ab56c3abc85686be4d2452c450f9b3e0-744x1039.png?accountingTag=RB
sfd-t03,SFD-T03,3,Gold,SFD,Spiritforged,common,Common,Gear,Token,Colorless,,,,,"Kill this, :rb_exhaust:: [Reaction] — [Add] :rb_rune_rainbow:. (Abilities that add resources can't be reacted to.)","Riftbound Gear: Gold. Kill this, [T]: [Reaction] — [Add] [A]. (Abilities that add resources can't be reacted to.)",Kudos Productions,portrait,https://cmsassets.rgpub.io/sanity/images/dsfx7636/game_data_live/e878c39b562a4e870e93b819c6d85cdf3fdc5238-744x1039.png?accountingTag=RB
sfd-004-221,SFD-004/221,4,Bushwhack,SFD,Spiritforged,common,Common,Spell,,Fury,2,,1,,"[Hidden] (Hide now for :rb_rune_rainbow: to react with later for :rb_energy_0:.)
Friendly units enter ready this turn. Play a Gold gear token exhausted.","Riftbound Spell: Bushwhack. [Hidden] (Hide now for [A] to react with later for [0].)
Friendly units enter ready this turn. Play a Gold gear token exhausted.",Kudos Productions,portrait,https://cmsassets.rgpub.io/sanity/images/dsfx7636/game_data_live/f728959ad6d4ee6c507310000c3c9e02c0772a16-744x1039.png?accountingTag=RB
sfd-005-221,SFD-005/221,5,Detonate,SFD,Spiritforged,common,Common,Spell,,Fury,1,,1,,Kill a gear. Its controller draws 2.,Riftbound Spell: Detonate. Kill a gear. Its controller draws 2.,Kudos Productions,portrait,https://cmsassets.rgpub.io/sanity/images/dsfx7636/game_data_live/e837fbd6aeeb1293386dcfa284aae5a4baca10ef-744x1039.png?accountingTag=RB
sfd-006-221,SFD-006/221,6,Eager Drakehound,SFD,Spiritforged,common,Common,Unit,,Fury,3,3,1,"Dog, Dragon, Noxus",I enter ready.,Riftbound Unit: Eager Drakehound. I enter ready.,Michal Ivan,portrait,https://cmsassets.rgpub.io/sanity/images/dsfx7636/game_data_live/ac0fac5af309842ba91b4b8d80e1abd47622e14a-744x1039.png?accountingTag=RB
sfd-007-221,SFD-007/221,7,Gem Jammer,SFD,Spiritforged,common,Common,Unit,,Fury,2,2,,"Mech, Bandle City","When you play me, give a unit [Ganking] this turn. (It can move from battlefield to battlefield.)","Riftbound Unit: Gem Jammer. When you play me, give a unit [Ganking] this turn. (It can move from battlefield to battlefield.)",Caravan Studio,portrait,https://cmsassets.rgpub.io/sanity/images/dsfx7636/game_data_live/9f487e8a76e6e6b9f2e32de0c9c147be42f49e59-744x1039.png?accountingTag=RB
sfd-008-221,SFD-008/221,8,Sentinel Adept,SFD,Spiritforged,common,Common,Unit,,Fury,3,3,,"Shadow Isles, Sentinel","[Weaponmaster] (When you play me, you may [Equip] one of your Equipment to me for :rb_rune_rainbow: less, even if it's already attached.)","Riftbound Unit: Sentinel Adept. [Weaponmaster] (When you play me, you may [Equip] one of your Equipment to me for [A] less, even if it's already attached.)",Wild Blue Studios,portrait,https://cmsassets.rgpub.io/sanity/images/dsfx7636/game_data_live/94e213b77131d9a67e51743a35fc5dff80fd79ec-744x1039.png?accountingTag=RB
sfd-009-221,SFD-009/221,9,Serrated Dirk,SFD,Spiritforged,common,Common,Gear,,Fury,1,,,Equipment,[Equip] :rb_rune_fury: (:rb_rune_fury:: Attach this to a unit you control.),Riftbound Gear: Serrated Dirk. [Equip] [C] ([C]: Attach this to a unit you control.),黯荧岛Dark Glow,portrait,https://cmsassets.rgpub.io/sanity/images/dsfx7636/game_data_live/9498c8146745124fc45a7b55184854a9c9da21f5-744x1039.png?accountingTag=RB
sfd-010-221,SFD-010/221,10,Void Drone,SFD,Spiritforged,common,Common,Unit,,Fury,3,3,,The Void,I cost :rb_energy_2: less to play from anywhere other than your hand.,Riftbound Unit: Void Drone. I cost [2] less to play from anywhere other than your hand.,Wild Blue Studios,portrait,https://cmsassets.rgpub.io/sanity/images/dsfx7636/game_data_live/589dde45bc610eb83bc808803e4becf8a6d2da84-744x1039.png?accountingTag=RB
sfd-011-221,SFD-011/221,11,Angle Shot,SFD,Spiritforged,uncommon,Uncommon,Spell,,Fury,2,,,,"[Reaction] (Play any time, even before spells and abilities resolve.)
Choose a unit and an Equipment with the same controller. Attach that Equipment to that unit or detach that Equipment from that unit. Draw 1.","Riftbound Spell: Angle Shot. [Reaction] (Play any time, even before spells and abilities resolve.)
Choose a unit and an Equipment with the same controller. Attach that Equipment to that unit or detach that Equipment from that unit. Draw 1.",Kudos Productions,portrait,https://cmsassets.rgpub.io/sanity/images/dsfx7636/game_data_live/757d507b684e55e333bac0ecdf2ec9ff3ad6045c-744x1039.png?accountingTag=RB
sfd-012-221,SFD-012/221,12,Battering Ram,SFD,Spiritforged,uncommon,Uncommon,Unit,,Fury,5,5,,"Trifarian, Noxus","I cost :rb_energy_1: less for each card you've played this turn, to a minimum of :rb_energy_1:.","Riftbound Unit: Battering Ram. I cost [1] less for each card you've played this turn, to a minimum of [1].",Six More Vodka,portrait,https://cmsassets.rgpub.io/sanity/images/dsfx7636/game_data_live/5661f07778201b236b014a6078003cde9af57cdd-744x1039.png?accountingTag=RB
sfd-013-221,SFD-013/221,13,Blast Corps Cadet,SFD,Spiritforged,uncommon,Uncommon,Unit,,Fury,2,2,,Piltover,"You may pay :rb_energy_1::rb_rune_fury: as an additional cost to play me.
When you play me, if you paid the additional cost, deal 2 to a unit at a battlefield.","Riftbound Unit: Blast Corps Cadet. You may pay [1][C] as an additional cost to play me.
When you play me, if you paid the additional cost, deal 2 to a unit at a battlefield.",Six More Vodka,portrait,https://cmsassets.rgpub.io/sanity/images/dsfx7636/game_data_live/9efe5a8322a90822650ff18578cd5e1a8561fac5-744x1039.png?accountingTag=RB
sfd-014-221,SFD-014/221,14,Minotaur Reckoner,SFD,Spiritforged,uncommon,Uncommon,Unit,,Fury,5,5,,Noxus,Units can't move to base.,Riftbound Unit: Minotaur Reckoner. Units can't move to base.,Six More Vodka,portrait,https://cmsassets.rgpub.io/sanity/images/dsfx7636/game_data_live/77bb46cd667e59f26310797ac99686f3a4d19af5-744x1039.png?accountingTag=RB
sfd-015-221,SFD-015/221,15,Perched Grimwyrm,SFD,Spiritforged,uncommon,Uncommon,Unit,,Fury,4,5,,"Dragon, Shadow Isles",Play me only to a battlefield you conquered this turn. (You can't play me anywhere else.),Riftbound Unit: Perched Grimwyrm. Play me only to a battlefield you conquered this turn. (You can't play me anywhere else.),Kudos Productions & 黯荧岛Dark Glow,portrait,https://cmsassets.rgpub.io/sanity/images/dsfx7636/game_data_live/71af1587378c1c3feabd1b148fb776e42c7d27e8-744x1039.png?accountingTag=RB
sfd-016-221,SFD-016/221,16,Recurve Bow,SFD,Spiritforged,uncommon,Uncommon,Gear,,Fury,2,,,Equipment,[Equip] :rb_rune_fury: (:rb_rune_fury:: Attach this to a unit you control.),Riftbound Gear: Recurve Bow. [Equip] [C] ([C]: Attach this to a unit you control.),黯荧岛Dark Glow,portrait,https://cmsassets.rgpub.io/sanity/images/dsfx7636/game_data_live/763604237b4b59df5df98f61528be2233b850dd5-744x1039.png?accountingTag=RB
sfd-017-221,SFD-017/221,17,Sudden Storm,SFD,Spiritforged,uncommon,Uncommon,Spell,,Fury,3,,,,"[Hidden] (Hide now for :rb_rune_rainbow: to react with later for :rb_energy_0:.)
[Action] (Play on your turn or in showdowns.)
Deal 2 to a unit at a battlefield. If it's attacking, deal 4 to it instead.","Riftbound Spell: Sudden Storm. [Hidden] (Hide now for [A] to react with later for [0].)
[Action] (Play on your turn or in showdowns.)
Deal 2 to a unit at a battlefield. If it's attacking, deal 4 to it instead.",Kudos Productions,portrait,https://cmsassets.rgpub.io/sanity/images/dsfx7636/game_data_live/ba3e8c3e95137a289dbdec88e96e5c5a9a45f2c7-744x1039.png?accountingTag=RB
sfd-018-221,SFD-018/221,18,Void Hatchling,SFD,Spiritforged,uncommon,Uncommon,Unit,,Fury,2,2,,The Void,"If you would reveal cards from a deck, look at the top card first. You may recycle it. Then reveal those cards.","Riftbound Unit: Void Hatchling. If you would reveal cards from a deck, look at the top card first. You may recycle it. Then reveal those cards.",Kudos Productions,portrait,https://cmsassets.rgpub.io/sanity/images/dsfx7636/game_data_live/a909782d0a30f31f9414c99ba143fa570a3cb456-744x1039.png?accountingTag=RB
sfd-019-221,SFD-019/221,19,Assembly Rig,SFD,Spiritforged,rare,Rare,Gear,,Fury,4,,,,":rb_energy_1::rb_rune_fury:, Recycle a unit from your trash, :rb_exhaust:: Play a 3 :rb_might: Mech unit token to your base.","Riftbound Gear: Assembly Rig. [1][C], Recycle a unit from your trash, [T]: Play a 3 [S] Mech unit token to your base.",Six More Vodka,portrait,https://cmsassets.rgpub.io/sanity/images/dsfx7636/game_data_live/40ae6f61f1a0b5d65d91e3bb3fd2a0dad9148208-744x1039.png?accountingTag=RB
sfd-020-221,SFD-020/221,20,"Draven, Vanquisher",SFD,Spiritforged,rare,Rare,Unit,Champion,Fury,4,4,,"Draven, Noxus","When I win a combat, play a Gold gear token exhausted.
When I attack or defend, you may pay :rb_rune_fury:. If you do, give me +2 :rb_might: this turn.","Riftbound Unit: Draven, Vanquisher. When I win a combat, play a Gold gear token exhausted.
When I attack or defend, you may pay [C]. If you do, give me +2 [S] this turn.",League Splash Team,portrait,https://cmsassets.rgpub.io/sanity/images/dsfx7636/game_data_live/8e49e0b83df68f37a15bf704b83475144fd9ef92-744x1039.png?accountingTag=RB
sfd-020a-221,SFD-020a/221,20,"Draven, Vanquisher",SFD,Spiritforged,showcase,Showcase,Unit,Champion,Fury,4,4,,"Draven, Noxus","When I win a combat, play a Gold gear token exhausted.
When I attack or defend, you may pay :rb_rune_fury:. If you do, give me +2 :rb_might: this turn.","Riftbound Unit: Draven, Vanquisher. When I win a combat, play a Gold gear token exhausted.
When I attack or defend, you may pay [C]. If you do, give me +2 [S] this turn.",League Splash Team,portrait,https://cmsassets.rgpub.io/sanity/images/dsfx7636/game_data_live/9019c449004f246de6607bf1829f4f3cabcda200-744x1039.png?accountingTag=RB
sfd-021-221,SFD-021/221,21,Ferrous Forerunner,SFD,Spiritforged,rare,Rare,Unit,,Fury,6,6,1,"Mech, Yordle, Bandle City","[Deathknell] — Play two 3 :rb_might: Mech unit tokens to your base. (When I die, get the effect.)","Riftbound Unit: Ferrous Forerunner. [Deathknell] — Play two 3 [S] Mech unit tokens to your base. (When I die, get the effect.)",Envar Studio,portrait,https://cmsassets.rgpub.io/sanity/images/dsfx7636/game_data_live/b2873a352c0158a677255894cec458d1c17709f7-744x1039.png?accountingTag=RB
sfd-022-221,SFD-022/221,22,Long Sword,SFD,Spiritforged,rare,Rare,Gear,,Fury,2,,1,Equipment,"[Quick-Draw] (This has [Reaction]. When you play it, attach it to a unit you control.)
[Equip] :rb_rune_fury: (:rb_rune_fury:: Attach this to a unit you control.)","Riftbound Gear: Long Sword. [Quick-Draw] (This has [Reaction]. When you play it, attach it to a unit you control.)
[Equip] [C] ([C]: Attach this to a unit you control.)",黯荧岛Dark Glow,portrait,https://cmsassets.rgpub.io/sanity/images/dsfx7636/game_data_live/48d798bf93afd1ef139dcafc6cd8705742b93169-744x1039.png?accountingTag=RB
sfd-023-221,SFD-023/221,23,Piercing Light,SFD,Spiritforged,rare,Rare,Spell,,Fury,2,,1,,"[Repeat] :rb_energy_2::rb_rune_fury: (You may pay the additional cost to repeat this spell's effect.)
Deal 2 to a unit at a battlefield, then deal 2 to up to one other unit.","Riftbound Spell: Piercing Light. [Repeat] [2][C] (You may pay the additional cost to repeat this spell's effect.)
Deal 2 to a unit at a battlefield, then deal 2 to up to one other unit.",Kudos Productions,portrait,https://cmsassets.rgpub.io/sanity/images/dsfx7636/game_data_live/7fb3283b11fb8e5b5b08f9ead9b98c695b75bff0-744x1039.png?accountingTag=RB
sfd-024-221,SFD-024/221,24,"Rell, Magnetic",SFD,Spiritforged,rare,Rare,Unit,Champion,Fury,4,4,,"Rell, Noxus","[Tank] (I must be assigned combat damage first.)
When I attack, you may play an Equipment with Energy cost no more than :rb_energy_2:, ignoring its cost, and attach it to me.","Riftbound Unit: Rell, Magnetic. [Tank] (I must be assigned combat damage first.)
When I attack, you may play an Equipment with Energy cost no more than [2], ignoring its cost, and attach it to me.",League Splash Team,portrait,https://cmsassets.rgpub.io/sanity/images/dsfx7636/game_data_live/8aa1a9cf0a91a9ab601d5e5d42a438d4217eddd7-744x1039.png?accountingTag=RB
sfd-025-221,SFD-025/221,25,"Rengar, Pouncing",SFD,Spiritforged,rare,Rare,Unit,Champion,Fury,3,3,1,"Cat, Rengar, Ixtal","[Reaction] (Play any time, even before spells and abilities resolve, including to a battlefield you control.)
[Assault 2] (+2 :rb_might: while I'm an attacker.)
I can be played to a battlefield you're attacking.","Riftbound Unit: Rengar, Pouncing. [Reaction] (Play any time, even before spells and abilities resolve, including to a battlefield you control.)
[Assault 2] (+2 [S] while I'm an attacker.)
I can be played to a battlefield you're attacking.",League Splash Team,portrait,https://cmsassets.rgpub.io/sanity/images/dsfx7636/game_data_live/e24eb3fb835c4762479da5608b018785ef22e02c-744x1039.png?accountingTag=RB
sfd-026a-221,SFD-026a/221,26,"Rumble, Hotheaded",SFD,Spiritforged,showcase,Showcase,Unit,Champion,Fury,4,4,,"Mech, Yordle, Rumble, Bandle City","Your Mechs each have [Assault]. (+1 :rb_might: while we're attackers.)
When I conquer, you may recycle another friendly unit to play a Mech from your trash. Reduce its Energy cost by the Might of the unit you recycled.","Riftbound Unit: Rumble, Hotheaded. Your Mechs each have [Assault]. (+1 [S] while we're attackers.)
When I conquer, you may recycle another friendly unit to play a Mech from your trash. Reduce its Energy cost by the Might of the unit you recycled.",League Splash Team,portrait,https://cmsassets.rgpub.io/sanity/images/dsfx7636/game_data_live/dfeef09dacae683e39013902d77b3398fdcd5db8-744x1039.png?accountingTag=RB
sfd-026-221,SFD-026/221,26,"Rumble, Hotheaded",SFD,Spiritforged,rare,Rare,Unit,Champion,Fury,4,4,,"Mech, Yordle, Rumble, Bandle City","Your Mechs each have [Assault]. (+1 :rb_might: while we're attackers.)
When I conquer, you may recycle another friendly unit to play a Mech from your trash. Reduce its Energy cost by the Might of the unit you recycled.","Riftbound Unit: Rumble, Hotheaded. Your Mechs each have [Assault]. (+1 [S] while we're attackers.)
When I conquer, you may recycle another friendly unit to play a Mech from your trash. Reduce its Energy cost by the Might of the unit you recycled.",Six More Vodka,portrait,https://cmsassets.rgpub.io/sanity/images/dsfx7636/game_data_live/e211311ecb1475e87d3d94eba4a6774b4e900091-744x1039.png?accountingTag=RB
sfd-027-221,SFD-027/221,27,Dunebreaker,SFD,Spiritforged,epic,Epic,Unit,,Fury,7,7,1,The Void,"If you have two or fewer cards in your hand, I enter ready.
When I hold, draw 2.","Riftbound Unit: Dunebreaker. If you have two or fewer cards in your hand, I enter ready.
When I hold, draw 2.",Wild Blue Studios,portrait,https://cmsassets.rgpub.io/sanity/images/dsfx7636/game_data_live/fa17369233dfc68e011d16b7b98971a6f8743c3e-744x1039.png?accountingTag=RB
sfd-028a-221,SFD-028a/221,28,"Lucian, Gunslinger",SFD,Spiritforged,showcase,Showcase,Unit,Champion,Fury,3,2,,"Lucian, Demacia, Sentinel","[Assault] (+1 :rb_might: while I'm an attacker.)
When I attack, deal damage equal to my [Assault] to an enemy unit here.","Riftbound Unit: Lucian, Gunslinger. [Assault] (+1 [S] while I'm an attacker.)
When I attack, deal damage equal to my [Assault] to an enemy unit here.",Kudos Productions,portrait,https://cmsassets.rgpub.io/sanity/images/dsfx7636/game_data_live/3982de5a4aee53471ca589179f5cf8617169fb52-744x1039.png?accountingTag=RB
sfd-028-221,SFD-028/221,28,"Lucian, Gunslinger",SFD,Spiritforged,epic,Epic,Unit,Champion,Fury,3,2,,"Lucian, Demacia, Sentinel","[Assault] (+1 :rb_might: while I'm an attacker.)
When I attack, deal damage equal to my [Assault] to an enemy unit here.","Riftbound Unit: Lucian, Gunslinger. [Assault] (+1 [S] while I'm an attacker.)
When I attack, deal damage equal to my [Assault] to an enemy unit here.",Six More Vodka,portrait,https://cmsassets.rgpub.io/sanity/images/dsfx7636/game_data_live/2dfb106d7c85235436d25261195a638e2ab15092-744x1039.png?accountingTag=RB
sfd-029-221,SFD-029/221,29,"Rek'Sai, Breacher",SFD,Spiritforged,epic,Epic,Unit,Champion,Fury,3,3,,"Rek'Sai, The Void","[Accelerate] (You may pay :rb_energy_1::rb_rune_fury: as an additional cost to have me enter ready.)
[Assault] (+1 :rb_might: while I'm an attacker.)
Friendly units played from anywhere other than a player's hand have [Accelerate].","Riftbound Unit: Rek'Sai, Breacher. [Accelerate] (You may pay [1][C] as an additional cost to have me enter ready.)
[Assault] (+1 [S] while I'm an attacker.)
Friendly units played from anywhere other than a player's hand have [Accelerate].",Six More Vodka,portrait,https://cmsassets.rgpub.io/sanity/images/dsfx7636/game_data_live/999e2d25ea32da971e7b99b6e75558286c17949e-744x1039.png?accountingTag=RB
sfd-029a-221,SFD-029a/221,29,"Rek'Sai, Breacher",SFD,Spiritforged,showcase,Showcase,Unit,Champion,Fury,3,3,,"Rek'Sai, The Void","[Accelerate] (You may pay :rb_energy_1::rb_rune_fury: as an additional cost to have me enter ready.)
[Assault] (+1 :rb_might: while I'm an attacker.)
Friendly units played from anywhere other than a player's hand have [Accelerate].","Riftbound Unit: Rek'Sai, Breacher. [Accelerate] (You may pay [1][C] as an additional cost to have me enter ready.)
[Assault] (+1 [S] while I'm an attacker.)
Friendly units played from anywhere other than a player's hand have [Accelerate].",League Splash Team,portrait,https://cmsassets.rgpub.io/sanity/images/dsfx7636/game_data_live/8ef898e761ab44c43cb1cba11109a02d9cb5ce10-744x1039.png?accountingTag=RB
sfd-030-221,SFD-030/221,30,Skyfall of Areion,SFD,Spiritforged,epic,Epic,Gear,,Fury,3,,,Equipment,[Equip] :rb_energy_1::rb_rune_fury: (:rb_energy_1::rb_rune_fury:: Attach this to a unit you control.),Riftbound Gear: Skyfall of Areion. [Equip] [1][C] ([1][C]: Attach this to a unit you control.),黯荧岛Dark Glow,portrait,https://cmsassets.rgpub.io/sanity/images/dsfx7636/game_data_live/bea8390beb651502413cf644319c8ca6a8db1102-744x1039.png?accountingTag=RB
sfd-031-221,SFD-031/221,31,Desert's Call,SFD,Spiritforged,common,Common,Spell,,Calm,2,,,,"[Repeat] :rb_energy_2: (You may pay the additional cost to repeat this spell's effect.)
Play a 2 :rb_might: Sand Soldier unit token.","Riftbound Spell: Desert's Call. [Repeat] [2] (You may pay the additional cost to repeat this spell's effect.)
Play a 2 [S] Sand Soldier unit token.",Kudos Productions,portrait,https://cmsassets.rgpub.io/sanity/images/dsfx7636/game_data_live/b38ab6c02238b5a8e456cdad9b5108bb30e718bc-744x1039.png?accountingTag=RB
sfd-032-221,SFD-032/221,32,Disarming Rake,SFD,Spiritforged,common,Common,Unit,,Calm,3,2,1,Demacia,"When you play me, you may kill a gear.","Riftbound Unit: Disarming Rake. When you play me, you may kill a gear.",Six More Vodka,portrait,https://cmsassets.rgpub.io/sanity/images/dsfx7636/game_data_live/523732db17d8cf3c7c55f57c5dfb397b73e2b116-744x1039.png?accountingTag=RB
sfd-033-221,SFD-033/221,33,Doran's Shield,SFD,Spiritforged,common,Common,Gear,,Calm,1,,,Equipment,[Equip] :rb_rune_calm: (:rb_rune_calm:: Attach this to a unit you control.),Riftbound Gear: Doran's Shield. [Equip] [C] ([C]: Attach this to a unit you control.),黯荧岛Dark Glow,portrait,https://cmsassets.rgpub.io/sanity/images/dsfx7636/game_data_live/49a24d4c6d770ed233c4a69bf8d87385bfc997d8-744x1039.png?accountingTag=RB
sfd-034-221,SFD-034/221,34,Feral Strength,SFD,Spiritforged,common,Common,Spell,,Calm,2,,,,"[Reaction] (Play any time, even before spells and abilities resolve.)
[Repeat] :rb_energy_2: (You may pay the additional cost to repeat this spell's effect.)
Give a unit +2 :rb_might: this turn.","Riftbound Spell: Feral Strength. [Reaction] (Play any time, even before spells and abilities resolve.)
[Repeat] [2] (You may pay the additional cost to repeat this spell's effect.)
Give a unit +2 [S] this turn.",Kudos Productions,portrait,https://cmsassets.rgpub.io/sanity/images/dsfx7636/game_data_live/f07842b38914f6bc73235fe07788a3fce89b4785-744x1039.png?accountingTag=RB
sfd-035-221,SFD-035/221,35,Guardian of the Passage,SFD,Spiritforged,common,Common,Unit,,Calm,6,6,,"Spirit, Shadow Isles","When I hold, you may return a unit or gear from your trash to your hand.","Riftbound Unit: Guardian of the Passage. When I hold, you may return a unit or gear from your trash to your hand.",JiHun Lee,portrait,https://cmsassets.rgpub.io/sanity/images/dsfx7636/game_data_live/f6b932aa510c92d014422d31e27b1505e54abe20-744x1039.png?accountingTag=RB
sfd-036-221,SFD-036/221,36,Lonely Poro,SFD,Spiritforged,common,Common,Unit,,Calm,2,2,,"Poro, Freljord","[Deathknell] — If I died alone, draw 1. (When I die, get the effect. I'm alone if there are no other friendly units here.)","Riftbound Unit: Lonely Poro. [Deathknell] — If I died alone, draw 1. (When I die, get the effect. I'm alone if there are no other friendly units here.)",Six More Vodka,portrait,https://cmsassets.rgpub.io/sanity/images/dsfx7636/game_data_live/f5ab933035b7a6d6bb1d35c10c13f58c7fbf3398-744x1039.png?accountingTag=RB
sfd-037-221,SFD-037/221,37,Navori Scout,SFD,Spiritforged,common,Common,Unit,,Calm,4,4,,"Yordle, Ionia",[Deflect] (Opponents must pay :rb_rune_rainbow: to choose me with a spell or ability.),Riftbound Unit: Navori Scout. [Deflect] (Opponents must pay [A] to choose me with a spell or ability.),Six More Vodka,portrait,https://cmsassets.rgpub.io/sanity/images/dsfx7636/game_data_live/038625518f5b46f5217d300d9dc9fbf507c4ae09-744x1039.png?accountingTag=RB
sfd-038-221,SFD-038/221,38,Ribbon Dancer,SFD,Spiritforged,common,Common,Unit,,Calm,3,3,,Ionia,"When I move to a battlefield, give another friendly unit +1 :rb_might: this turn.","Riftbound Unit: Ribbon Dancer. When I move to a battlefield, give another friendly unit +1 [S] this turn.",Six More Vodka,portrait,https://cmsassets.rgpub.io/sanity/images/dsfx7636/game_data_live/92550ab70647046115133c7547423bcf308906f6-744x1039.png?accountingTag=RB
sfd-039-221,SFD-039/221,39,Royal Entourage,SFD,Spiritforged,common,Common,Unit,,Calm,3,4,1,Shurima,"When you play me, ready or exhaust a legend.","Riftbound Unit: Royal Entourage. When you play me, ready or exhaust a legend.",Kudos Productions,portrait,https://cmsassets.rgpub.io/sanity/images/dsfx7636/game_data_live/a6f3ce580860fe80fdf1b41533ba89b5060e946a-744x1039.png?accountingTag=RB
sfd-040-221,SFD-040/221,40,Thwonk!,SFD,Spiritforged,common,Common,Spell,,Calm,2,,,,"[Action] (Play on your turn or in showdowns.)
[Repeat] :rb_energy_2: (You may pay the additional cost to repeat this spell's effect.)
Stun an attacking unit. (It doesn't deal combat damage this turn.)","Riftbound Spell: Thwonk!. [Action] (Play on your turn or in showdowns.)
[Repeat] [2] (You may pay the additional cost to repeat this spell's effect.)
Stun an attacking unit. (It doesn't deal combat damage this turn.)",Kudos Productions,portrait,https://cmsassets.rgpub.io/sanity/images/dsfx7636/game_data_live/c414fdba5e47db294b8364a07f1258bc3e204c51-744x1039.png?accountingTag=RB
sfd-041-221,SFD-041/221,41,Apprentice Smith,SFD,Spiritforged,uncommon,Uncommon,Unit,,Calm,2,2,,Freljord,"When I move, reveal the top card of your Main Deck. If it's a gear, draw it. Otherwise, recycle it.","Riftbound Unit: Apprentice Smith. When I move, reveal the top card of your Main Deck. If it's a gear, draw it. Otherwise, recycle it.",Kudos Productions,portrait,https://cmsassets.rgpub.io/sanity/images/dsfx7636/game_data_live/3998c6171ddc7a021560d9d9600c8eced9a8d628-744x1039.png?accountingTag=RB
sfd-042-221,SFD-042/221,42,Brutalizer,SFD,Spiritforged,uncommon,Uncommon,Gear,,Calm,2,,,Equipment,[Equip] :rb_rune_calm: (:rb_rune_calm:: Attach this to a unit you control.),Riftbound Gear: Brutalizer. [Equip] [C] ([C]: Attach this to a unit you control.),黯荧岛Dark Glow,portrait,https://cmsassets.rgpub.io/sanity/images/dsfx7636/game_data_live/3a0de7eec3de501f79f33c09b43c7fe42721d10d-744x1039.png?accountingTag=RB
sfd-043-221,SFD-043/221,43,Emperor's Divide,SFD,Spiritforged,uncommon,Uncommon,Spell,,Calm,2,,,,"[Hidden] (Hide now for :rb_rune_rainbow: to react with later for :rb_energy_0:.)
[Action] (Play on your turn or in showdowns.)
Move any number of friendly units at a battlefield to their base.","Riftbound Spell: Emperor's Divide. [Hidden] (Hide now for [A] to react with later for [0].)
[Action] (Play on your turn or in showdowns.)
Move any number of friendly units at a battlefield to their base.",Kudos Productions,portrait,https://cmsassets.rgpub.io/sanity/images/dsfx7636/game_data_live/80f367f06549d597c7b5a77be73eb647eab34f59-744x1039.png?accountingTag=RB
sfd-044-221,SFD-044/221,44,Legion Quartermaster,SFD,Spiritforged,uncommon,Uncommon,Unit,,Calm,3,4,,"Trifarian, Noxus","As an additional cost to play me, return a friendly gear to its owner's hand.","Riftbound Unit: Legion Quartermaster. As an additional cost to play me, return a friendly gear to its owner's hand.",Kudos Productions,portrait,https://cmsassets.rgpub.io/sanity/images/dsfx7636/game_data_live/c09cc35ffc98b46f919c09e09a93b603d63eb73e-744x1039.png?accountingTag=RB
sfd-045-221,SFD-045/221,45,Not So Fast,SFD,Spiritforged,uncommon,Uncommon,Spell,,Calm,2,,1,,"[Reaction] (Play any time, even before spells and abilities resolve.)
Counter an enemy spell or ability that chooses a friendly unit or gear.","Riftbound Spell: Not So Fast. [Reaction] (Play any time, even before spells and abilities resolve.)
Counter an enemy spell or ability that chooses a friendly unit or gear.",Kudos Productions,portrait,https://cmsassets.rgpub.io/sanity/images/dsfx7636/game_data_live/e576fefdce72ad862a7e374bf8c0fd509f359da9-744x1039.png?accountingTag=RB
sfd-046-221,SFD-046/221,46,Poro Snax,SFD,Spiritforged,uncommon,Uncommon,Gear,,Calm,1,,1,,"When you play this, draw 1.
:rb_energy_1::rb_rune_calm:, :rb_exhaust:, Kill this: Draw 1.","Riftbound Gear: Poro Snax. When you play this, draw 1.
[1][C], [T], Kill this: Draw 1.",Six More Vodka,portrait,https://cmsassets.rgpub.io/sanity/images/dsfx7636/game_data_live/8caaa64513b5ba57d676c7b2b9ee64af61711539-744x1039.png?accountingTag=RB
sfd-047-221,SFD-047/221,47,Simian Ancestor,SFD,Spiritforged,uncommon,Uncommon,Unit,,Calm,5,5,1,Ionia,"When you buff me, ready me.","Riftbound Unit: Simian Ancestor. When you buff me, ready me.",Kudos Productions,portrait,https://cmsassets.rgpub.io/sanity/images/dsfx7636/game_data_live/901a77a01e869f1f38f7a0b1ba5ae28f06b54a08-744x1039.png?accountingTag=RB
sfd-048-221,SFD-048/221,48,Stellacorn Herder,SFD,Spiritforged,uncommon,Uncommon,Unit,,Calm,4,3,,Mount Targon,"When I move, draw 1.","Riftbound Unit: Stellacorn Herder. When I move, draw 1.",Six More Vodka,portrait,https://cmsassets.rgpub.io/sanity/images/dsfx7636/game_data_live/1e7960a35d45dd55e934260ea23307853aa5afd4-744x1039.png?accountingTag=RB
sfd-049-221,SFD-049/221,49,"Aphelios, Exalted",SFD,Spiritforged,rare,Rare,Unit,Champion,Calm,4,4,1,"Aphelios, Mount Targon","When you attach an Equipment to me, choose one that hasn't been chosen this turn —Ready 2 runes.Channel 1 rune exhausted.Buff a friendly unit.","Riftbound Unit: Aphelios, Exalted. When you attach an Equipment to me, choose one that hasn't been chosen this turn —
- Ready 2 runes.
- Channel 1 rune exhausted.
- Buff a friendly unit.",Six More Vodka,portrait,https://cmsassets.rgpub.io/sanity/images/dsfx7636/game_data_live/df9ccbba2501059e5781a44434745a1f0e33ecae-744x1039.png?accountingTag=RB
sfd-050a-221,SFD-050a/221,50,"Azir, Ascendant",SFD,Spiritforged,showcase,Showcase,Unit,Champion,Calm,6,6,1,"Bird, Azir, Shurima",":rb_rune_calm:: [Action] — Choose a unit you control. Move me to its location and it to my original location. If it's equipped, you may attach one of its Equipment to me. Use only once per turn.","Riftbound Unit: Azir, Ascendant. [C]: [Action] — Choose a unit you control. Move me to its location and it to my original location. If it's equipped, you may attach one of its Equipment to me. Use only once per turn.",League Splash Team,portrait,https://cmsassets.rgpub.io/sanity/images/dsfx7636/game_data_live/3a0859ca50e71c69b22e4dab93e840b6d30e3d50-744x1039.png?accountingTag=RB
sfd-050-221,SFD-050/221,50,"Azir, Ascendant",SFD,Spiritforged,rare,Rare,Unit,Champion,Calm,6,6,1,"Bird, Azir, Shurima",":rb_rune_calm:: [Action] — Choose a unit you control. Move me to its location and it to my original location. If it's equipped, you may attach one of its Equipment to me. Use only once per turn.","Riftbound Unit: Azir, Ascendant. [C]: [Action] — Choose a unit you control. Move me to its location and it to my original location. If it's equipped, you may attach one of its Equipment to me. Use only once per turn.",Six More Vodka,portrait,https://cmsassets.rgpub.io/sanity/images/dsfx7636/game_data_live/3c42c02f6ebd2e4d4a640c2c6ac081231439888e-744x1039.png?accountingTag=RB
sfd-051-221,SFD-051/221,51,Guardian Angel,SFD,Spiritforged,rare,Rare,Gear,,Calm,2,,,Equipment,[Equip] :rb_rune_calm: (:rb_rune_calm:: Attach this to a unit you control.),Riftbound Gear: Guardian Angel. [Equip] [C] ([C]: Attach this to a unit you control.),黯荧岛Dark Glow,portrait,https://cmsassets.rgpub.io/sanity/images/dsfx7636/game_data_live/d09a797345659a1853d6d12910cf3c634990ea0c-744x1039.png?accountingTag=RB
sfd-052-221,SFD-052/221,52,Heart of Dark Ice,SFD,Spiritforged,rare,Rare,Gear,,Calm,3,,1,,:rb_exhaust:: Give a unit +3 :rb_might: this turn.,Riftbound Gear: Heart of Dark Ice. [T]: Give a unit +3 [S] this turn.,Kudos Productions,portrait,https://cmsassets.rgpub.io/sanity/images/dsfx7636/game_data_live/73d8251c3bd8f7cd77010e9628515cd7fa462386-744x1039.png?accountingTag=RB
sfd-053-221,SFD-053/221,53,"Janna, Savior",SFD,Spiritforged,rare,Rare,Unit,Champion,Calm,3,3,1,"Janna, Zaun","[Reaction] (Play any time, even before spells and abilities resolve, including to a battlefield you control.)
When you play me, heal your units here, then move an enemy unit from here to its base.","Riftbound Unit: Janna, Savior. [Reaction] (Play any time, even before spells and abilities resolve, including to a battlefield you control.)
When you play me, heal your units here, then move an enemy unit from here to its base.",Envar Studio,portrait,https://cmsassets.rgpub.io/sanity/images/dsfx7636/game_data_live/191f04059bbfd69dfe63d36010586597bb3549b2-744x1039.png?accountingTag=RB
sfd-054-221,SFD-054/221,54,"Jax, Unmatched",SFD,Spiritforged,rare,Rare,Unit,Champion,Calm,5,5,1,"Jax, Icathia","[Deflect] (Opponents must pay :rb_rune_rainbow: to choose me with a spell or ability.)
Each Equipment in your hand has [Quick-Draw]. (It gains [Reaction]. When you play it, attach it to a unit you control.)","Riftbound Unit: Jax, Unmatched. [Deflect] (Opponents must pay [A] to choose me with a spell or ability.)
Each Equipment in your hand has [Quick-Draw]. (It gains [Reaction]. When you play it, attach it to a unit you control.)",Envar Studio,portrait,https://cmsassets.rgpub.io/sanity/images/dsfx7636/game_data_live/3d425589c74dbff818fa09db134fdd8bb7136420-744x1039.png?accountingTag=RB
sfd-054a-221,SFD-054a/221,54,"Jax, Unmatched",SFD,Spiritforged,showcase,Showcase,Unit,Champion,Calm,5,5,1,"Jax, Icathia","[Deflect] (Opponents must pay :rb_rune_rainbow: to choose me with a spell or ability.)
Each Equipment in your hand has [Quick-Draw]. (It gains [Reaction]. When you play it, attach it to a unit you control.)","Riftbound Unit: Jax, Unmatched. [Deflect] (Opponents must pay [A] to choose me with a spell or ability.)
Each Equipment in your hand has [Quick-Draw]. (It gains [Reaction]. When you play it, attach it to a unit you control.)",League Splash Team,portrait,https://cmsassets.rgpub.io/sanity/images/dsfx7636/game_data_live/1d2eae793e415c5f53d7b11c335b5f0ed08c2086-744x1039.png?accountingTag=RB
sfd-055-221,SFD-055/221,55,Needlessly Large Yordle,SFD,Spiritforged,rare,Rare,Unit,,Calm,10,5,3,"Yordle, Bandle City","[Shield 5] (+5 :rb_might: while I'm a defender.)
[Tank] (I must be assigned combat damage first.)
I cost :rb_energy_2::rb_rune_calm: less for each point you scored from holding this turn.","Riftbound Unit: Needlessly Large Yordle. [Shield 5] (+5 [S] while I'm a defender.)
[Tank] (I must be assigned combat damage first.)
I cost [2][C] less for each point you scored from holding this turn.",Kudos Productions,portrait,https://cmsassets.rgpub.io/sanity/images/dsfx7636/game_data_live/952dcaf9fd4b5f3e8592d140c11d792175597da1-744x1039.png?accountingTag=RB
sfd-056-221,SFD-056/221,56,Sterak's Gage,SFD,Spiritforged,rare,Rare,Gear,,Calm,3,,2,Equipment,"[Quick-Draw] (This has [Reaction]. When you play it, attach it to a unit you control.)
[Equip] :rb_rune_calm: (:rb_rune_calm:: Attach this to a unit you control.)","Riftbound Gear: Sterak's Gage. [Quick-Draw] (This has [Reaction]. When you play it, attach it to a unit you control.)
[Equip] [C] ([C]: Attach this to a unit you control.)",黯荧岛Dark Glow,portrait,https://cmsassets.rgpub.io/sanity/images/dsfx7636/game_data_live/df16e6b668fc6771ff657512deba1bf48363e23a-744x1039.png?accountingTag=RB
sfd-057-221,SFD-057/221,57,"Irelia, Fervent",SFD,Spiritforged,epic,Epic,Unit,Champion,Calm,5,4,,"Irelia, Ionia","[Deflect] (Opponents must pay :rb_rune_rainbow: to choose me with a spell or ability.)
When you choose or ready me, give me +1 :rb_might: this turn.","Riftbound Unit: Irelia, Fervent. [Deflect] (Opponents must pay [A] to choose me with a spell or ability.)
When you choose or ready me, give me +1 [S] this turn.",Six More Vodka,portrait,https://cmsassets.rgpub.io/sanity/images/dsfx7636/game_data_live/fe05fa55781f8036f8bfc9c10bba94326a0c8cc9-744x1039.png?accountingTag=RB
sfd-057a-221,SFD-057a/221,57,"Irelia, Fervent",SFD,Spiritforged,showcase,Showcase,Unit,Champion,Calm,5,4,,"Irelia, Ionia","[Deflect] (Opponents must pay :rb_rune_rainbow: to choose me with a spell or ability.)
When you choose or ready me, give me +1 :rb_might: this turn.","Riftbound Unit: Irelia, Fervent. [Deflect] (Opponents must pay [A] to choose me with a spell or ability.)
When you choose or ready me, give me +1 [S] this turn.",League Splash Team,portrait,https://cmsassets.rgpub.io/sanity/images/dsfx7636/game_data_live/cef4f73541e0623b4024b483d141d0396f1dddcb-744x1039.png?accountingTag=RB
sfd-058a-221,SFD-058a/221,58,"Ornn, Blacksmith",SFD,Spiritforged,showcase,Showcase,Unit,Champion,Calm,5,5,1,"Ornn, Freljord","When you play me or when I hold, look at the top 4 cards of your Main Deck. You may reveal a gear from among them and draw it. Then recycle the rest.","Riftbound Unit: Ornn, Blacksmith. When you play me or when I hold, look at the top 4 cards of your Main Deck. You may reveal a gear from among them and draw it. Then recycle the rest.",League Splash Team,portrait,https://cmsassets.rgpub.io/sanity/images/dsfx7636/game_data_live/e0621bba6475425d93191677b2b120c07a8efe20-744x1039.png?accountingTag=RB
sfd-058-221,SFD-058/221,58,"Ornn, Blacksmith",SFD,Spiritforged,epic,Epic,Unit,Champion,Calm,5,5,1,"Ornn, Freljord","When you play me or when I hold, look at the top 4 cards of your Main Deck. You may reveal a gear from among them and draw it. Then recycle the rest.","Riftbound Unit: Ornn, Blacksmith. When you play me or when I hold, look at the top 4 cards of your Main Deck. You may reveal a gear from among them and draw it. Then recycle the rest.",Kudos Productions,portrait,https://cmsassets.rgpub.io/sanity/images/dsfx7636/game_data_live/77b48a28f48f26714f4bcf860379945a2d7186aa-744x1039.png?accountingTag=RB
sfd-059-221,SFD-059/221,59,Svellsongur,SFD,Spiritforged,epic,Epic,Gear,,Calm,3,,1,Equipment,"[Equip] :rb_energy_1::rb_rune_calm: (:rb_energy_1::rb_rune_calm:: Attach this to a unit you control.)
As this is attached to a unit, copy that unit's text to this Equipment's effect text for as long as this is attached to it.","Riftbound Gear: Svellsongur. [Equip] [1][C] ([1][C]: Attach this to a unit you control.)
As this is attached to a unit, copy that unit's text to this Equipment's effect text for as long as this is attached to it.",Envar Studio,portrait,https://cmsassets.rgpub.io/sanity/images/dsfx7636/game_data_live/bc254398dfb5db217327b56862011a2fd6020789-744x1039.png?accountingTag=RB
sfd-060-221,SFD-060/221,60,Tianna Crownguard,SFD,Spiritforged,epic,Epic,Unit,,Calm,7,4,2,"Elite, Demacia","[Deflect] (Opponents must pay :rb_rune_rainbow: to choose me with a spell or ability.)
While I'm at a battlefield, opponents can't score points.","Riftbound Unit: Tianna Crownguard. [Deflect] (Opponents must pay [A] to choose me with a spell or ability.)
While I'm at a battlefield, opponents can't score points.",Six More Vodka,portrait,https://cmsassets.rgpub.io/sanity/images/dsfx7636/game_data_live/2a1876aeedae7310409d0eaaf453507188b0c82b-744x1039.png?accountingTag=RB
sfd-061-221,SFD-061/221,61,Aspiring Engineer,SFD,Spiritforged,common,Common,Unit,,Mind,3,3,1,Piltover,"When you play me, return a gear from your trash to your hand.","Riftbound Unit: Aspiring Engineer. When you play me, return a gear from your trash to your hand.",Six More Vodka,portrait,https://cmsassets.rgpub.io/sanity/images/dsfx7636/game_data_live/5d61995ae384bcee56838beb0eb6d83bf5faefad-744x1039.png?accountingTag=RB
sfd-062-221,SFD-062/221,62,Bubble Bot,SFD,Spiritforged,common,Common,Unit,,Mind,3,3,,"Mech, Yordle, Bandle City","When you play me, ready another friendly Mech.","Riftbound Unit: Bubble Bot. When you play me, ready another friendly Mech.",Envar Studio,portrait,https://cmsassets.rgpub.io/sanity/images/dsfx7636/game_data_live/c0fe9df24ae4b8a5b4fb8276b1bd6c5a5f5f7b2b-744x1039.png?accountingTag=RB
sfd-063-221,SFD-063/221,63,Chemtech Cask,SFD,Spiritforged,common,Common,Gear,,Mind,1,,,,"When you play a spell on an opponent's turn, you may exhaust me to play a Gold gear token exhausted.","Riftbound Gear: Chemtech Cask. When you play a spell on an opponent's turn, you may exhaust me to play a Gold gear token exhausted.",Six More Vodka & 黯荧岛Dark Glow,portrait,https://cmsassets.rgpub.io/sanity/images/dsfx7636/game_data_live/39071feea6d3739a834a83b1841f496bdfc3a59a-744x1039.png?accountingTag=RB
sfd-064-221,SFD-064/221,64,Cloth Armor,SFD,Spiritforged,common,Common,Gear,,Mind,1,,,Equipment,"[Quick-Draw] (This has [Reaction]. When you play it, attach it to a unit you control.)
[Equip] :rb_rune_mind: (:rb_rune_mind:: Attach this to a unit you control.)","Riftbound Gear: Cloth Armor. [Quick-Draw] (This has [Reaction]. When you play it, attach it to a unit you control.)
[Equip] [C] ([C]: Attach this to a unit you control.)",黯荧岛Dark Glow,portrait,https://cmsassets.rgpub.io/sanity/images/dsfx7636/game_data_live/fe02bf01609ff2e6cc6fa8fbd578fd596ab5cb84-744x1039.png?accountingTag=RB
sfd-065-221,SFD-065/221,65,Forecaster,SFD,Spiritforged,common,Common,Unit,,Mind,2,2,,"Mech, Yordle, Bandle City","Your Mechs have [Vision]. (When you play us, look at the top card of your Main Deck. You may recycle it.)","Riftbound Unit: Forecaster. Your Mechs have [Vision]. (When you play us, look at the top card of your Main Deck. You may recycle it.)",Envar Studio,portrait,https://cmsassets.rgpub.io/sanity/images/dsfx7636/game_data_live/3f58f0c58503e4f8caecb7ea7f77b478a1e92961-744x1039.png?accountingTag=RB
sfd-066-221,SFD-066/221,66,Frigid Touch,SFD,Spiritforged,common,Common,Spell,,Mind,2,,,,"[Reaction] (Play any time, even before spells and abilities resolve.)
[Repeat] :rb_energy_2: (You may pay the additional cost to repeat this spell's effect.)
Give a unit -2 :rb_might: this turn.","Riftbound Spell: Frigid Touch. [Reaction] (Play any time, even before spells and abilities resolve.)
[Repeat] [2] (You may pay the additional cost to repeat this spell's effect.)
Give a unit -2 [S] this turn.",Kudos Productions,portrait,https://cmsassets.rgpub.io/sanity/images/dsfx7636/game_data_live/1caaf42d4cc12ab9acc57dc8c572448f8d8dd34d-744x1039.png?accountingTag=RB
sfd-067-221,SFD-067/221,67,Frostcoat Cub,SFD,Spiritforged,common,Common,Unit,,Mind,3,3,,"Dog, Freljord","You may pay :rb_rune_mind: as an additional cost to play me.
When you play me, if you paid the additional cost, give a unit -2 :rb_might: this turn.","Riftbound Unit: Frostcoat Cub. You may pay [C] as an additional cost to play me.
When you play me, if you paid the additional cost, give a unit -2 [S] this turn.",Caravan Studio,portrait,https://cmsassets.rgpub.io/sanity/images/dsfx7636/game_data_live/0b5f1f6ed65e070d2878b8aa21fd95e43688fc1d-744x1039.png?accountingTag=RB
sfd-068-221,SFD-068/221,68,Gearhead,SFD,Spiritforged,common,Common,Unit,,Mind,5,3,,Zaun,"[Accelerate] (You may pay :rb_energy_1::rb_rune_mind: as an additional cost to have me enter ready.)
Each Equipment attached to me gives double its base Might bonus.","Riftbound Unit: Gearhead. [Accelerate] (You may pay [1][C] as an additional cost to have me enter ready.)
Each Equipment attached to me gives double its base Might bonus.",Six More Vodka & 黯荧岛Dark Glow,portrait,https://cmsassets.rgpub.io/sanity/images/dsfx7636/game_data_live/355b97bf135b8c60afabca7e4c6ecbf1aa25b4d9-744x1039.png?accountingTag=RB
sfd-069-221,SFD-069/221,69,Plundering Poro,SFD,Spiritforged,common,Common,Unit,,Mind,2,2,,"Poro, Pirate, Bilgewater","When I conquer, play a Gold gear token exhausted.","Riftbound Unit: Plundering Poro. When I conquer, play a Gold gear token exhausted.",Six More Vodka,portrait,https://cmsassets.rgpub.io/sanity/images/dsfx7636/game_data_live/4ff9e6c73f67b505e50ec2f5f513292fe5b20b95-744x1039.png?accountingTag=RB
sfd-070-221,SFD-070/221,70,Wages of Pain,SFD,Spiritforged,common,Common,Spell,,Mind,3,,,,"[Hidden] (Hide now for :rb_rune_rainbow: to react with later for :rb_energy_0:.)
[Action] (Play on your turn or in showdowns.)
Deal 3 to a unit at a battlefield. Play a Gold gear token exhausted.","Riftbound Spell: Wages of Pain. [Hidden] (Hide now for [A] to react with later for [0].)
[Action] (Play on your turn or in showdowns.)
Deal 3 to a unit at a battlefield. Play a Gold gear token exhausted.",Kudos Productions,portrait,https://cmsassets.rgpub.io/sanity/images/dsfx7636/game_data_live/aef5c891bd6f7cbc3a97b1e01688868316599929-744x1039.png?accountingTag=RB
sfd-071-221,SFD-071/221,71,Breakneck Mech,SFD,Spiritforged,uncommon,Uncommon,Unit,,Mind,8,7,2,"Mech, Yordle, Bandle City","Your Mechs have [Deflect] and [Ganking]. (Opponents must pay :rb_rune_rainbow: to choose us with a spell or ability. We can move from battlefield to battlefield.)
I enter ready if you control another Mech.","Riftbound Unit: Breakneck Mech. Your Mechs have [Deflect] and [Ganking]. (Opponents must pay [A] to choose us with a spell or ability. We can move from battlefield to battlefield.)
I enter ready if you control another Mech.",Caravan Studio,portrait,https://cmsassets.rgpub.io/sanity/images/dsfx7636/game_data_live/8564fc233cfcb4fc774ac4bc4ee72085d7586163-744x1039.png?accountingTag=RB
sfd-072-221,SFD-072/221,72,Dropboarder,SFD,Spiritforged,uncommon,Uncommon,Unit,,Mind,4,4,,Zaun,"When you play me, if you control two or more gear, ready me.","Riftbound Unit: Dropboarder. When you play me, if you control two or more gear, ready me.",Dao Trong Le,portrait,https://cmsassets.rgpub.io/sanity/images/dsfx7636/game_data_live/8572e4cb5af60dd548e3b87374ff1b12840d981a-744x1039.png?accountingTag=RB
sfd-073-221,SFD-073/221,73,Experimental Hexplate,SFD,Spiritforged,uncommon,Uncommon,Gear,,Mind,1,,,Equipment,[Equip] :rb_rune_mind: (:rb_rune_mind:: Attach this to a unit you control.),Riftbound Gear: Experimental Hexplate. [Equip] [C] ([C]: Attach this to a unit you control.),黯荧岛Dark Glow,portrait,https://cmsassets.rgpub.io/sanity/images/dsfx7636/game_data_live/940a5e9796d4ac10a238d9b2612545c04bd9a570-744x1039.png?accountingTag=RB
sfd-074-221,SFD-074/221,74,Pickpocket,SFD,Spiritforged,uncommon,Uncommon,Unit,,Mind,3,3,,Zaun,"When you play me, you may kill a gear with Energy cost no more than :rb_energy_1:. If you do, play a Gold gear token exhausted.","Riftbound Unit: Pickpocket. When you play me, you may kill a gear with Energy cost no more than [1]. If you do, play a Gold gear token exhausted.",Six More Vodka,portrait,https://cmsassets.rgpub.io/sanity/images/dsfx7636/game_data_live/ebf54af997e53079e1a476feb0411d1791b20f7e-744x1039.png?accountingTag=RB
sfd-075-221,SFD-075/221,75,Prize of Progress,SFD,Spiritforged,uncommon,Uncommon,Unit,,Mind,4,3,1,"Mech, Piltover","When you use an activated ability of a gear, give me +1 :rb_might: this turn.","Riftbound Unit: Prize of Progress. When you use an activated ability of a gear, give me +1 [S] this turn.",Six More Vodka,portrait,https://cmsassets.rgpub.io/sanity/images/dsfx7636/game_data_live/c08f0b6ed24415e6a440a17931c7e2a2db3ab2cc-744x1039.png?accountingTag=RB
sfd-076-221,SFD-076/221,76,Production Surge,SFD,Spiritforged,uncommon,Uncommon,Spell,,Mind,4,,1,,"This costs :rb_energy_2: less if you control a Mech.
Play a 3 :rb_might: Mech unit token to your base.
Draw 1.","Riftbound Spell: Production Surge. This costs [2] less if you control a Mech.
Play a 3 [S] Mech unit token to your base.
Draw 1.",Kudos Productions,portrait,https://cmsassets.rgpub.io/sanity/images/dsfx7636/game_data_live/78783854dd9372138e599affbe96a269d8908c29-744x1039.png?accountingTag=RB
sfd-077-221,SFD-077/221,77,Rocket Barrage,SFD,Spiritforged,uncommon,Uncommon,Spell,,Mind,4,,1,,"[Repeat] :rb_energy_4::rb_rune_mind: (You may pay the additional cost to repeat this spell's effect, and may make different choices.)
Choose one —Deal 4 to a unit in a base.Kill a gear.","Riftbound Spell: Rocket Barrage. [Repeat] [4][C] (You may pay the additional cost to repeat this spell's effect, and may make different choices.)
Choose one —
- Deal 4 to a unit in a base.
- Kill a gear.",Kudos Productions,portrait,https://cmsassets.rgpub.io/sanity/images/dsfx7636/game_data_live/0378f9adf9df08fed264fdd217ce0e94c3f611cb-744x1039.png?accountingTag=RB
sfd-078-221,SFD-078/221,78,Temporal Portal,SFD,Spiritforged,uncommon,Uncommon,Gear,,Mind,3,,,,":rb_rune_rainbow:, :rb_exhaust:: Give the next spell you play this turn [Repeat] equal to its cost. (You may pay the additional cost to repeat the spell's effect.)","Riftbound Gear: Temporal Portal. [A], [T]: Give the next spell you play this turn [Repeat] equal to its cost. (You may pay the additional cost to repeat the spell's effect.)",Kudos Productions,portrait,https://cmsassets.rgpub.io/sanity/images/dsfx7636/game_data_live/a6b8167486d552cc41d10cb9321bae4cef338fa7-744x1039.png?accountingTag=RB
sfd-079-221,SFD-079/221,79,"Bard, Mercurial",SFD,Spiritforged,rare,Rare,Unit,Champion,Mind,4,4,1,Bard,"You may exhaust your legend as an additional cost to play me.
When you play me, if you paid the additional cost, move any number of your units to an open battlefield.","Riftbound Unit: Bard, Mercurial. You may exhaust your legend as an additional cost to play me.
When you play me, if you paid the additional cost, move any number of your units to an open battlefield.",Caravan Studio,portrait,https://cmsassets.rgpub.io/sanity/images/dsfx7636/game_data_live/edfefb81b8821f548a234d8e6d54fd072d7dc22c-744x1039.png?accountingTag=RB
sfd-080-221,SFD-080/221,80,Bellows Breath,SFD,Spiritforged,rare,Rare,Spell,,Mind,1,,1,,"[Action] (Play on your turn or in showdowns.)
[Repeat] :rb_energy_1::rb_rune_mind: (You may pay the additional cost to repeat this spell's effect.)
Deal 1 to up to three units at the same location.","Riftbound Spell: Bellows Breath. [Action] (Play on your turn or in showdowns.)
[Repeat] [1][C] (You may pay the additional cost to repeat this spell's effect.)
Deal 1 to up to three units at the same location.",Kudos Productions,portrait,https://cmsassets.rgpub.io/sanity/images/dsfx7636/game_data_live/f0ae1c4bb788f6fadc251c9d9b36f3f92eef4c56-744x1039.png?accountingTag=RB
sfd-081-221,SFD-081/221,81,Card Sharp,SFD,Spiritforged,rare,Rare,Unit,,Mind,3,3,,Bilgewater,"When you play me, you and each opponent may play a Gold gear token exhausted. For each opponent who did, you play a Gold gear token exhausted.","Riftbound Unit: Card Sharp. When you play me, you and each opponent may play a Gold gear token exhausted. For each opponent who did, you play a Gold gear token exhausted.",Grafit Studio,portrait,https://cmsassets.rgpub.io/sanity/images/dsfx7636/game_data_live/8bfd5dc22473d439cd78d5a3cb23ed03de66953d-744x1039.png?accountingTag=RB
sfd-082a-221,SFD-082a/221,82,"Ezreal, Dashing",SFD,Spiritforged,showcase,Showcase,Unit,Champion,Mind,4,3,1,"Ezreal, Piltover","When I attack or defend, deal damage equal to my Might to an enemy unit here.
I don't deal combat damage.
:rb_rune_mind:: [Action] — Move me to your base.","Riftbound Unit: Ezreal, Dashing. When I attack or defend, deal damage equal to my Might to an enemy unit here.
I don't deal combat damage.
[C]: [Action] — Move me to your base.",League Splash Team,portrait,https://cmsassets.rgpub.io/sanity/images/dsfx7636/game_data_live/83da64e39d838d2fee68c319c03fbff0d4c7035f-744x1039.png?accountingTag=RB
sfd-082-221,SFD-082/221,82,"Ezreal, Dashing",SFD,Spiritforged,rare,Rare,Unit,Champion,Mind,4,3,1,"Ezreal, Piltover","When I attack or defend, deal damage equal to my Might to an enemy unit here.
I don't deal combat damage.
:rb_rune_mind:: [Action] — Move me to your base.","Riftbound Unit: Ezreal, Dashing. When I attack or defend, deal damage equal to my Might to an enemy unit here.
I don't deal combat damage.
[C]: [Action] — Move me to your base.",Six More Vodka,portrait,https://cmsassets.rgpub.io/sanity/images/dsfx7636/game_data_live/3e040f7b7ca16009a2558674a911b8cc93122ba3-744x1039.png?accountingTag=RB
sfd-083-221,SFD-083/221,83,Hextech Anomaly,SFD,Spiritforged,rare,Rare,Gear,,Mind,3,,1,,:rb_exhaust:: [Reaction] — Pay any amount of :rb_rune_rainbow: to [Add] that much Energy. (Abilities that add resources can't be reacted to.),Riftbound Gear: Hextech Anomaly. [T]: [Reaction] — Pay any amount of [A] to [Add] that much Energy. (Abilities that add resources can't be reacted to.),Kudos Productions,portrait,https://cmsassets.rgpub.io/sanity/images/dsfx7636/game_data_live/32a46943778755e2b6210e5adb4507780f08e2c8-744x1039.png?accountingTag=RB
sfd-084-221,SFD-084/221,84,"Jayce, Man of Progress",SFD,Spiritforged,rare,Rare,Unit,Champion,Mind,4,4,,"Jayce, Piltover","When you play me, you may kill a friendly gear. If you do, you may play a gear with Energy cost no more than :rb_energy_7: from hand this turn, ignoring its Energy cost. (You must still pay its Power cost.)","Riftbound Unit: Jayce, Man of Progress. When you play me, you may kill a friendly gear. If you do, you may play a gear with Energy cost no more than [7] from hand this turn, ignoring its Energy cost. (You must still pay its Power cost.)",TUTU,portrait,https://cmsassets.rgpub.io/sanity/images/dsfx7636/game_data_live/b508fa4e52ebbd5f66e1fc7df28cfb70acdfe1f5-744x1039.png?accountingTag=RB
sfd-085-221,SFD-085/221,85,"Ornn, Forge God",SFD,Spiritforged,rare,Rare,Unit,Champion,Mind,6,4,,"Ornn, Freljord","[Deflect 2] (Opponents must pay :rb_rune_rainbow::rb_rune_rainbow: to choose me with a spell or ability.)
[Weaponmaster] (When you play me, you may [Equip] one of your Equipment to me for :rb_rune_rainbow: less, even if it's already attached.)
I have +1 :rb_might: for each friendly gear.","Riftbound Unit: Ornn, Forge God. [Deflect 2] (Opponents must pay [A][A] to choose me with a spell or ability.)
[Weaponmaster] (When you play me, you may [Equip] one of your Equipment to me for [A] less, even if it's already attached.)
I have +1 [S] for each friendly gear.",Will Gist,portrait,https://cmsassets.rgpub.io/sanity/images/dsfx7636/game_data_live/f33c4ea9010ea5f440d4470554845c0ecae2c893-744x1039.png?accountingTag=RB
sfd-085a-221,SFD-085a/221,85,"Ornn, Forge God",SFD,Spiritforged,showcase,Showcase,Unit,Champion,Mind,6,4,,"Ornn, Freljord","[Deflect 2] (Opponents must pay :rb_rune_rainbow::rb_rune_rainbow: to choose me with a spell or ability.)
[Weaponmaster] (When you play me, you may [Equip] one of your Equipment to me for :rb_rune_rainbow: less, even if it's already attached.)
I have +1 :rb_might: for each friendly gear.","Riftbound Unit: Ornn, Forge God. [Deflect 2] (Opponents must pay [A][A] to choose me with a spell or ability.)
[Weaponmaster] (When you play me, you may [Equip] one of your Equipment to me for [A] less, even if it's already attached.)
I have +1 [S] for each friendly gear.",League Splash Team,portrait,https://cmsassets.rgpub.io/sanity/images/dsfx7636/game_data_live/22af72b06cb92d4a0078dddfb87cc9c21c92231d-744x1039.png?accountingTag=RB
sfd-086-221,SFD-086/221,86,World Atlas,SFD,Spiritforged,rare,Rare,Gear,,Mind,3,,,Equipment,[Equip] :rb_rune_mind: (:rb_rune_mind:: Attach this to a unit you control.),Riftbound Gear: World Atlas. [Equip] [C] ([C]: Attach this to a unit you control.),黯荧岛Dark Glow,portrait,https://cmsassets.rgpub.io/sanity/images/dsfx7636/game_data_live/7b8d96e128c19c5ff368119a60759cffa644e942-744x1039.png?accountingTag=RB
sfd-087-221,SFD-087/221,87,Premonition,SFD,Spiritforged,epic,Epic,Spell,,Mind,2,,3,,"[Reaction] (Play any time, even before spells and abilities resolve.)
Draw 3.","Riftbound Spell: Premonition. [Reaction] (Play any time, even before spells and abilities resolve.)
Draw 3.",Polar Engine Studio,portrait,https://cmsassets.rgpub.io/sanity/images/dsfx7636/game_data_live/20ad2f42bcf9a0402e2a0d5a21d55eacee9ecf35-744x1039.png?accountingTag=RB
sfd-088a-221,SFD-088a/221,88,"Renata Glasc, Mastermind",SFD,Spiritforged,showcase,Showcase,Unit,Champion,Mind,5,4,,"Renata Glasc, Zaun",":rb_energy_1::rb_rune_mind:: Draw 1.
:rb_energy_4::rb_rune_mind::rb_rune_mind::rb_rune_mind::rb_rune_mind:, :rb_exhaust:: Score 1 point.
Use my abilities only while I'm at a battlefield.","Riftbound Unit: Renata Glasc, Mastermind. [1][C]: Draw 1.
[4][C][C][C][C], [T]: Score 1 point. 
Use my abilities only while I'm at a battlefield.",League Splash Team,portrait,https://cmsassets.rgpub.io/sanity/images/dsfx7636/game_data_live/b2b269d8ec274f3869ba42982f5710b160c4c43f-744x1039.png?accountingTag=RB
sfd-088-221,SFD-088/221,88,"Renata Glasc, Mastermind",SFD,Spiritforged,epic,Epic,Unit,Champion,Mind,5,4,,"Renata Glasc, Zaun",":rb_energy_1::rb_rune_mind:: Draw 1.
:rb_energy_4::rb_rune_mind::rb_rune_mind::rb_rune_mind::rb_rune_mind:, :rb_exhaust:: Score 1 point.
Use my abilities only while I'm at a battlefield.","Riftbound Unit: Renata Glasc, Mastermind. [1][C]: Draw 1.
[4][C][C][C][C], [T]: Score 1 point. 
Use my abilities only while I'm at a battlefield.",League of Legends,portrait,https://cmsassets.rgpub.io/sanity/images/dsfx7636/game_data_live/be8f7e08562c076e8947aafc3ecd202051d17c02-744x1039.png?accountingTag=RB
sfd-089-221,SFD-089/221,89,"Rumble, Scrapper",SFD,Spiritforged,epic,Epic,Unit,Champion,Mind,5,4,1,"Mech, Yordle, Rumble, Bandle City","Your Mechs have +1 :rb_might: (including me).
When I hold, play a 3 :rb_might: Mech unit token to your base.","Riftbound Unit: Rumble, Scrapper. Your Mechs have +1 [S] (including me).
When I hold, play a 3 [S] Mech unit token to your base.",Six More Vodka,portrait,https://cmsassets.rgpub.io/sanity/images/dsfx7636/game_data_live/6528aa0656cac59ff7299bc8bdac371238038080-744x1039.png?accountingTag=RB
sfd-089a-221,SFD-089a/221,89,"Rumble, Scrapper",SFD,Spiritforged,showcase,Showcase,Unit,Champion,Mind,5,4,1,"Mech, Yordle, Rumble, Bandle City","Your Mechs have +1 :rb_might: (including me).
When I hold, play a 3 :rb_might: Mech unit token to your base.","Riftbound Unit: Rumble, Scrapper. Your Mechs have +1 [S] (including me).
When I hold, play a 3 [S] Mech unit token to your base.",League Splash Team,portrait,https://cmsassets.rgpub.io/sanity/images/dsfx7636/game_data_live/1acbb906fba20f4e5d60f7a82566ca9a19e1a6ea-744x1039.png?accountingTag=RB
sfd-090-221,SFD-090/221,90,The Zero Drive,SFD,Spiritforged,epic,Epic,Gear,,Mind,3,,,Equipment,"[Equip] :rb_energy_1::rb_rune_mind: (:rb_energy_1::rb_rune_mind:: Attach this to a unit you control.)
:rb_energy_3::rb_rune_mind:, Banish this: Play all units banished with this, ignoring their costs. (Use only if unattached.)","Riftbound Gear: The Zero Drive. [Equip] [1][C] ([1][C]: Attach this to a unit you control.)
[3][C], Banish this: Play all units banished with this, ignoring their costs. (Use only if unattached.)",Envar Studio,portrait,https://cmsassets.rgpub.io/sanity/images/dsfx7636/game_data_live/cc80cbfa1a64ad22dc5f7df870e9206f6938f7f5-744x1039.png?accountingTag=RB
sfd-091-221,SFD-091/221,91,Buhru Captain,SFD,Spiritforged,common,Common,Unit,,Body,3,3,1,Bilgewater,"When you play me, you may draw 1 or buff me. (To buff a unit, give it a +1 :rb_might: buff if it doesn't already have one.)","Riftbound Unit: Buhru Captain. When you play me, you may draw 1 or buff me. (To buff a unit, give it a +1 [S] buff if it doesn't already have one.)",Envar Studio,portrait,https://cmsassets.rgpub.io/sanity/images/dsfx7636/game_data_live/9f5186bd42c23f75ea84186aa2cb945cc02a222e-744x1039.png?accountingTag=RB
sfd-092-221,SFD-092/221,92,Combat Chef,SFD,Spiritforged,common,Common,Unit,,Body,5,5,,Demacia,"[Weaponmaster] (When you play me, you may [Equip] one of your Equipment to me for :rb_rune_rainbow: less, even if it's already attached.)","Riftbound Unit: Combat Chef. [Weaponmaster] (When you play me, you may [Equip] one of your Equipment to me for [A] less, even if it's already attached.)",Envar Studio,portrait,https://cmsassets.rgpub.io/sanity/images/dsfx7636/game_data_live/dffa05408c0b53f62dfbb9452986342ff2d4352d-744x1039.png?accountingTag=RB
sfd-093-221,SFD-093/221,93,Dauntless Vanguard,SFD,Spiritforged,common,Common,Unit,,Body,4,4,1,"Elite, Demacia",You may play me to an occupied enemy battlefield.,Riftbound Unit: Dauntless Vanguard. You may play me to an occupied enemy battlefield.,Six More Vodka,portrait,https://cmsassets.rgpub.io/sanity/images/dsfx7636/game_data_live/cb19a57b58370952cb37fff27375826d5c274129-744x1039.png?accountingTag=RB
sfd-094-221,SFD-094/221,94,Direwing,SFD,Spiritforged,common,Common,Unit,,Body,7,7,,"Dragon, Demacia",I enter ready if you control another Dragon.,Riftbound Unit: Direwing. I enter ready if you control another Dragon.,Six More Vodka,portrait,https://cmsassets.rgpub.io/sanity/images/dsfx7636/game_data_live/52edf5b0f045d7c65360a8eb3c21f0954750cd1a-744x1039.png?accountingTag=RB
sfd-095-221,SFD-095/221,95,Doran's Blade,SFD,Spiritforged,common,Common,Gear,,Body,2,,,Equipment,[Equip] :rb_rune_body: (:rb_rune_body:: Attach this to a unit you control.),Riftbound Gear: Doran's Blade. [Equip] [C] ([C]: Attach this to a unit you control.),黯荧岛Dark Glow,portrait,https://cmsassets.rgpub.io/sanity/images/dsfx7636/game_data_live/53fc0c307c83871c9755a496764ef7d6aa11f510-744x1039.png?accountingTag=RB
sfd-096-221,SFD-096/221,96,Laurent Bladekeeper,SFD,Spiritforged,common,Common,Unit,,Body,3,3,,Demacia,Ganking (I can move from battlefield to battlefield.),Riftbound Unit: Laurent Bladekeeper. Ganking (I can move from battlefield to battlefield.),Six More Vodka,portrait,https://cmsassets.rgpub.io/sanity/images/dsfx7636/game_data_live/d9dac8bbc898bfead8338ef387f2d144302e278f-744x1039.png?accountingTag=RB
sfd-097-221,SFD-097/221,97,Punch First,SFD,Spiritforged,common,Common,Spell,,Body,1,,2,,"[Action] (Play on your turn or in showdowns.)
Give a unit +5 :rb_might: this turn.","Riftbound Spell: Punch First. [Action] (Play on your turn or in showdowns.)
Give a unit +5 [S] this turn.",Kudos Productions,portrait,https://cmsassets.rgpub.io/sanity/images/dsfx7636/game_data_live/d124efad90ff61d4ac29ee69fe71e48a7cd6ece2-744x1039.png?accountingTag=RB
sfd-098-221,SFD-098/221,98,Sea Monkey,SFD,Spiritforged,common,Common,Unit,,Body,2,2,,"Pirate, Bilgewater","You may pay :rb_energy_1: as an additional cost to play me.
When you play me, if you paid the additional cost, buff me. (Give me a +1 :rb_might: buff if I don't already have one.)","Riftbound Unit: Sea Monkey. You may pay [1] as an additional cost to play me.
When you play me, if you paid the additional cost, buff me. (Give me a +1 [S] buff if I don't already have one.)",Bubble Cat Studio,portrait,https://cmsassets.rgpub.io/sanity/images/dsfx7636/game_data_live/0ef7f1de2bc7845f5e3dace1634c6c58a8765452-744x1039.png?accountingTag=RB
sfd-099-221,SFD-099/221,99,Veteran Poro,SFD,Spiritforged,common,Common,Unit,,Body,2,2,,"Poro, Freljord","[Weaponmaster] (When you play me, you may [Equip] one of your Equipment to me for :rb_rune_rainbow: less, even if it's already attached.)","Riftbound Unit: Veteran Poro. [Weaponmaster] (When you play me, you may [Equip] one of your Equipment to me for [A] less, even if it's already attached.)",Six More Vodka,portrait,https://cmsassets.rgpub.io/sanity/images/dsfx7636/game_data_live/54b8aa5aa80e74e0c545d4c484353c5b9e78bdfc-744x1039.png?accountingTag=RB
sfd-100-221,SFD-100/221,100,Yordle Explorer,SFD,Spiritforged,common,Common,Unit,,Body,4,4,,"Yordle, Bandle City","When you play a card with Power cost :rb_rune_rainbow::rb_rune_rainbow: or more, draw 1.","Riftbound Unit: Yordle Explorer. When you play a card with Power cost [A][A] or more, draw 1.",Caravan Studio,portrait,https://cmsassets.rgpub.io/sanity/images/dsfx7636/game_data_live/556b20c8c605545f13a8990dca36586a287ebb29-744x1039.png?accountingTag=RB
sfd-101-221,SFD-101/221,101,Fae Dragon,SFD,Spiritforged,uncommon,Uncommon,Unit,,Body,7,7,1,"Fae, Dragon, Bandle City","When you play me, buff up to four friendly units. (Give each a +1 :rb_might: buff if it doesn't have one.)
When you spend a buff, play a Gold gear token exhausted.","Riftbound Unit: Fae Dragon. When you play me, buff up to four friendly units. (Give each a +1 [S] buff if it doesn't have one.)
When you spend a buff, play a Gold gear token exhausted.",Bubble Cat Studio,portrait,https://cmsassets.rgpub.io/sanity/images/dsfx7636/game_data_live/76aeda6bf59acee92b512f4a0272892673cfce90-744x1039.png?accountingTag=RB
sfd-102-221,SFD-102/221,102,Hexdrinker,SFD,Spiritforged,uncommon,Uncommon,Gear,,Body,2,,,Equipment,[Equip] :rb_rune_body: (:rb_rune_body:: Attach this to a unit you control.),Riftbound Gear: Hexdrinker. [Equip] [C] ([C]: Attach this to a unit you control.),黯荧岛Dark Glow,portrait,https://cmsassets.rgpub.io/sanity/images/dsfx7636/game_data_live/e7fdd555cbf9ef8c4ff8bd3ba38d187842de563d-744x1039.png?accountingTag=RB
sfd-103-221,SFD-103/221,103,Jaull-Fish,SFD,Spiritforged,uncommon,Uncommon,Unit,,Body,7,6,2,Bilgewater,"[Accelerate] (You may pay :rb_energy_1::rb_rune_body: as an additional cost to have me enter ready.)
I cost :rb_energy_2: less for each of your [Mighty] units. (A unit is Mighty while it has 5+ :rb_might:.)","Riftbound Unit: Jaull-Fish. [Accelerate] (You may pay [1][C] as an additional cost to have me enter ready.)
I cost [2] less for each of your [Mighty] units. (A unit is Mighty while it has 5+ [S].)",MAR Studio,portrait,https://cmsassets.rgpub.io/sanity/images/dsfx7636/game_data_live/56a31630910179a1fb2f2ddf3e6e5c9627bddf5e-744x1039.png?accountingTag=RB
sfd-104-221,SFD-104/221,104,Petricite Monument,SFD,Spiritforged,uncommon,Uncommon,Gear,,Body,2,,,,"[Temporary] (Kill this at the start of its controller's Beginning Phase, before scoring.)
Friendly units have [Deflect]. (Opponents must pay :rb_rune_rainbow: to choose them with a spell or ability.)","Riftbound Gear: Petricite Monument. [Temporary] (Kill this at the start of its controller's Beginning Phase, before scoring.)
Friendly units have [Deflect]. (Opponents must pay [A] to choose them with a spell or ability.)",Kudos Productions,portrait,https://cmsassets.rgpub.io/sanity/images/dsfx7636/game_data_live/c994dcefe24e00f8033bc31327bf7dbe4a8703d1-744x1039.png?accountingTag=RB
sfd-105-221,SFD-105/221,105,Ruin Runner,SFD,Spiritforged,uncommon,Uncommon,Unit,,Body,6,5,,Shurima,I can't be chosen by enemy spells and abilities.,Riftbound Unit: Ruin Runner. I can't be chosen by enemy spells and abilities.,Grafit Studio,portrait,https://cmsassets.rgpub.io/sanity/images/dsfx7636/game_data_live/08abcf17d3356325b0c1b83a78a87be855e5a71a-744x1039.png?accountingTag=RB
sfd-106-221,SFD-106/221,106,Show of Strength,SFD,Spiritforged,uncommon,Uncommon,Spell,,Body,2,,1,,"[Reaction] (Play any time, even before spells and abilities resolve.)
Draw 1 for each of your [Mighty] units. (A unit is Mighty while it has 5+ :rb_might:.)","Riftbound Spell: Show of Strength. [Reaction] (Play any time, even before spells and abilities resolve.)
Draw 1 for each of your [Mighty] units. (A unit is Mighty while it has 5+ [S].)",Kudos Productions,portrait,https://cmsassets.rgpub.io/sanity/images/dsfx7636/game_data_live/d04ac6687931018fd68368c65cc024155867cab4-744x1039.png?accountingTag=RB
sfd-107-221,SFD-107/221,107,Strike Down,SFD,Spiritforged,uncommon,Uncommon,Spell,,Body,3,,1,,Choose an equipped friendly unit. It deals damage equal to its Might to an enemy unit. Then detach an Equipment from it.,Riftbound Spell: Strike Down. Choose an equipped friendly unit. It deals damage equal to its Might to an enemy unit. Then detach an Equipment from it.,Kudos Productions,portrait,https://cmsassets.rgpub.io/sanity/images/dsfx7636/game_data_live/3570810e867d132fd5a60cc3462f53f42b245ad9-744x1039.png?accountingTag=RB
sfd-108-221,SFD-108/221,108,Warmog's Armor,SFD,Spiritforged,uncommon,Uncommon,Gear,,Body,1,,,Equipment,[Equip] :rb_rune_body: (:rb_rune_body:: Attach this to a unit you control.),Riftbound Gear: Warmog's Armor. [Equip] [C] ([C]: Attach this to a unit you control.),黯荧岛Dark Glow,portrait,https://cmsassets.rgpub.io/sanity/images/dsfx7636/game_data_live/0d680867670dd75a66a632cd6f044a7f7e39b42b-744x1039.png?accountingTag=RB
sfd-109-221,SFD-109/221,109,"Akshan, Mischievous",SFD,Spiritforged,rare,Rare,Unit,Champion,Body,4,4,,"Akshan, Shurima, Sentinel","[Weaponmaster]
You may pay :rb_rune_body::rb_rune_body: as an additional cost to play me.
When you play me, if you paid the additional cost, move an enemy gear to your base. You control it until I leave the board. If it's an Equipment, attach it to me.","Riftbound Unit: Akshan, Mischievous. [Weaponmaster]
You may pay [C][C] as an additional cost to play me.
When you play me, if you paid the additional cost, move an enemy gear to your base. You control it until I leave the board. If it's an Equipment, attach it to me.",Six More Vodka,portrait,https://cmsassets.rgpub.io/sanity/images/dsfx7636/game_data_live/f9e79f88463c1d516b9f1b053661937676e0e1f4-744x1039.png?accountingTag=RB
sfd-110-221,SFD-110/221,110,"Fiora, Peerless",SFD,Spiritforged,rare,Rare,Unit,Champion,Body,3,3,1,"Fiora, Demacia","When I attack or defend one on one, double my Might this combat.","Riftbound Unit: Fiora, Peerless. When I attack or defend one on one, double my Might this combat.",Six More Vodka,portrait,https://cmsassets.rgpub.io/sanity/images/dsfx7636/game_data_live/3fb80fed6fb916f47b7cebd5b31a970f1d0d562a-744x1039.png?accountingTag=RB
sfd-110a-221,SFD-110a/221,110,"Fiora, Peerless",SFD,Spiritforged,showcase,Showcase,Unit,Champion,Body,3,3,1,"Fiora, Demacia","When I attack or defend one on one, double my Might this combat.","Riftbound Unit: Fiora, Peerless. When I attack or defend one on one, double my Might this combat.",League Splash Team,portrait,https://cmsassets.rgpub.io/sanity/images/dsfx7636/game_data_live/9081906c24455218d9fef8c0faa04ecc85dc462c-744x1039.png?accountingTag=RB
sfd-111-221,SFD-111/221,111,Here to Help,SFD,Spiritforged,rare,Rare,Spell,,Body,2,,1,,"[Hidden] (Hide now for :rb_rune_rainbow: to react with later for :rb_energy_0:.)
[Action] (Play on your turn or in showdowns.)
You may play a unit from hand to a battlefield you control, reducing its cost by :rb_energy_3:.","Riftbound Spell: Here to Help. [Hidden] (Hide now for [A] to react with later for [0].)
[Action] (Play on your turn or in showdowns.)
You may play a unit from hand to a battlefield you control, reducing its cost by [3].",Kudos Productions,portrait,https://cmsassets.rgpub.io/sanity/images/dsfx7636/game_data_live/6daa8caf27f76f2b0bce189fb9df196129582afa-744x1039.png?accountingTag=RB
sfd-112-221,SFD-112/221,112,Kato the Arm,SFD,Spiritforged,rare,Rare,Unit,,Body,4,3,1,Noxus,"[Deflect] (Opponents must pay :rb_rune_rainbow: to choose me with a spell or ability.)
When I move to a battlefield, give a friendly unit my keywords and +:rb_might: equal to my Might this turn.","Riftbound Unit: Kato the Arm. [Deflect] (Opponents must pay [A] to choose me with a spell or ability.)
When I move to a battlefield, give a friendly unit my keywords and +[M] equal to my Might this turn.",Six More Vodka,portrait,https://cmsassets.rgpub.io/sanity/images/dsfx7636/game_data_live/f4ea4f2f5169a3813d9eb7f0d3d2f41bdddebfc7-744x1039.png?accountingTag=RB
sfd-113-221,SFD-113/221,113,"Lucian, Merciless",SFD,Spiritforged,rare,Rare,Unit,Champion,Body,3,3,,"Lucian, Demacia, Sentinel","[Weaponmaster] (When you play me, you may [Equip] one of your Equipment to me for :rb_rune_rainbow: less, even if it's already attached.)
The first time I conquer each turn, ready me.","Riftbound Unit: Lucian, Merciless. [Weaponmaster] (When you play me, you may [Equip] one of your Equipment to me for [A] less, even if it's already attached.)
The first time I conquer each turn, ready me.",Six More Vodka,portrait,https://cmsassets.rgpub.io/sanity/images/dsfx7636/game_data_live/bc192b6e22e7a277c53f035809c59db4548a0fd5-744x1039.png?accountingTag=RB
sfd-113a-221,SFD-113a/221,113,"Lucian, Merciless",SFD,Spiritforged,showcase,Showcase,Unit,Champion,Body,3,3,,"Lucian, Demacia, Sentinel","[Weaponmaster] (When you play me, you may [Equip] one of your Equipment to me for :rb_rune_rainbow: less, even if it's already attached.)
The first time I conquer each turn, ready me.","Riftbound Unit: Lucian, Merciless. [Weaponmaster] (When you play me, you may [Equip] one of your Equipment to me for [A] less, even if it's already attached.)
The first time I conquer each turn, ready me.",League Splash Team,portrait,https://cmsassets.rgpub.io/sanity/images/dsfx7636/game_data_live/e05478b8081b3694a795ab0308b1e2c2a7748715-744x1039.png?accountingTag=RB
sfd-114-221,SFD-114/221,114,Marching Orders,SFD,Spiritforged,rare,Rare,Spell,,Body,3,,,,"[Action] (Play on your turn or in showdowns.)
[Repeat] :rb_energy_3: (You may pay the additional cost to repeat this spell's effect.)
Choose a friendly unit anywhere and an enemy unit at a battlefield. They deal damage equal to their Mights to each other.","Riftbound Spell: Marching Orders. [Action] (Play on your turn or in showdowns.)
[Repeat] [3] (You may pay the additional cost to repeat this spell's effect.)
Choose a friendly unit anywhere and an enemy unit at a battlefield. They deal damage equal to their Mights to each other.",Kudos Productions,portrait,https://cmsassets.rgpub.io/sanity/images/dsfx7636/game_data_live/b553f8e16e0ff1aaa57f74121e68954fbe45a07b-744x1039.png?accountingTag=RB
sfd-115-221,SFD-115/221,115,Trinity Force,SFD,Spiritforged,rare,Rare,Gear,,Body,4,,,Equipment,[Equip] :rb_rune_body: (:rb_rune_body:: Attach this to a unit you control.),Riftbound Gear: Trinity Force. [Equip] [C] ([C]: Attach this to a unit you control.),黯荧岛Dark Glow,portrait,https://cmsassets.rgpub.io/sanity/images/dsfx7636/game_data_live/e8b64985389e5792afc2a2fe0dc23ae7590d7709-744x1039.png?accountingTag=RB
sfd-116-221,SFD-116/221,116,"Yone, Blademaster",SFD,Spiritforged,rare,Rare,Unit,Champion,Body,5,5,1,"Yone, Ionia, Demon","[Weaponmaster] (When you play me, you may [Equip] one of your Equipment to me for :rb_rune_rainbow: less, even if it's already attached.)
When I conquer an open battlefield, deal damage equal to my Might to an enemy unit in a base.","Riftbound Unit: Yone, Blademaster. [Weaponmaster] (When you play me, you may [Equip] one of your Equipment to me for [A] less, even if it's already attached.)
When I conquer an open battlefield, deal damage equal to my Might to an enemy unit in a base.",蛋费鸡丁,portrait,https://cmsassets.rgpub.io/sanity/images/dsfx7636/game_data_live/0e8efd9af74b65170e04eed45844e6d7e2c4d70b-744x1039.png?accountingTag=RB
sfd-117-221,SFD-117/221,117,Ancient Henge,SFD,Spiritforged,epic,Epic,Gear,,Body,2,,1,,:rb_exhaust:: [Reaction] — Pay any amount of Energy to [Add] that much :rb_rune_rainbow:. (Abilities that add resources can't be reacted to.),Riftbound Gear: Ancient Henge. [T]: [Reaction] — Pay any amount of Energy to [Add] that much [A]. (Abilities that add resources can't be reacted to.),Six More Vodka,portrait,https://cmsassets.rgpub.io/sanity/images/dsfx7636/game_data_live/c7c260b77b4174a61aed6243ed90f76594102193-744x1039.png?accountingTag=RB
sfd-118-221,SFD-118/221,118,Boneshiver,SFD,Spiritforged,epic,Epic,Gear,,Body,3,,,Equipment,[Equip] :rb_energy_1::rb_rune_body: (:rb_energy_1::rb_rune_body:: Attach this to a unit you control.),Riftbound Gear: Boneshiver. [Equip] [1][C] ([1][C]: Attach this to a unit you control.),Envar Studio,portrait,https://cmsassets.rgpub.io/sanity/images/dsfx7636/game_data_live/c3e4d8c3f3975a7429428ac90e5ebcffa1f8e5a9-744x1039.png?accountingTag=RB
sfd-119-221,SFD-119/221,119,"Jax, Unrelenting",SFD,Spiritforged,epic,Epic,Unit,Champion,Body,4,3,1,"Jax, Icathia","[Weaponmaster] (When you play me, you may [Equip] one of your Equipment to me for :rb_rune_rainbow: less, even if it's already attached.)
When you attach an Equipment to me, you may pay :rb_energy_1: to draw 1.","Riftbound Unit: Jax, Unrelenting. [Weaponmaster] (When you play me, you may [Equip] one of your Equipment to me for [A] less, even if it's already attached.)
When you attach an Equipment to me, you may pay [1] to draw 1.",Envar Studio,portrait,https://cmsassets.rgpub.io/sanity/images/dsfx7636/game_data_live/e63ab3370a6e4ce4baddfba12ab92468f6cc9541-744x1039.png?accountingTag=RB
sfd-119a-221,SFD-119a/221,119,"Jax, Unrelenting",SFD,Spiritforged,showcase,Showcase,Unit,Champion,Body,4,3,1,"Jax, Icathia","[Weaponmaster] (When you play me, you may [Equip] one of your Equipment to me for :rb_rune_rainbow: less, even if it's already attached.)
When you attach an Equipment to me, you may pay :rb_energy_1: to draw 1.","Riftbound Unit: Jax, Unrelenting. [Weaponmaster] (When you play me, you may [Equip] one of your Equipment to me for [A] less, even if it's already attached.)
When you attach an Equipment to me, you may pay [1] to draw 1.",League Splash Team,portrait,https://cmsassets.rgpub.io/sanity/images/dsfx7636/game_data_live/a5796125bdb0af8ceb60cd0c5c273c6417e0f7da-744x1039.png?accountingTag=RB
sfd-120a-221,SFD-120a/221,120,"Sivir, Ambitious",SFD,Spiritforged,showcase,Showcase,Unit,Champion,Body,6,7,3,"Sivir, Shurima","[Deflect 2] (Opponents must pay :rb_rune_rainbow::rb_rune_rainbow: to choose me with a spell or Ability.)
When I conquer after an attack, if you assigned 5 or more excess damage to enemy units, you may deal that much to an enemy unit.","Riftbound Unit: Sivir, Ambitious. [Deflect 2] (Opponents must pay [A][A] to choose me with a spell or Ability.)
When I conquer after an attack, if you assigned 5 or more excess damage to enemy units, you may deal that much to an enemy unit.",League Splash Team,portrait,https://cmsassets.rgpub.io/sanity/images/dsfx7636/game_data_live/484adbe28bafadf0ac37d7787c916013bd106793-744x1039.png?accountingTag=RB
sfd-120-221,SFD-120/221,120,"Sivir, Ambitious",SFD,Spiritforged,epic,Epic,Unit,Champion,Body,6,7,3,"Sivir, Shurima","[Deflect 2] (Opponents must pay :rb_rune_rainbow::rb_rune_rainbow: to choose me with a spell or Ability.)
When I conquer after an attack, if you assigned 5 or more excess damage to enemy units, you may deal that much to an enemy unit.","Riftbound Unit: Sivir, Ambitious. [Deflect 2] (Opponents must pay [A][A] to choose me with a spell or Ability.)
When I conquer after an attack, if you assigned 5 or more excess damage to enemy units, you may deal that much to an enemy unit.",Six More Vodka,portrait,https://cmsassets.rgpub.io/sanity/images/dsfx7636/game_data_live/bd3f242c9ca59cfc2d7dc5b146877c66bb310bb7-744x1039.png?accountingTag=RB
sfd-121-221,SFD-121/221,121,Black Market Broker,SFD,Spiritforged,common,Common,Unit,,Chaos,3,3,,Zaun,"When you play a card from face down, play a Gold gear token exhausted.","Riftbound Unit: Black Market Broker. When you play a card from face down, play a Gold gear token exhausted.",Six More Vodka,portrait,https://cmsassets.rgpub.io/sanity/images/dsfx7636/game_data_live/f167c95cea17981f20b767ff81c180aab8a383e2-744x1039.png?accountingTag=RB
sfd-122-221,SFD-122/221,122,Called Shot,SFD,Spiritforged,common,Common,Spell,,Chaos,0,,1,,"[Action] (Play on your turn or in showdowns.)
[Repeat] :rb_rune_chaos: (You may pay the additional cost to repeat this spell's effect.)
Look at the top 2 cards of your Main Deck. Draw one and recycle the other.","Riftbound Spell: Called Shot. [Action] (Play on your turn or in showdowns.)
[Repeat] [C] (You may pay the additional cost to repeat this spell's effect.)
Look at the top 2 cards of your Main Deck. Draw one and recycle the other.",Kudos Productions,portrait,https://cmsassets.rgpub.io/sanity/images/dsfx7636/game_data_live/8fb07f0b3c0c697e324fb016f4cf7e4288aa4594-744x1039.png?accountingTag=RB
sfd-123-221,SFD-123/221,123,Corrupt Enforcer,SFD,Spiritforged,common,Common,Unit,,Chaos,3,4,1,Piltover,"When I move to a battlefield, discard 1.
When I win a combat, draw 1.","Riftbound Unit: Corrupt Enforcer. When I move to a battlefield, discard 1.
When I win a combat, draw 1.",Six More Vodka,portrait,https://cmsassets.rgpub.io/sanity/images/dsfx7636/game_data_live/3c0a6bf40b629fa038299329c1d803fc9fc8e61e-744x1039.png?accountingTag=RB
sfd-124-221,SFD-124/221,124,Doran's Ring,SFD,Spiritforged,common,Common,Gear,,Chaos,1,,,Equipment,[Equip] :rb_rune_chaos: (:rb_rune_chaos:: Attach this to a unit you control.),Riftbound Gear: Doran's Ring. [Equip] [C] ([C]: Attach this to a unit you control.),黯荧岛Dark Glow,portrait,https://cmsassets.rgpub.io/sanity/images/dsfx7636/game_data_live/054df5a11967b768430a2f763e1b5d4dbbac3b50-744x1039.png?accountingTag=RB
sfd-125-221,SFD-125/221,125,Fae Porter,SFD,Spiritforged,common,Common,Unit,,Chaos,4,4,,"Fae, Ionia","When I move to a battlefield, you may pay :rb_rune_chaos: to move a unit you control to the same battlefield.","Riftbound Unit: Fae Porter. When I move to a battlefield, you may pay [C] to move a unit you control to the same battlefield.",Kudos Productions,portrait,https://cmsassets.rgpub.io/sanity/images/dsfx7636/game_data_live/4d233b11d4efb2652d7ede556dd9f730903cdba9-744x1039.png?accountingTag=RB
sfd-126-221,SFD-126/221,126,Loyal Pup,SFD,Spiritforged,common,Common,Unit,,Chaos,3,3,,"Dog, Bandle City","When you defend at a battlefield, you may move me there.","Riftbound Unit: Loyal Pup. When you defend at a battlefield, you may move me there.",Kudos Productions,portrait,https://cmsassets.rgpub.io/sanity/images/dsfx7636/game_data_live/2f15c4508900636e1560fa0e8832aff6b3160d0f-744x1039.png?accountingTag=RB
sfd-127-221,SFD-127/221,127,Master Bingwen,SFD,Spiritforged,common,Common,Unit,,Chaos,6,6,,Ionia,"[Weaponmaster] (When you play me, you may [Equip] one of your Equipment to me for :rb_rune_rainbow: less, even if it's already attached.)","Riftbound Unit: Master Bingwen. [Weaponmaster] (When you play me, you may [Equip] one of your Equipment to me for [A] less, even if it's already attached.)",Kudos Productions,portrait,https://cmsassets.rgpub.io/sanity/images/dsfx7636/game_data_live/52c7f0fe49f24c29cb797613444f86a810292ec2-744x1039.png?accountingTag=RB
sfd-128-221,SFD-128/221,128,Overzealous Fan,SFD,Spiritforged,common,Common,Unit,,Chaos,2,2,,Noxus,"When I defend, you may kill me to move an attacking unit to its base.","Riftbound Unit: Overzealous Fan. When I defend, you may kill me to move an attacking unit to its base.",Six More Vodka,portrait,https://cmsassets.rgpub.io/sanity/images/dsfx7636/game_data_live/922d7f337fbf14f0d62d43f69ca2a1e7480dd022-744x1039.png?accountingTag=RB
sfd-129-221,SFD-129/221,129,Temptation,SFD,Spiritforged,common,Common,Spell,,Chaos,2,,,,"[Repeat] :rb_energy_2: (You may pay the additional cost to repeat this spell's effect.)
Move an enemy unit to a location where there's a unit with the same controller.","Riftbound Spell: Temptation. [Repeat] [2] (You may pay the additional cost to repeat this spell's effect.)
Move an enemy unit to a location where there's a unit with the same controller.",Polar Engine Studio,portrait,https://cmsassets.rgpub.io/sanity/images/dsfx7636/game_data_live/4d5075a540ff5e4a2daec598cb6400fbb6570673-744x1039.png?accountingTag=RB
sfd-130-221,SFD-130/221,130,Treasure Hunter,SFD,Spiritforged,common,Common,Unit,,Chaos,2,1,,Shurima,"When I move, play a Gold gear token exhausted.","Riftbound Unit: Treasure Hunter. When I move, play a Gold gear token exhausted.",Grafit Studio,portrait,https://cmsassets.rgpub.io/sanity/images/dsfx7636/game_data_live/c4e1bf257379b4612a1c58f0480480d9b698196c-744x1039.png?accountingTag=RB
sfd-131-221,SFD-131/221,131,Ancient Warmonger,SFD,Spiritforged,uncommon,Uncommon,Unit,,Chaos,5,4,,"Spirit, Noxus","[Accelerate] (You may pay :rb_energy_1::rb_rune_chaos: as an additional cost to have me enter ready.)
I have [Assault] equal to the number of enemy units here. (+1 :rb_might: while I'm an attacker for each instance of Assault.)","Riftbound Unit: Ancient Warmonger. [Accelerate] (You may pay [1][C] as an additional cost to have me enter ready.)
I have [Assault] equal to the number of enemy units here. (+1 [S] while I'm an attacker for each instance of Assault.)",Kudos Productions,portrait,https://cmsassets.rgpub.io/sanity/images/dsfx7636/game_data_live/8ba05afcfbe6901fb4bdb736d5e61656a551f668-744x1039.png?accountingTag=RB
sfd-132-221,SFD-132/221,132,Beast Below,SFD,Spiritforged,uncommon,Uncommon,Unit,,Chaos,7,8,2,Bilgewater,"When you play me, return another friendly unit and an enemy unit to their owners' hands.","Riftbound Unit: Beast Below. When you play me, return another friendly unit and an enemy unit to their owners' hands.",Six More Vodka,portrait,https://cmsassets.rgpub.io/sanity/images/dsfx7636/game_data_live/d27a56111c68c651099d7b73b22a54a825458857-744x1039.png?accountingTag=RB
sfd-133-221,SFD-133/221,133,Boots of Swiftness,SFD,Spiritforged,uncommon,Uncommon,Gear,,Chaos,3,,,Equipment,[Equip] :rb_rune_chaos: (:rb_rune_chaos:: Attach this to a unit you control.),Riftbound Gear: Boots of Swiftness. [Equip] [C] ([C]: Attach this to a unit you control.),黯荧岛Dark Glow,portrait,https://cmsassets.rgpub.io/sanity/images/dsfx7636/game_data_live/a8a8e977f7427227adac69b5d2db07f643d0df09-744x1039.png?accountingTag=RB
sfd-134-221,SFD-134/221,134,Cull,SFD,Spiritforged,uncommon,Uncommon,Gear,,Chaos,1,,,Equipment,[Equip] :rb_rune_chaos: (:rb_rune_chaos:: Attach this to a unit you control.),Riftbound Gear: Cull. [Equip] [C] ([C]: Attach this to a unit you control.),黯荧岛Dark Glow,portrait,https://cmsassets.rgpub.io/sanity/images/dsfx7636/game_data_live/885ee56a4153b4f9fd064e9d24c9d55400e1291f-744x1039.png?accountingTag=RB
sfd-135-221,SFD-135/221,135,Factory Recall,SFD,Spiritforged,uncommon,Uncommon,Spell,,Chaos,1,,,,"[Action] (Play on your turn or in showdowns.)
Return a gear to its owner's hand.","Riftbound Spell: Factory Recall. [Action] (Play on your turn or in showdowns.)
Return a gear to its owner's hand.",Kudos Productions,portrait,https://cmsassets.rgpub.io/sanity/images/dsfx7636/game_data_live/86bd2be6d0750e3444355bce229f83930825e968-744x1039.png?accountingTag=RB
sfd-136-221,SFD-136/221,136,Hard Bargain,SFD,Spiritforged,uncommon,Uncommon,Spell,,Chaos,2,,,,"[Reaction] (Play any time, even before spells and abilities resolve.)
[Repeat] :rb_energy_2: (You may pay the additional cost to repeat this spell's effect.)
Counter a spell unless its controller pays :rb_energy_2:.","Riftbound Spell: Hard Bargain. [Reaction] (Play any time, even before spells and abilities resolve.)
[Repeat] [2] (You may pay the additional cost to repeat this spell's effect.)
Counter a spell unless its controller pays [2].",Wild Blue Studios,portrait,https://cmsassets.rgpub.io/sanity/images/dsfx7636/game_data_live/2b09887a6e0d2f109aefea62ca6744488794c233-744x1039.png?accountingTag=RB
sfd-137-221,SFD-137/221,137,Harpoon Squad,SFD,Spiritforged,uncommon,Uncommon,Unit,,Chaos,4,4,,"Pirate, Bilgewater","When I move from a battlefield, give me +2 :rb_might: this turn.","Riftbound Unit: Harpoon Squad. When I move from a battlefield, give me +2 [S] this turn.",Six More Vodka,portrait,https://cmsassets.rgpub.io/sanity/images/dsfx7636/game_data_live/f50d32a202375bf09781ae578db107abe84937e0-744x1039.png?accountingTag=RB
sfd-138-221,SFD-138/221,138,Windsinger,SFD,Spiritforged,uncommon,Uncommon,Unit,,Chaos,2,1,,Ionia,"Hidden (Hide now for :rb_rune_rainbow: to react with later for :rb_energy_0:.)
When you play me, you may return another unit at a battlefield with 3 :rb_might: or less to its owner's hand.","Riftbound Unit: Windsinger. Hidden (Hide now for [A] to react with later for [0].)
When you play me, you may return another unit at a battlefield with 3 [S] or less to its owner's hand.",Kudos Productions,portrait,https://cmsassets.rgpub.io/sanity/images/dsfx7636/game_data_live/e47c9a3956f8fbb77daa5fdb2ee433dd1772f247-744x1039.png?accountingTag=RB
sfd-139-221,SFD-139/221,139,Edge of Night,SFD,Spiritforged,rare,Rare,Gear,,Chaos,3,,,Equipment,"[Hidden] (Hide now for :rb_rune_rainbow: to react with later for :rb_energy_0:.)
When you play this from face down, attach it to a unit you control here.
[Equip] :rb_rune_chaos: (:rb_rune_chaos:: Attach this to a unit you control.)","Riftbound Gear: Edge of Night. [Hidden] (Hide now for [A] to react with later for [0].)
When you play this from face down, attach it to a unit you control here.
[Equip] [C] ([C]: Attach this to a unit you control.)",黯荧岛Dark Glow,portrait,https://cmsassets.rgpub.io/sanity/images/dsfx7636/game_data_live/b3e385162bf3566618bb58b7a866eef846beefba-744x1039.png?accountingTag=RB
sfd-140-221,SFD-140/221,140,"Fizz, Trickster",SFD,Spiritforged,rare,Rare,Unit,Champion,Chaos,3,3,1,"Yordle, Fizz, Bilgewater","When you play me, you may play a spell from your trash with Energy cost no more than :rb_energy_3:, ignoring its Energy cost. Recycle that spell after you play it. (You must still pay its Power cost.)","Riftbound Unit: Fizz, Trickster. When you play me, you may play a spell from your trash with Energy cost no more than [3], ignoring its Energy cost. Recycle that spell after you play it. (You must still pay its Power cost.)",Six More Vodka,portrait,https://cmsassets.rgpub.io/sanity/images/dsfx7636/game_data_live/6d1c6615fb6ef5fb520a35b2ce76f8feee9167dc-744x1039.png?accountingTag=RB
sfd-141a-221,SFD-141a/221,141,"Irelia, Graceful",SFD,Spiritforged,showcase,Showcase,Unit,Champion,Chaos,4,4,1,"Irelia, Ionia",Your spells that choose me cost :rb_energy_1: or :rb_rune_rainbow: less.,"Riftbound Unit: Irelia, Graceful. Your spells that choose me cost [1] or [A] less.",League Splash Team,portrait,https://cmsassets.rgpub.io/sanity/images/dsfx7636/game_data_live/08419c2b5b7aa7e5f63854e324d5dabe0b5997a2-744x1039.png?accountingTag=RB
sfd-141-221,SFD-141/221,141,"Irelia, Graceful",SFD,Spiritforged,rare,Rare,Unit,Champion,Chaos,4,4,1,"Irelia, Ionia",Your spells that choose me cost :rb_energy_1: or :rb_rune_rainbow: less.,"Riftbound Unit: Irelia, Graceful. Your spells that choose me cost [1] or [A] less.",League Splash Team,portrait,https://cmsassets.rgpub.io/sanity/images/dsfx7636/game_data_live/03b9d73a7ef02447d7f4b67381a76616249061cc-744x1039.png?accountingTag=RB
sfd-142-221,SFD-142/221,142,Jae Medarda,SFD,Spiritforged,rare,Rare,Unit,,Chaos,5,5,2,Noxus,"When you choose me with a spell, draw 1.","Riftbound Unit: Jae Medarda. When you choose me with a spell, draw 1.",Six More Vodka,portrait,https://cmsassets.rgpub.io/sanity/images/dsfx7636/game_data_live/92eac6bb020a068d9c1668b59ecaaeab05112b3f-744x1039.png?accountingTag=RB
sfd-143a-221,SFD-143a/221,143,"Sivir, Mercenary",SFD,Spiritforged,showcase,Showcase,Unit,Champion,Chaos,4,4,1,"Sivir, Shurima","[Accelerate] (You may pay :rb_energy_1::rb_rune_chaos: as an additional cost to have me enter ready.)
If you've spent at least :rb_rune_rainbow::rb_rune_rainbow: this turn, I have +2 :rb_might: and [Ganking]. (I can move from battlefield to battlefield.)","Riftbound Unit: Sivir, Mercenary. [Accelerate] (You may pay [1][C] as an additional cost to have me enter ready.)
If you've spent at least [A][A] this turn, I have +2 [S] and [Ganking]. (I can move from battlefield to battlefield.)",League Splash Team,portrait,https://cmsassets.rgpub.io/sanity/images/dsfx7636/game_data_live/6c0eeb81da597528625d458cb4c560298b5bea50-744x1039.png?accountingTag=RB
sfd-143-221,SFD-143/221,143,"Sivir, Mercenary",SFD,Spiritforged,rare,Rare,Unit,Champion,Chaos,4,4,1,"Sivir, Shurima","[Accelerate] (You may pay :rb_energy_1::rb_rune_chaos: as an additional cost to have me enter ready.)
If you've spent at least :rb_rune_rainbow::rb_rune_rainbow: this turn, I have +2 :rb_might: and [Ganking]. (I can move from battlefield to battlefield.)","Riftbound Unit: Sivir, Mercenary. [Accelerate] (You may pay [1][C] as an additional cost to have me enter ready.)
If you've spent at least [A][A] this turn, I have +2 [S] and [Ganking]. (I can move from battlefield to battlefield.)",Six More Vodka,portrait,https://cmsassets.rgpub.io/sanity/images/dsfx7636/game_data_live/cb07b4adc6e301fae973ab13156028390facbad2-744x1039.png?accountingTag=RB
sfd-144-221,SFD-144/221,144,Spirit Wheel,SFD,Spiritforged,rare,Rare,Gear,,Chaos,2,,,,"When you choose a friendly unit, you may pay :rb_energy_1: and exhaust this to draw 1.","Riftbound Gear: Spirit Wheel. When you choose a friendly unit, you may pay [1] and exhaust this to draw 1.",Six More Vodka,portrait,https://cmsassets.rgpub.io/sanity/images/dsfx7636/game_data_live/d83d994e6dc7949eb783da16f4bbdb64342a8dfb-744x1039.png?accountingTag=RB
sfd-145-221,SFD-145/221,145,Switcheroo,SFD,Spiritforged,rare,Rare,Spell,,Chaos,2,,2,,"[Hidden] (Hide now for :rb_rune_rainbow: to react with later for :rb_energy_0:.)
[Action] (Play on your turn or in showdowns.)
Swap the Might of two units at the same battlefield this turn.","Riftbound Spell: Switcheroo. [Hidden] (Hide now for [A] to react with later for [0].)
[Action] (Play on your turn or in showdowns.)
Swap the Might of two units at the same battlefield this turn.",Kudos Productions,portrait,https://cmsassets.rgpub.io/sanity/images/dsfx7636/game_data_live/a4338f495feff5eee46d5349b5fded5e35e76176-744x1039.png?accountingTag=RB
sfd-146-221,SFD-146/221,146,"Vex, Cheerless",SFD,Spiritforged,rare,Rare,Unit,Champion,Chaos,5,5,1,"Yordle, Vex, Shadow Isles","While I'm in combat, friendly spells cost :rb_energy_1::rb_rune_rainbow: less to a minimum of :rb_energy_1:, and enemy spells cost :rb_energy_1::rb_rune_rainbow: more.","Riftbound Unit: Vex, Cheerless. While I'm in combat, friendly spells cost [1][A] less to a minimum of [1], and enemy spells cost [1][A] more.",Envar Studio,portrait,https://cmsassets.rgpub.io/sanity/images/dsfx7636/game_data_live/e9025578c7b5845a1a9c9a83e045bcbe71a76e71-744x1039.png?accountingTag=RB
sfd-147-221,SFD-147/221,147,Downwell,SFD,Spiritforged,epic,Epic,Spell,,Chaos,8,,2,,Return all units and gear to their owners' hands.,Riftbound Spell: Downwell. Return all units and gear to their owners' hands.,Kudos Productions,portrait,https://cmsassets.rgpub.io/sanity/images/dsfx7636/game_data_live/950eff0d07ef1e25be46fdb340fe8510c551c159-744x1039.png?accountingTag=RB
sfd-148a-221,SFD-148a/221,148,"Draven, Audacious",SFD,Spiritforged,showcase,Showcase,Unit,Champion,Chaos,6,6,1,"Draven, Noxus","[Deflect] (Opponents must pay :rb_rune_rainbow: to choose me with a spell or ability.)
The first time I win a combat each turn, you score 1 point.
When I die in combat, choose an opponent. They score 1 point.","Riftbound Unit: Draven, Audacious. [Deflect] (Opponents must pay [A] to choose me with a spell or ability.)
The first time I win a combat each turn, you score 1 point.
When I die in combat, choose an opponent. They score 1 point.",League Splash Team,portrait,https://cmsassets.rgpub.io/sanity/images/dsfx7636/game_data_live/2b2c2a20cd22c8799b211dd4d7f95c95a8be33ea-744x1039.png?accountingTag=RB
sfd-148-221,SFD-148/221,148,"Draven, Audacious",SFD,Spiritforged,epic,Epic,Unit,Champion,Chaos,6,6,1,"Draven, Noxus","[Deflect] (Opponents must pay :rb_rune_rainbow: to choose me with a spell or ability.)
The first time I win a combat each turn, you score 1 point.
When I die in combat, choose an opponent. They score 1 point.","Riftbound Unit: Draven, Audacious. [Deflect] (Opponents must pay [A] to choose me with a spell or ability.)
The first time I win a combat each turn, you score 1 point.
When I die in combat, choose an opponent. They score 1 point.",Six More Vodka,portrait,https://cmsassets.rgpub.io/sanity/images/dsfx7636/game_data_live/8247622cbe90eadada8d0660ea31d146b1207a87-744x1039.png?accountingTag=RB
sfd-149a-221,SFD-149a/221,149,"Ezreal, Prodigy",SFD,Spiritforged,showcase,Showcase,Unit,Champion,Chaos,3,3,1,"Ezreal, Piltover","When you play me, discard 1, then draw 2.
Optional additional costs you pay cost :rb_energy_1: or :rb_rune_rainbow: less.","Riftbound Unit: Ezreal, Prodigy. When you play me, discard 1, then draw 2.
Optional additional costs you pay cost [1] or [A] less.",League Splash Team,portrait,https://cmsassets.rgpub.io/sanity/images/dsfx7636/game_data_live/b371832f41cd8b15cd4f29828081dd030c48d7ac-744x1039.png?accountingTag=RB
sfd-149-221,SFD-149/221,149,"Ezreal, Prodigy",SFD,Spiritforged,epic,Epic,Unit,Champion,Chaos,3,3,1,"Ezreal, Piltover","When you play me, discard 1, then draw 2.
Optional additional costs you pay cost :rb_energy_1: or :rb_rune_rainbow: less.","Riftbound Unit: Ezreal, Prodigy. When you play me, discard 1, then draw 2.
Optional additional costs you pay cost [1] or [A] less.",Six More Vodka,portrait,https://cmsassets.rgpub.io/sanity/images/dsfx7636/game_data_live/b48d6242ceb84c3eae7109317d51efaf1e56c9c3-744x1039.png?accountingTag=RB
sfd-150-221,SFD-150/221,150,Last Rites,SFD,Spiritforged,epic,Epic,Gear,,Chaos,3,,,Equipment,"[Equip] — :rb_rune_chaos:, Recycle 2 cards from your trash (Pay the cost: Attach this to a unit you control.)","Riftbound Gear: Last Rites. [Equip] — [C], Recycle 2 cards from your trash (Pay the cost: Attach this to a unit you control.)",黯荧岛Dark Glow,portrait,https://cmsassets.rgpub.io/sanity/images/dsfx7636/game_data_live/6cfab85030bff454262794e4fa12f11b5dc45a74-744x1039.png?accountingTag=RB
sfd-151-221,SFD-151/221,151,Bonds of Strength,SFD,Spiritforged,common,Common,Spell,,Order,2,,,,"[Reaction] (Play any time, even before spells and abilities resolve.)
[Repeat] :rb_energy_2: (You may pay the additional cost to repeat this spell's effect.)
Give two friendly units each +1 :rb_might: this turn.","Riftbound Spell: Bonds of Strength. [Reaction] (Play any time, even before spells and abilities resolve.)
[Repeat] [2] (You may pay the additional cost to repeat this spell's effect.)
Give two friendly units each +1 [S] this turn.",Kudos Productions,portrait,https://cmsassets.rgpub.io/sanity/images/dsfx7636/game_data_live/344034c00d9fad558e98a64efab0310ad4bac37c-744x1039.png?accountingTag=RB
sfd-152-221,SFD-152/221,152,Eminent Benefactor,SFD,Spiritforged,common,Common,Unit,,Order,6,5,,Piltover,"When I hold, play two Gold gear tokens exhausted.","Riftbound Unit: Eminent Benefactor. When I hold, play two Gold gear tokens exhausted.",Six More Vodka,portrait,https://cmsassets.rgpub.io/sanity/images/dsfx7636/game_data_live/8b1a3e89fc40bb81c44f0ee232a701d85a1f209f-744x1039.png?accountingTag=RB
sfd-153-221,SFD-153/221,153,Eye of the Herald,SFD,Spiritforged,common,Common,Gear,,Order,1,,,Equipment,[Equip] :rb_rune_order: (:rb_rune_order:: Attach this to a unit you control.),Riftbound Gear: Eye of the Herald. [Equip] [C] ([C]: Attach this to a unit you control.),黯荧岛Dark Glow,portrait,https://cmsassets.rgpub.io/sanity/images/dsfx7636/game_data_live/fc3e26e0e4ff94de360f1163c41641daf81c1900-744x1039.png?accountingTag=RB
sfd-154-221,SFD-154/221,154,Guards!,SFD,Spiritforged,common,Common,Spell,,Order,3,,,,"[Hidden] (Hide now for :rb_rune_rainbow: to react with later for :rb_energy_0:.)
Play a 2 :rb_might: Sand Soldier unit token. You may pay :rb_rune_order: to ready it.","Riftbound Spell: Guards!. [Hidden] (Hide now for [A] to react with later for [0].)
Play a 2 [S] Sand Soldier unit token. You may pay [C] to ready it.",Kudos Productions,portrait,https://cmsassets.rgpub.io/sanity/images/dsfx7636/game_data_live/1dc4fef81d018c6cf14f0344b51ebcdec968aab9-744x1039.png?accountingTag=RB
sfd-155-221,SFD-155/221,155,Honest Broker,SFD,Spiritforged,common,Common,Unit,,Order,2,2,,Ionia,"[Deathknell] — Play a Gold gear token exhausted. (When I die, get the effect.)","Riftbound Unit: Honest Broker. [Deathknell] — Play a Gold gear token exhausted. (When I die, get the effect.)",Kudos Productions,portrait,https://cmsassets.rgpub.io/sanity/images/dsfx7636/game_data_live/b3cc9bb93888f6f276f674baa16a0e53c724ae99-744x1039.png?accountingTag=RB
sfd-156-221,SFD-156/221,156,Laurent Duelist,SFD,Spiritforged,common,Common,Unit,,Order,4,3,,Demacia,[Assault 2] (+2 :rb_might: while I'm an attacker.),Riftbound Unit: Laurent Duelist. [Assault 2] (+2 [S] while I'm an attacker.),JiHun Lee,portrait,https://cmsassets.rgpub.io/sanity/images/dsfx7636/game_data_live/7b3410a1d9ee175c4853453798bcd5f09d2e217c-744x1039.png?accountingTag=RB
sfd-157-221,SFD-157/221,157,Royal Guard,SFD,Spiritforged,common,Common,Unit,,Order,4,2,,Shurima,"When you play me, play a 2 :rb_might: Sand Soldier unit token here.","Riftbound Unit: Royal Guard. When you play me, play a 2 [S] Sand Soldier unit token here.",Kudos Productions,portrait,https://cmsassets.rgpub.io/sanity/images/dsfx7636/game_data_live/919d79a3f5a38c78476e6414a898a0dc7b385629-744x1039.png?accountingTag=RB
sfd-158-221,SFD-158/221,158,Sandshifter,SFD,Spiritforged,common,Common,Unit,,Order,5,6,2,Shurima,"When you play me, kill an enemy unit with 3 :rb_might: or less.","Riftbound Unit: Sandshifter. When you play me, kill an enemy unit with 3 [S] or less.",Kudos Productions,portrait,https://cmsassets.rgpub.io/sanity/images/dsfx7636/game_data_live/57f72b30862074bb5d1f302e86ee3cec024cd980-744x1039.png?accountingTag=RB
sfd-159-221,SFD-159/221,159,Trusty Ramhound,SFD,Spiritforged,common,Common,Unit,,Order,2,2,,"Dog, Elite, Demacia","While you have another unit here, I have +1 :rb_might:.","Riftbound Unit: Trusty Ramhound. While you have another unit here, I have +1 [S].",Kudos Productions,portrait,https://cmsassets.rgpub.io/sanity/images/dsfx7636/game_data_live/0bd3f82ebe45a4dc09204582d06900916e6c0480-744x1039.png?accountingTag=RB
sfd-160-221,SFD-160/221,160,Zaun Punk,SFD,Spiritforged,common,Common,Unit,,Order,3,3,,Zaun,"You may kill a friendly gear as an additional cost to play me.
When you play me, if you paid the additional cost, kill a gear.","Riftbound Unit: Zaun Punk. You may kill a friendly gear as an additional cost to play me.
When you play me, if you paid the additional cost, kill a gear.",Six More Vodka,portrait,https://cmsassets.rgpub.io/sanity/images/dsfx7636/game_data_live/af4eec8bb065708bf790b940fa065ea3e735afa0-744x1039.png?accountingTag=RB
sfd-161-221,SFD-161/221,161,B.F. Sword,SFD,Spiritforged,uncommon,Uncommon,Gear,,Order,4,,,Equipment,[Equip] :rb_rune_order: (:rb_rune_order:: Attach this to a unit you control.),Riftbound Gear: B.F. Sword. [Equip] [C] ([C]: Attach this to a unit you control.),黯荧岛Dark Glow,portrait,https://cmsassets.rgpub.io/sanity/images/dsfx7636/game_data_live/97cd20e414c7282abb18cf7691eb1a5a2435af90-744x1039.png?accountingTag=RB
sfd-162-221,SFD-162/221,162,Blood Money,SFD,Spiritforged,uncommon,Uncommon,Spell,,Order,2,,,,"[Action] (Play on your turn or in showdowns.)
Kill a unit at a battlefield with 2 :rb_might: or less. If it was an enemy unit, play a Gold gear token exhausted. If it was a friendly unit, play two Gold gear tokens exhausted.","Riftbound Spell: Blood Money. [Action] (Play on your turn or in showdowns.)
Kill a unit at a battlefield with 2 [S] or less. If it was an enemy unit, play a Gold gear token exhausted. If it was a friendly unit, play two Gold gear tokens exhausted.",Kudos Productions,portrait,https://cmsassets.rgpub.io/sanity/images/dsfx7636/game_data_live/0062fe2a96fc94bd8d85c01607a48e8619ed4e20-744x1039.png?accountingTag=RB
sfd-163-221,SFD-163/221,163,Deathgrip,SFD,Spiritforged,uncommon,Uncommon,Spell,,Order,2,,,,"[Reaction] (Play any time, even before spells and abilities resolve.)
Kill a friendly unit to give +:rb_might: equal to its Might to another friendly unit this turn. Draw 1.","Riftbound Spell: Deathgrip. [Reaction] (Play any time, even before spells and abilities resolve.)
Kill a friendly unit to give +[M] equal to its Might to another friendly unit this turn. Draw 1.",Polar Engine Studio,portrait,https://cmsassets.rgpub.io/sanity/images/dsfx7636/game_data_live/695304200c6fd3b287bd319ac564d31936b23d66-744x1039.png?accountingTag=RB
sfd-164-221,SFD-164/221,164,Drag Under,SFD,Spiritforged,uncommon,Uncommon,Spell,,Order,5,,1,,"[Action] (Play on your turn or in showdowns.)
I cost :rb_energy_2: less to play from anywhere other than your hand.
Kill a unit at a battlefield.","Riftbound Spell: Drag Under. [Action] (Play on your turn or in showdowns.)
I cost [2] less to play from anywhere other than your hand.
Kill a unit at a battlefield.",Kudos Productions,portrait,https://cmsassets.rgpub.io/sanity/images/dsfx7636/game_data_live/2400881960412ada4c1d1066105f206b02f8998a-744x1039.png?accountingTag=RB
sfd-165-221,SFD-165/221,165,Glasc Mixologist,SFD,Spiritforged,uncommon,Uncommon,Unit,,Order,5,5,1,Zaun,"[Deathknell] — You may play a unit with cost no more than :rb_energy_3: and no more than :rb_rune_rainbow: from your trash, ignoring its cost. (When I die, get the effect.)","Riftbound Unit: Glasc Mixologist. [Deathknell] — You may play a unit with cost no more than [3] and no more than [A] from your trash, ignoring its cost. (When I die, get the effect.)",Six More Vodka,portrait,https://cmsassets.rgpub.io/sanity/images/dsfx7636/game_data_live/e7422fee71796aa61f8d9691d07654b901fc20f2-744x1039.png?accountingTag=RB
sfd-166-221,SFD-166/221,166,Rally the Troops,SFD,Spiritforged,uncommon,Uncommon,Spell,,Order,2,,,,"[Action] (Play on your turn or in showdowns.)
When a friendly unit is played this turn, buff it. (If it doesn't have a buff, it gets a +1 :rb_might: buff.)
Draw 1.","Riftbound Spell: Rally the Troops. [Action] (Play on your turn or in showdowns.)
When a friendly unit is played this turn, buff it. (If it doesn't have a buff, it gets a +1 [S] buff.)
Draw 1.",Kudos Productions,portrait,https://cmsassets.rgpub.io/sanity/images/dsfx7636/game_data_live/952476dd51338ff97774946ded134a2072b2e6c9-744x1039.png?accountingTag=RB
sfd-167-221,SFD-167/221,167,Unsung Hero,SFD,Spiritforged,uncommon,Uncommon,Unit,,Order,2,2,,"Elite, Demacia","[Deathknell] — If I was [Mighty], draw 2. (When I die, get the effect. I'm Mighty while I have 5+ :rb_might:.)","Riftbound Unit: Unsung Hero. [Deathknell] — If I was [Mighty], draw 2. (When I die, get the effect. I'm Mighty while I have 5+ [S].)",Six More Vodka,portrait,https://cmsassets.rgpub.io/sanity/images/dsfx7636/game_data_live/2a227ef7494af6409000c13c4f3d1094cec3a3a8-744x1039.png?accountingTag=RB
sfd-168-221,SFD-168/221,168,Vanguard Armory,SFD,Spiritforged,uncommon,Uncommon,Gear,,Order,7,,1,,:rb_exhaust:: Play three 1 :rb_might: Recruit unit tokens. (You may play them to different locations.),Riftbound Gear: Vanguard Armory. [T]: Play three 1 [S] Recruit unit tokens. (You may play them to different locations.),Kudos Productions,portrait,https://cmsassets.rgpub.io/sanity/images/dsfx7636/game_data_live/4f4d735ff77ea599307e142196338d438fcedc05-744x1039.png?accountingTag=RB
sfd-169-221,SFD-169/221,169,Altar of Memories,SFD,Spiritforged,rare,Rare,Gear,,Order,2,,,,"When a friendly unit dies, you may exhaust me to draw 1, then put a card from your hand on the top or bottom of your Main Deck.","Riftbound Gear: Altar of Memories. When a friendly unit dies, you may exhaust me to draw 1, then put a card from your hand on the top or bottom of your Main Deck.",Kudos Productions,portrait,https://cmsassets.rgpub.io/sanity/images/dsfx7636/game_data_live/3ddc94a035d793d48987c6fe5d65fa11ea25c808-744x1039.png?accountingTag=RB
sfd-170a-221,SFD-170a/221,170,"Rek'Sai, Swarm Queen",SFD,Spiritforged,showcase,Showcase,Unit,Champion,Order,5,5,1,"Rek'Sai, The Void","When I attack, you may reveal the top 2 cards of your Main Deck. You may play one. Then recycle the rest. If the played card is a unit, you may play it here.","Riftbound Unit: Rek'Sai, Swarm Queen. When I attack, you may reveal the top 2 cards of your Main Deck. You may play one. Then recycle the rest. If the played card is a unit, you may play it here.",League Splash Team,portrait,https://cmsassets.rgpub.io/sanity/images/dsfx7636/game_data_live/a268cef6d06080055575bed86aca6db9d75359ac-744x1039.png?accountingTag=RB
sfd-170-221,SFD-170/221,170,"Rek'Sai, Swarm Queen",SFD,Spiritforged,rare,Rare,Unit,Champion,Order,5,5,1,"Rek'Sai, The Void","When I attack, you may reveal the top 2 cards of your Main Deck. You may play one. Then recycle the rest. If the played card is a unit, you may play it here.","Riftbound Unit: Rek'Sai, Swarm Queen. When I attack, you may reveal the top 2 cards of your Main Deck. You may play one. Then recycle the rest. If the played card is a unit, you may play it here.",Six More Vodka,portrait,https://cmsassets.rgpub.io/sanity/images/dsfx7636/game_data_live/5470aaad3bdb7ff5d2e605b07d93cedb7254c54d-744x1039.png?accountingTag=RB
sfd-171a-221,SFD-171a/221,171,"Renata Glasc, Industrialist",SFD,Spiritforged,showcase,Showcase,Unit,Champion,Order,4,4,1,"Renata Glasc, Zaun",Your tokens enter ready.,"Riftbound Unit: Renata Glasc, Industrialist. Your tokens enter ready.",League Splash Team,portrait,https://cmsassets.rgpub.io/sanity/images/dsfx7636/game_data_live/358df43d50a3fc018a6e092acd5fbb3031e0033d-744x1039.png?accountingTag=RB
sfd-171-221,SFD-171/221,171,"Renata Glasc, Industrialist",SFD,Spiritforged,rare,Rare,Unit,Champion,Order,4,4,1,"Renata Glasc, Zaun",Your tokens enter ready.,"Riftbound Unit: Renata Glasc, Industrialist. Your tokens enter ready.",League Splash Team,portrait,https://cmsassets.rgpub.io/sanity/images/dsfx7636/game_data_live/edacb8a82d840f2fe46233de9157319a1dc6361a-744x1039.png?accountingTag=RB
sfd-172-221,SFD-172/221,172,Sacred Shears,SFD,Spiritforged,rare,Rare,Gear,,Order,2,,1,Equipment,[Equip] :rb_rune_order: (:rb_rune_order:: Attach this to a unit you control.),Riftbound Gear: Sacred Shears. [Equip] [C] ([C]: Attach this to a unit you control.),Polar Engine Studio,portrait,https://cmsassets.rgpub.io/sanity/images/dsfx7636/game_data_live/af1069aef68d413127dfa84e4e96b8d66a8720ca-744x1039.png?accountingTag=RB
sfd-173-221,SFD-173/221,173,"Soraka, Wanderer",SFD,Spiritforged,rare,Rare,Unit,Champion,Order,4,4,1,"Soraka, Mount Targon","I must be assigned combat damage last.
If another unit you control here would die, if it has less Might than me, instead heal it, exhaust it, and recall it. (Send it to base. This isn't a move.)","Riftbound Unit: Soraka, Wanderer. I must be assigned combat damage last.
If another unit you control here would die, if it has less Might than me, instead heal it, exhaust it, and recall it. (Send it to base. This isn't a move.)",Six More Vodka,portrait,https://cmsassets.rgpub.io/sanity/images/dsfx7636/game_data_live/91fd5050b8caded842ce22c1e473f237cd991efd-744x1039.png?accountingTag=RB
sfd-174-221,SFD-174/221,174,Trove Golem,SFD,Spiritforged,rare,Rare,Unit,,Order,8,9,2,Freljord,"When you play me, play four Gold gear tokens exhausted.","Riftbound Unit: Trove Golem. When you play me, play four Gold gear tokens exhausted.",Envar Studio,portrait,https://cmsassets.rgpub.io/sanity/images/dsfx7636/game_data_live/e5b0966cc00203db1036b6fa95360541f72ae131-744x1039.png?accountingTag=RB
sfd-175-221,SFD-175/221,175,Undertitan,SFD,Spiritforged,rare,Rare,Unit,,Order,6,5,1,The Void,"When you play me, give your other units +2 :rb_might: this turn.
As I'm revealed from your deck, [Add] :rb_energy_2:.","Riftbound Unit: Undertitan. When you play me, give your other units +2 [S] this turn.
As I'm revealed from your deck, [Add] [2].",Kudos Productions,portrait,https://cmsassets.rgpub.io/sanity/images/dsfx7636/game_data_live/aa3bd795a1fa015b42bf64a2d588f527342c2a15-744x1039.png?accountingTag=RB
sfd-176-221,SFD-176/221,176,"Xin Zhao, Vigilant",SFD,Spiritforged,rare,Rare,Unit,Champion,Order,3,4,1,"Demacia, Xin Zhao","[Tank] (I must be assigned combat damage first.)
I enter ready if you have two or more other units in your base.","Riftbound Unit: Xin Zhao, Vigilant. [Tank] (I must be assigned combat damage first.)
I enter ready if you have two or more other units in your base.",JunHuan,portrait,https://cmsassets.rgpub.io/sanity/images/dsfx7636/game_data_live/ec694ac53a49fd4419434cb144daaaf0f38da574-744x1039.png?accountingTag=RB
sfd-177-221,SFD-177/221,177,"Azir, Sovereign",SFD,Spiritforged,epic,Epic,Unit,Champion,Order,4,4,,"Bird, Azir, Shurima","[Accelerate] (You may pay :rb_energy_1::rb_rune_order: as an additional cost to have me enter ready.)
When I attack, you may move any number of your token units to this battlefield.","Riftbound Unit: Azir, Sovereign. [Accelerate] (You may pay [1][C] as an additional cost to have me enter ready.)
When I attack, you may move any number of your token units to this battlefield.",Six More Vodka,portrait,https://cmsassets.rgpub.io/sanity/images/dsfx7636/game_data_live/088970936fc800bd2c4b36636734e16c83e1c8f9-744x1039.png?accountingTag=RB
sfd-177a-221,SFD-177a/221,177,"Azir, Sovereign",SFD,Spiritforged,showcase,Showcase,Unit,Champion,Order,4,4,,"Bird, Azir, Shurima","[Accelerate] (You may pay :rb_energy_1::rb_rune_order: as an additional cost to have me enter ready.)
When I attack, you may move any number of your token units to this battlefield.","Riftbound Unit: Azir, Sovereign. [Accelerate] (You may pay [1][C] as an additional cost to have me enter ready.)
When I attack, you may move any number of your token units to this battlefield.",League Splash Team,portrait,https://cmsassets.rgpub.io/sanity/images/dsfx7636/game_data_live/62c75543213df186d3f05236fda6abe8992c948e-744x1039.png?accountingTag=RB
sfd-178-221,SFD-178/221,178,Blade of the Ruined King,SFD,Spiritforged,epic,Epic,Gear,,Order,3,,1,Equipment,"[Equip] — :rb_rune_order:, Kill a friendly unit (Pay the cost: Attach this to a unit you control.)","Riftbound Gear: Blade of the Ruined King. [Equip] — [C], Kill a friendly unit (Pay the cost: Attach this to a unit you control.)",黯荧岛Dark Glow,portrait,https://cmsassets.rgpub.io/sanity/images/dsfx7636/game_data_live/26ab126258a15afd380c313e973f7469808ce55f-744x1039.png?accountingTag=RB
sfd-179-221,SFD-179/221,179,Corina Veraza,SFD,Spiritforged,epic,Epic,Unit,,Order,7,6,1,Zaun,"[Accelerate] (You may pay :rb_energy_1::rb_rune_order: as an additional cost to have me enter ready.)
When I move to a battlefield, play three 1 :rb_might: Recruit unit tokens here.","Riftbound Unit: Corina Veraza. [Accelerate] (You may pay [1][C] as an additional cost to have me enter ready.)
When I move to a battlefield, play three 1 [S] Recruit unit tokens here.",Six More Vodka,portrait,https://cmsassets.rgpub.io/sanity/images/dsfx7636/game_data_live/6b0f55aee4b4f9d0074c808e0fff00dcb7e35377-744x1039.png?accountingTag=RB
sfd-180a-221,SFD-180a/221,180,"Fiora, Worthy",SFD,Spiritforged,showcase,Showcase,Unit,Champion,Order,3,3,,"Fiora, Demacia","When a unit you control becomes [Mighty], you may pay :rb_rune_order: to ready it. (A unit is Mighty while it has 5+ :rb_might:.)","Riftbound Unit: Fiora, Worthy. When a unit you control becomes [Mighty], you may pay [C] to ready it. (A unit is Mighty while it has 5+ [S].)",League Splash Team,portrait,https://cmsassets.rgpub.io/sanity/images/dsfx7636/game_data_live/e38428b921717edf676bd7f9628fc61b1355814c-744x1039.png?accountingTag=RB
sfd-180-221,SFD-180/221,180,"Fiora, Worthy",SFD,Spiritforged,epic,Epic,Unit,Champion,Order,3,3,,"Fiora, Demacia","When a unit you control becomes [Mighty], you may pay :rb_rune_order: to ready it. (A unit is Mighty while it has 5+ :rb_might:.)","Riftbound Unit: Fiora, Worthy. When a unit you control becomes [Mighty], you may pay [C] to ready it. (A unit is Mighty while it has 5+ [S].)",League Splash Team,portrait,https://cmsassets.rgpub.io/sanity/images/dsfx7636/game_data_live/7339e76b7796242a15e97cfddbe04c32d5a05063-744x1039.png?accountingTag=RB
sfd-181-221,SFD-181/221,181,Mechanized Menace,SFD,Spiritforged,rare,Rare,Legend,,"Fury, Mind",,,,Rumble,Your Mechs have [Shield]. (+1 :rb_might: while they're defenders.),Riftbound Legend: Mechanized Menace. Your Mechs have [Shield]. (+1 [S] while they're defenders.),Pandart Studio,portrait,https://cmsassets.rgpub.io/sanity/images/dsfx7636/game_data_live/f311115e4c527ce82010596ce462d4050a9201b2-744x1039.png?accountingTag=RB
sfd-182-221,SFD-182/221,182,Danger Zone,SFD,Spiritforged,epic,Epic,Spell,Signature,"Fury, Mind",1,,1,Rumble,"[Reaction] (Play any time, even before spells and abilities resolve.)
[Repeat] :rb_energy_1::rb_rune_rainbow: (You may pay the additional cost to repeat this spell's effect.)
Give your Mechs +1 :rb_might: this turn.","Riftbound Spell: Danger Zone. [Reaction] (Play any time, even before spells and abilities resolve.)
[Repeat] [1][C] (You may pay the additional cost to repeat this spell's effect.)
Give your Mechs +1 [S] this turn.",Kudos Productions,portrait,https://cmsassets.rgpub.io/sanity/images/dsfx7636/game_data_live/c4652150ba885dd346b8f3622fd0e4ada7cf767f-744x1039.png?accountingTag=RB
sfd-183-221,SFD-183/221,183,Purifier,SFD,Spiritforged,rare,Rare,Legend,,"Fury, Body",,,,Lucian,Your Equipment each give [Assault]. (+1 :rb_might: while equipped unit is an attacker.),Riftbound Legend: Purifier. Your Equipment each give [Assault]. (+1 [S] while equipped unit is an attacker.),Pandart Studio,portrait,https://cmsassets.rgpub.io/sanity/images/dsfx7636/game_data_live/450cfb71b8890904d48b37a24bbdc78f8d849614-744x1039.png?accountingTag=RB
sfd-184-221,SFD-184/221,184,Relentless Pursuit,SFD,Spiritforged,epic,Epic,Spell,Signature,"Fury, Body",2,,1,Lucian,"[Action] (Play on your turn or in showdowns.)
Move a friendly unit. You may attach an Equipment with the same controller to it. This turn, that unit has ""When I conquer, you may move me to my base.""","Riftbound Spell: Relentless Pursuit. [Action] (Play on your turn or in showdowns.)
Move a friendly unit. You may attach an Equipment with the same controller to it. This turn, that unit has ""When I conquer, you may move me to my base.""",Max Grecke,portrait,https://cmsassets.rgpub.io/sanity/images/dsfx7636/game_data_live/48754730486abefdb56221d0760b9c963aae7c09-744x1039.png?accountingTag=RB
sfd-185-221,SFD-185/221,185,Glorious Executioner,SFD,Spiritforged,rare,Rare,Legend,,"Fury, Chaos",,,,Draven,"When you win a combat, draw 1. (You win if only your units remain after combat.)","Riftbound Legend: Glorious Executioner. When you win a combat, draw 1. (You win if only your units remain after combat.)",Pandart Studio,portrait,https://cmsassets.rgpub.io/sanity/images/dsfx7636/game_data_live/b01b2d0454ceeffdc106c4c64a390b275ebf390b-744x1039.png?accountingTag=RB
sfd-186-221,SFD-186/221,186,Spinning Axe,SFD,Spiritforged,epic,Epic,Gear,Signature,"Fury, Chaos",2,,1,"Draven, Equipment","[Quick-Draw] (This has [Reaction]. When you play it, attach it to a unit you control.)
[Equip] :rb_rune_rainbow: (:rb_rune_rainbow:: Attach this to a unit you control.)
[Temporary] (If this is unattached, kill it at the start of its controller's Beginning Phase, before scoring.)","Riftbound Gear: Spinning Axe. [Quick-Draw] (This has [Reaction]. When you play it, attach it to a unit you control.)
[Equip] [C] ([C]: Attach this to a unit you control.)
[Temporary] (If this is unattached, kill it at the start of its controller's Beginning Phase, before scoring.)",Six More Vodka,portrait,https://cmsassets.rgpub.io/sanity/images/dsfx7636/game_data_live/e4e0328034e605d000e23ac5e820d233f0e3b520-744x1039.png?accountingTag=RB
sfd-187-221,SFD-187/221,187,Void Burrower,SFD,Spiritforged,rare,Rare,Legend,,"Fury, Order",,,,Rek'Sai,"When you conquer, you may exhaust me to reveal the top 2 cards of your Main Deck. You may play one. Then recycle the rest.","Riftbound Legend: Void Burrower. When you conquer, you may exhaust me to reveal the top 2 cards of your Main Deck. You may play one. Then recycle the rest.",Pandart Studio,portrait,https://cmsassets.rgpub.io/sanity/images/dsfx7636/game_data_live/2db78549c30d8f9012af797fe075c4dc2355ec5d-744x1039.png?accountingTag=RB
sfd-188-221,SFD-188/221,188,Void Rush,SFD,Spiritforged,epic,Epic,Spell,Signature,"Fury, Order",2,,1,Rek'Sai,"Reveal the top 2 cards of your Main Deck. You may play one of them, reducing its cost by :rb_energy_2:. Draw any you did not play this way.","Riftbound Spell: Void Rush. Reveal the top 2 cards of your Main Deck. You may play one of them, reducing its cost by [2]. Draw any you did not play this way.",Kudos Productions,portrait,https://cmsassets.rgpub.io/sanity/images/dsfx7636/game_data_live/ce606f096ae76485cd8dd3cc337629b510f0d1e7-744x1039.png?accountingTag=RB
sfd-189-221,SFD-189/221,189,Fire Below the Mountain,SFD,Spiritforged,rare,Rare,Legend,,"Calm, Mind",,,,Ornn,:rb_exhaust:: [Reaction] — [Add] :rb_rune_rainbow:. Use only to play gear or use gear abilities. (Abilities that add resources can't be reacted to.),Riftbound Legend: Fire Below the Mountain. [T]: [Reaction] — [Add] [A]. Use only to play gear or use gear abilities. (Abilities that add resources can't be reacted to.),Pandart Studio,portrait,https://cmsassets.rgpub.io/sanity/images/dsfx7636/game_data_live/ed58d654034d545e54c85d836f3a6552772dd75b-744x1039.png?accountingTag=RB
sfd-190-221,SFD-190/221,190,Forgefire Cape,SFD,Spiritforged,epic,Epic,Gear,Signature,"Calm, Mind",4,,2,"Ornn, Equipment","[Unique] (Your deck can have only 1 card with this name.)
[Equip] :rb_rune_rainbow: (:rb_rune_rainbow:: Attach this to a unit you control.)","Riftbound Gear: Forgefire Cape. [Unique] (Your deck can have only 1 card with this name.)
[Equip] [C] ([C]: Attach this to a unit you control.)",Grafit Studio,portrait,https://cmsassets.rgpub.io/sanity/images/dsfx7636/game_data_live/9bc49433a6ec5a8f4f1b44351094523d51b6bc11-744x1039.png?accountingTag=RB
sfd-191-221,SFD-191/221,191,Rabadon's Deathcrown,SFD,Spiritforged,epic,Epic,Gear,Signature,"Calm, Mind",4,,2,"Ornn, Equipment","[Unique] (Your deck can have only 1 card with this name.)
[Equip] :rb_rune_rainbow: (:rb_rune_rainbow:: Attach this to a unit you control.)","Riftbound Gear: Rabadon's Deathcrown. [Unique] (Your deck can have only 1 card with this name.)
[Equip] [C] ([C]: Attach this to a unit you control.)",Grafit Studio,portrait,https://cmsassets.rgpub.io/sanity/images/dsfx7636/game_data_live/e93d11bdae446762b1932f0327d2ffe489fa4481-744x1039.png?accountingTag=RB
sfd-192-221,SFD-192/221,192,Shurelya's Requiem,SFD,Spiritforged,epic,Epic,Gear,Signature,"Calm, Mind",4,,2,"Ornn, Equipment","[Unique] (Your deck can have only 1 card with this name.)
[Equip] :rb_rune_rainbow: (:rb_rune_rainbow:: Attach this to a unit you control.)
When you play this, ready your units.","Riftbound Gear: Shurelya's Requiem. [Unique] (Your deck can have only 1 card with this name.)
[Equip] [C] ([C]: Attach this to a unit you control.)
When you play this, ready your units.",Grafit Studio,portrait,https://cmsassets.rgpub.io/sanity/images/dsfx7636/game_data_live/6f2f7175e61486859d7f5da804e41733d66b2254-744x1039.png?accountingTag=RB
sfd-193-221,SFD-193/221,193,Grandmaster at Arms,SFD,Spiritforged,rare,Rare,Legend,,"Calm, Body",,,,Jax,":rb_energy_1:, :rb_exhaust:: Attach a detached Equipment you control to a unit you control.
:rb_exhaust:: Attach an attached Equipment you control to a unit you control.","Riftbound Legend: Grandmaster at Arms. [1], [T]: Attach a detached Equipment you control to a unit you control.
[T]: Attach an attached Equipment you control to a unit you control.",Pandart Studio,portrait,https://cmsassets.rgpub.io/sanity/images/dsfx7636/game_data_live/c6ddf49d7249bc8ac194fd9b194bfcb8857a4466-744x1039.png?accountingTag=RB
sfd-194-221,SFD-194/221,194,Counter Strike,SFD,Spiritforged,epic,Epic,Spell,Signature,"Calm, Body",2,,1,Jax,"[Reaction] (Play any time, even before spells and abilities resolve.)
Choose a unit. The next time that unit would be dealt damage this turn, prevent it. Draw 1.","Riftbound Spell: Counter Strike. [Reaction] (Play any time, even before spells and abilities resolve.)
Choose a unit. The next time that unit would be dealt damage this turn, prevent it. Draw 1.",Kudos Productions,portrait,https://cmsassets.rgpub.io/sanity/images/dsfx7636/game_data_live/7c643b3da9a78518b1b92e3eeb0078b88d82bf79-744x1039.png?accountingTag=RB
sfd-195-221,SFD-195/221,195,Blade Dancer,SFD,Spiritforged,rare,Rare,Legend,,"Calm, Chaos",,,,Irelia,"When you choose a friendly unit, you may exhaust me and pay :rb_rune_rainbow: to ready it.
When you conquer, you may pay :rb_energy_1: to ready me.","Riftbound Legend: Blade Dancer. When you choose a friendly unit, you may exhaust me and pay [A] to ready it.
When you conquer, you may pay [1] to ready me.",Pandart Studio,portrait,https://cmsassets.rgpub.io/sanity/images/dsfx7636/game_data_live/656ef2d1724b818e9e737ec5dcce923de067a316-744x1039.png?accountingTag=RB
sfd-196-221,SFD-196/221,196,Defiant Dance,SFD,Spiritforged,epic,Epic,Spell,Signature,"Calm, Chaos",1,,1,Irelia,"[Reaction] (Play any time, even before spells and abilities resolve.)
Give a unit +2 :rb_might: this turn and another unit -2 :rb_might: this turn.","Riftbound Spell: Defiant Dance. [Reaction] (Play any time, even before spells and abilities resolve.)
Give a unit +2 [S] this turn and another unit -2 [S] this turn.",Kudos Productions,portrait,https://cmsassets.rgpub.io/sanity/images/dsfx7636/game_data_live/6f5bc5c9e321830337998a2b85e4fec3cd8251c9-744x1039.png?accountingTag=RB
sfd-197-221,SFD-197/221,197,Emperor of the Sands,SFD,Spiritforged,rare,Rare,Legend,,"Calm, Order",,,,Azir,"Your Sand Soldiers have [Weaponmaster].
:rb_energy_1:, :rb_exhaust:: Play a 2 :rb_might: Sand Soldier unit token to your base. Use only if you've played an Equipment this turn.","Riftbound Legend: Emperor of the Sands. Your Sand Soldiers have [Weaponmaster].
[1], [T]: Play a 2 [S] Sand Soldier unit token to your base. Use only if you've played an Equipment this turn.",蛋费鸡丁,portrait,https://cmsassets.rgpub.io/sanity/images/dsfx7636/game_data_live/0472274c49f6540858758ebf9bd2f107a601541a-744x1039.png?accountingTag=RB
sfd-198-221,SFD-198/221,198,Arise!,SFD,Spiritforged,epic,Epic,Spell,Signature,"Calm, Order",6,,1,Azir,Play a 2 :rb_might: Sand Soldier unit token for each Equipment you control. Then ready two of them.,Riftbound Spell: Arise!. Play a 2 [M] Sand Soldier unit token for each Equipment you control. Then ready two of them.,Kudos Productions,portrait,https://cmsassets.rgpub.io/sanity/images/dsfx7636/game_data_live/346f4698fea2878dde88470c1793047140c981e3-744x1039.png?accountingTag=RB
sfd-199-221,SFD-199/221,199,Prodigal Explorer,SFD,Spiritforged,rare,Rare,Legend,,"Mind, Chaos",,,,Ezreal,:rb_exhaust:: [Reaction] — Draw 1. Use only if you've chosen enemy units and/or gear twice this turn with spells or unit abilities.,Riftbound Legend: Prodigal Explorer. [T]: [Reaction] — Draw 1. Use only if you've chosen enemy units and/or gear twice this turn with spells or unit abilities.,Pandart Studio,portrait,https://cmsassets.rgpub.io/sanity/images/dsfx7636/game_data_live/d0e143d9edbc14971b2a7b463b3c25b2b6a0c098-744x1039.png?accountingTag=RB
sfd-200-221,SFD-200/221,200,Arcane Shift,SFD,Spiritforged,epic,Epic,Spell,Signature,"Mind, Chaos",3,,1,Ezreal,"[Action] (Play on your turn or in showdowns.)
Banish a friendly unit, then its owner plays it, ignoring its cost. Deal 3 to an enemy unit at a battlefield. Banish this.","Riftbound Spell: Arcane Shift. [Action] (Play on your turn or in showdowns.)
Banish a friendly unit, then its owner plays it, ignoring its cost. Deal 3 to an enemy unit at a battlefield. Banish this.",Original Force,portrait,https://cmsassets.rgpub.io/sanity/images/dsfx7636/game_data_live/a5d1d26dee01db24f32a1432639478753d22aa92-744x1039.png?accountingTag=RB
sfd-201-221,SFD-201/221,201,Chem-Baroness,SFD,Spiritforged,rare,Rare,Legend,,"Mind, Order",,,,Renata Glasc,"When you or an ally hold, you may exhaust me to play a Gold gear token exhausted.
While your score is within 3 points of the Victory Score, your Gold [Add] an additional :rb_energy_1:.","Riftbound Legend: Chem-Baroness. When you or an ally hold, you may exhaust me to play a Gold gear token exhausted.
While your score is within 3 points of the Victory Score, your Gold [Add] an additional [1].",Pandart Studio,portrait,https://cmsassets.rgpub.io/sanity/images/dsfx7636/game_data_live/4bd289c281ad64229061ff909abf88c12a574833-744x1039.png?accountingTag=RB
sfd-202-221,SFD-202/221,202,Hostile Takeover,SFD,Spiritforged,epic,Epic,Spell,Signature,"Mind, Order",5,,2,Renata Glasc,"[Hidden] (Hide now for :rb_rune_rainbow: to react with later for :rb_energy_0:.)
Take control of an enemy unit at a battlefield. Ready it. (Start a combat if other enemies are there. Otherwise, conquer.)
Lose control of that unit and recall it at end of turn. (Send it to base. This isn't a move.)","Riftbound Spell: Hostile Takeover. [Hidden] (Hide now for [A] to react with later for [0].)
Take control of an enemy unit at a battlefield. Ready it. (Start a combat if other enemies are there. Otherwise, conquer.)
Lose control of that unit and recall it at end of turn. (Send it to base. This isn't a move.)",Grafit Studio,portrait,https://cmsassets.rgpub.io/sanity/images/dsfx7636/game_data_live/56651a87166df7108ce9f945bd71390d4926770a-744x1039.png?accountingTag=RB
sfd-203-221,SFD-203/221,203,Battle Mistress,SFD,Spiritforged,rare,Rare,Legend,,"Body, Chaos",,,,Sivir,"When you recycle a rune, you may exhaust me to play a Gold gear token exhausted.
When one or more enemy units die, ready me.","Riftbound Legend: Battle Mistress. When you recycle a rune, you may exhaust me to play a Gold gear token exhausted.
When one or more enemy units die, ready me.",Zhongqi Li,portrait,https://cmsassets.rgpub.io/sanity/images/dsfx7636/game_data_live/fd060882c32a8deac04aea4241c6ab7b97236a05-744x1039.png?accountingTag=RB
sfd-204-221,SFD-204/221,204,On the Hunt,SFD,Spiritforged,epic,Epic,Spell,Signature,"Body, Chaos",1,,2,Sivir,Ready your units.,Riftbound Spell: On the Hunt. Ready your units.,Grafit Studio,portrait,https://cmsassets.rgpub.io/sanity/images/dsfx7636/game_data_live/3205df9cf3d12551c445a740889392264ec95b09-744x1039.png?accountingTag=RB
sfd-205-221,SFD-205/221,205,Grand Duelist,SFD,Spiritforged,rare,Rare,Legend,,"Body, Order",,,,Fiora,"When one of your units becomes [Mighty], you may exhaust me to channel 1 rune exhausted. (A unit is Mighty while it has 5+ :rb_might:.)","Riftbound Legend: Grand Duelist. When one of your units becomes [Mighty], you may exhaust me to channel 1 rune exhausted. (A unit is Mighty while it has 5+ [S].)",Pandart Studio,portrait,https://cmsassets.rgpub.io/sanity/images/dsfx7636/game_data_live/37064aa79c13316b5dd28f0a2b054821a43f6650-744x1039.png?accountingTag=RB
sfd-206-221,SFD-206/221,206,Riposte,SFD,Spiritforged,epic,Epic,Spell,Signature,"Body, Order",2,,2,Fiora,"[Reaction] (Play any time, even before spells and abilities resolve.)
Choose a friendly unit and a spell. Counter that spell and give that unit +:rb_might: equal to that spell's Energy cost this turn.","Riftbound Spell: Riposte. [Reaction] (Play any time, even before spells and abilities resolve.)
Choose a friendly unit and a spell. Counter that spell and give that unit +[S] equal to that spell's Energy cost this turn.",Kudos Productions,portrait,https://cmsassets.rgpub.io/sanity/images/dsfx7636/game_data_live/07af52eada661904b467ca118c2715435f0a3b00-744x1039.png?accountingTag=RB
sfd-207-221,SFD-207/221,207,Emperor's Dais,SFD,Spiritforged,uncommon,Uncommon,Battlefield,,Colorless,,,,,"When you conquer here, you may pay :rb_energy_1: and return a unit you control here to its owner's hand. If you do, play a 2 :rb_might: Sand Soldier unit token here.","Riftbound Battlefield: Emperor's Dais. When you conquer here, you may pay [1] and return a unit you control here to its owner's hand. If you do, play a 2 [S] Sand Soldier unit token here.",Kudos Productions,landscape,https://cmsassets.rgpub.io/sanity/images/dsfx7636/game_data_live/c1ea4f6f58a62fc2b62647aa3459109e3d10297a-1039x744.png?accountingTag=RB
sfd-208-221,SFD-208/221,208,Forge of the Fluft,SFD,Spiritforged,uncommon,Uncommon,Battlefield,,Colorless,,,,,"While you control this battlefield, friendly legends have "":rb_exhaust:: Attach an Equipment you control to a unit you control.""","Riftbound Battlefield: Forge of the Fluft. While you control this battlefield, friendly legends have ""[T]: Attach an Equipment you control to a unit you control.""",Dao Trong Le,landscape,https://cmsassets.rgpub.io/sanity/images/dsfx7636/game_data_live/6ad10353e7fc1337d8cc79086f8eaac1c75f5598-1039x744.png?accountingTag=RB
sfd-209-221,SFD-209/221,209,Forgotten Monument,SFD,Spiritforged,uncommon,Uncommon,Battlefield,,Colorless,,,,,Players can't score here until their third turn.,Riftbound Battlefield: Forgotten Monument. Players can't score here until their third turn.,Envar Studio,landscape,https://cmsassets.rgpub.io/sanity/images/dsfx7636/game_data_live/b0c98558fccd68c9ac93cd5b3412c31c68b5ace9-1039x744.png?accountingTag=RB
sfd-210-221,SFD-210/221,210,Hall of Legends,SFD,Spiritforged,uncommon,Uncommon,Battlefield,,Colorless,,,,,"When you conquer here, you may pay :rb_energy_1: to ready your legend.","Riftbound Battlefield: Hall of Legends. When you conquer here, you may pay [1] to ready your legend.",Kudos Productions,landscape,https://cmsassets.rgpub.io/sanity/images/dsfx7636/game_data_live/3b6438877bd2bd95e7a3a8921ddf6bca26d3fd95-1039x744.png?accountingTag=RB
sfd-211-221,SFD-211/221,211,Marai Spire,SFD,Spiritforged,uncommon,Uncommon,Battlefield,,Colorless,,,,,"While you control this battlefield, friendly [Repeat] costs cost :rb_energy_1: less.","Riftbound Battlefield: Marai Spire. While you control this battlefield, friendly [Repeat] costs cost [1] less.",Envar Studio,landscape,https://cmsassets.rgpub.io/sanity/images/dsfx7636/game_data_live/ff64dcbac9b392d4f6930a7359114aa68aa14ebe-1039x744.png?accountingTag=RB
sfd-212-221,SFD-212/221,212,Minefield,SFD,Spiritforged,uncommon,Uncommon,Battlefield,,Colorless,,,,,"When you conquer here, put the top 2 cards of your Main Deck into your trash.","Riftbound Battlefield: Minefield. When you conquer here, put the top 2 cards of your Main Deck into your trash.",Kudos Productions,landscape,https://cmsassets.rgpub.io/sanity/images/dsfx7636/game_data_live/46614658b08563f07cc81a4f4fa4ec8a067710b9-1039x744.png?accountingTag=RB
sfd-213-221,SFD-213/221,213,Ornn's Forge,SFD,Spiritforged,uncommon,Uncommon,Battlefield,,Colorless,,,,,"While you control this battlefield, the first friendly non-token gear played each turn costs :rb_energy_1: less.","Riftbound Battlefield: Ornn's Forge. While you control this battlefield, the first friendly non-token gear played each turn costs [1] less.",Envar Studio,landscape,https://cmsassets.rgpub.io/sanity/images/dsfx7636/game_data_live/e228948bc7a6d8ee858fbc0bed3d93a53f467097-1039x744.png?accountingTag=RB
sfd-214-221,SFD-214/221,214,Power Nexus,SFD,Spiritforged,uncommon,Uncommon,Battlefield,,Colorless,,,,,"When you hold here, you may pay :rb_rune_rainbow::rb_rune_rainbow::rb_rune_rainbow::rb_rune_rainbow: to score 1 point.","Riftbound Battlefield: Power Nexus. When you hold here, you may pay [A][A][A][A] to score 1 point.",Kudos Productions,landscape,https://cmsassets.rgpub.io/sanity/images/dsfx7636/game_data_live/653db9a5f2aead0191c8d61da3d1876fb894b545-1039x744.png?accountingTag=RB
sfd-215-221,SFD-215/221,215,Ravenbloom Conservatory,SFD,Spiritforged,uncommon,Uncommon,Battlefield,,Colorless,,,,,"When you defend here, reveal the top card of your Main Deck. If it's a spell, put it in your hand. Otherwise, recycle it.","Riftbound Battlefield: Ravenbloom Conservatory. When you defend here, reveal the top card of your Main Deck. If it's a spell, put it in your hand. Otherwise, recycle it.",Will Gist,landscape,https://cmsassets.rgpub.io/sanity/images/dsfx7636/game_data_live/6d820754b197eb5fb2af7567b7a7573e9a076e51-1039x744.png?accountingTag=RB
sfd-216-221,SFD-216/221,216,Rockfall Path,SFD,Spiritforged,uncommon,Uncommon,Battlefield,,Colorless,,,,,Units can't be played here.,Riftbound Battlefield: Rockfall Path. Units can't be played here.,Polar Engine Studio,landscape,https://cmsassets.rgpub.io/sanity/images/dsfx7636/game_data_live/a1bde66bccf2786e7c0b9d44fcdcdaa6b59f0328-1039x744.png?accountingTag=RB
sfd-217-221,SFD-217/221,217,Seat of Power,SFD,Spiritforged,uncommon,Uncommon,Battlefield,,Colorless,,,,,"When you conquer here, draw 1 for each other battlefield you or allies control..","Riftbound Battlefield: Seat of Power. When you conquer here, draw 1 for each other battlefield you or allies control..",Kudos Productions,landscape,https://cmsassets.rgpub.io/sanity/images/dsfx7636/game_data_live/8b9db30f8eedd5e5463a0fceaeaf90069bce39ae-1039x744.png?accountingTag=RB
sfd-218-221,SFD-218/221,218,Sunken Temple,SFD,Spiritforged,uncommon,Uncommon,Battlefield,,Colorless,,,,,"When you conquer here with one or more [Mighty] units, you may pay :rb_energy_1: to draw 1. (A unit is Mighty while it has 5+ :rb_might:.)","Riftbound Battlefield: Sunken Temple. When you conquer here with one or more [Mighty] units, you may pay [1] to draw 1. (A unit is Mighty while it has 5+ [S].)",Envar Studio,landscape,https://cmsassets.rgpub.io/sanity/images/dsfx7636/game_data_live/06f6d17929d19000006cf281d013ecbe1543af0e-1039x744.png?accountingTag=RB
sfd-219-221,SFD-219/221,219,The Papertree,SFD,Spiritforged,uncommon,Uncommon,Battlefield,,Colorless,,,,,"When you hold here, each player channels 1 rune exhausted.","Riftbound Battlefield: The Papertree. When you hold here, each player channels 1 rune exhausted.",Kudos Productions,landscape,https://cmsassets.rgpub.io/sanity/images/dsfx7636/game_data_live/c395b94a4f78b4e8b0590b56787c33600b18e358-1039x744.png?accountingTag=RB
sfd-220-221,SFD-220/221,220,Treasure Hoard,SFD,Spiritforged,uncommon,Uncommon,Battlefield,,Colorless,,,,,"When you conquer here, you may pay :rb_energy_1: to play a Gold gear token exhausted.","Riftbound Battlefield: Treasure Hoard. When you conquer here, you may pay [1] to play a Gold gear token exhausted.",Caravan Studio,landscape,https://cmsassets.rgpub.io/sanity/images/dsfx7636/game_data_live/cb39bf9f8c30d1ed756ba1b83c975a89d3635159-1039x744.png?accountingTag=RB
sfd-221-221,SFD-221/221,221,Veiled Temple,SFD,Spiritforged,uncommon,Uncommon,Battlefield,,Colorless,,,,,"When you conquer here, you may ready a friendly gear. If it's an Equipment, you may detach it.","Riftbound Battlefield: Veiled Temple. When you conquer here, you may ready a friendly gear. If it's an Equipment, you may detach it.",Kudos Productions,landscape,https://cmsassets.rgpub.io/sanity/images/dsfx7636/game_data_live/6f2b38874a09b3e3df3fe584ea77e84aa5423e37-1039x744.png?accountingTag=RB
sfd-222-221,SFD-222/221,222,Seal of Rage,SFD,Spiritforged,showcase,Showcase,Gear,,Fury,0,,1,,:rb_exhaust:: [Reaction] — [Add] :rb_rune_fury:. (Abilities that add resources can't be reacted to.),Riftbound Gear: Seal of Rage. [T]: [Reaction] — [Add] [C]. (Abilities that add resources can't be reacted to.),Envar Studio,portrait,https://cmsassets.rgpub.io/sanity/images/dsfx7636/game_data_live/669d4dd94cf2d88ad58333c13a98cca2014e71aa-744x1039.png?accountingTag=RB
sfd-223-221,SFD-223/221,223,"Vayne, Hunter",SFD,Spiritforged,showcase,Showcase,Unit,Champion,Fury,4,2,1,"Vayne, Demacia, Sentinel","[Assault 3] (+3 :rb_might: while I'm an attacker.)
If an opponent controls a battlefield, I enter ready.
When I conquer, you may pay :rb_energy_1: to return me to my owner's hand.","Riftbound Unit: Vayne, Hunter. [Assault 3] (+3 [S] while I'm an attacker.)
If an opponent controls a battlefield, I enter ready.
When I conquer, you may pay [1] to return me to my owner's hand.",John Kafka,portrait,https://cmsassets.rgpub.io/sanity/images/dsfx7636/game_data_live/6f8caecc98cb5dae1b818677ef5baaaa4a5f7cb2-744x1039.png?accountingTag=RB
sfd-223-star-221,SFD-223*/221,223,"Vayne, Hunter",SFD,Spiritforged,showcase,Showcase,Unit,Champion,Fury,4,2,1,"Vayne, Demacia, Sentinel","[Assault 3] (+3 :rb_might: while I'm an attacker.)
If an opponent controls a battlefield, I enter ready.
When I conquer, you may pay :rb_energy_1: to return me to my owner's hand.","Riftbound Unit: Vayne, Hunter. [Assault 3] (+3 [S] while I'm an attacker.)
If an opponent controls a battlefield, I enter ready.
When I conquer, you may pay [1] to return me to my owner's hand.",John Kafka,portrait,https://cmsassets.rgpub.io/sanity/images/dsfx7636/game_data_live/75f9eac062e43105ee602b6050fe230fb8d2dce5-744x1039.png?accountingTag=RB
sfd-224-221,SFD-224/221,224,"Aphelios, Exalted",SFD,Spiritforged,showcase,Showcase,Unit,Champion,Calm,4,4,1,"Aphelios, Mount Targon","When you attach an Equipment to me, choose one that hasn't been chosen this turn —Ready 2 runes.Channel 1 rune exhausted.Buff a friendly unit.","Riftbound Unit: Aphelios, Exalted. When you attach an Equipment to me, choose one that hasn't been chosen this turn —
- Ready 2 runes.
- Channel 1 rune exhausted.
- Buff a friendly unit.",Masaki Hsu,portrait,https://cmsassets.rgpub.io/sanity/images/dsfx7636/game_data_live/1da6ebc24ad6360186208ab70a0c43443c349bbe-744x1039.png?accountingTag=RB
sfd-224-star-221,SFD-224*/221,224,"Aphelios, Exalted",SFD,Spiritforged,showcase,Showcase,Unit,Champion,Calm,4,4,1,"Aphelios, Mount Targon","When you attach an Equipment to me, choose one that hasn't been chosen this turn —Ready 2 runes.Channel 1 rune exhausted.Buff a friendly unit.","Riftbound Unit: Aphelios, Exalted. When you attach an Equipment to me, choose one that hasn't been chosen this turn —
- Ready 2 runes.
- Channel 1 rune exhausted.
- Buff a friendly unit.",Masaki Hsu,portrait,https://cmsassets.rgpub.io/sanity/images/dsfx7636/game_data_live/58bb3f7a73a8aa38159cc63439e0483ca2574157-744x1039.png?accountingTag=RB
sfd-225-221,SFD-225/221,225,"Irelia, Fervent",SFD,Spiritforged,showcase,Showcase,Unit,Champion,Calm,5,4,,"Irelia, Ionia","[Deflect] (Opponents must pay :rb_rune_rainbow: to choose me with a spell or ability.)
When you choose or ready me, give me +1 :rb_might: this turn.","Riftbound Unit: Irelia, Fervent. [Deflect] (Opponents must pay [A] to choose me with a spell or ability.)
When you choose or ready me, give me +1 [S] this turn.",Bo Chen,portrait,https://cmsassets.rgpub.io/sanity/images/dsfx7636/game_data_live/40454a8534f7c9444bafd000ffbfc0e5bcc847f0-744x1039.png?accountingTag=RB
sfd-225-star-221,SFD-225*/221,225,"Irelia, Fervent",SFD,Spiritforged,showcase,Showcase,Unit,Champion,Calm,5,4,,"Irelia, Ionia","[Deflect] (Opponents must pay :rb_rune_rainbow: to choose me with a spell or ability.)
When you choose or ready me, give me +1 :rb_might: this turn.","Riftbound Unit: Irelia, Fervent. [Deflect] (Opponents must pay [A] to choose me with a spell or ability.)
When you choose or ready me, give me +1 [S] this turn.",Bo Chen,portrait,https://cmsassets.rgpub.io/sanity/images/dsfx7636/game_data_live/e064a9017b5d6bf0e18c4452acfca4ed8c279657-744x1039.png?accountingTag=RB
sfd-226-221,SFD-226/221,226,Seal of Focus,SFD,Spiritforged,showcase,Showcase,Gear,,Calm,0,,1,,:rb_exhaust:: [Reaction] — [Add] :rb_rune_calm:. (Abilities that add resources can't be reacted to.),Riftbound Gear: Seal of Focus. [T]: [Reaction] — [Add] [C]. (Abilities that add resources can't be reacted to.),Envar Studio,portrait,https://cmsassets.rgpub.io/sanity/images/dsfx7636/game_data_live/8b6bb0da7d3b37dad51148b7914e7d2b840b6482-744x1039.png?accountingTag=RB
sfd-227-star-221,SFD-227*/221,227,"Ahri, Inquisitive",SFD,Spiritforged,showcase,Showcase,Unit,Champion,Mind,3,3,1,Ahri,"When I attack or defend, give an enemy unit here -2 :rb_might: this turn, to a minimum of 1 :rb_might:.","Riftbound Unit: Ahri, Inquisitive. When I attack or defend, give an enemy unit here -2 [S] this turn, to a minimum of 1 [S].",Shawn Tan,portrait,https://cmsassets.rgpub.io/sanity/images/dsfx7636/game_data_live/608f786c30a7e80db87d3c2d45bc0c26b0840c5e-744x1039.png?accountingTag=RB
sfd-227-221,SFD-227/221,227,"Ahri, Inquisitive",SFD,Spiritforged,showcase,Showcase,Unit,Champion,Mind,3,3,1,Ahri,"When I attack or defend, give an enemy unit here -2 :rb_might: this turn, to a minimum of 1 :rb_might:.","Riftbound Unit: Ahri, Inquisitive. When I attack or defend, give an enemy unit here -2 [S] this turn, to a minimum of 1 [S].",Shawn Tan,portrait,https://cmsassets.rgpub.io/sanity/images/dsfx7636/game_data_live/d4c332e90c97e5e70b996598cd4a0f731b77fdef-744x1039.png?accountingTag=RB
sfd-228-221,SFD-228/221,228,"Bard, Mercurial",SFD,Spiritforged,showcase,Showcase,Unit,Champion,Mind,4,4,1,Bard,"You may exhaust your legend as an additional cost to play me.
When you play me, if you paid the additional cost, move any number of your units to an open battlefield.","Riftbound Unit: Bard, Mercurial. You may exhaust your legend as an additional cost to play me.
When you play me, if you paid the additional cost, move any number of your units to an open battlefield.",Felicia Chen,portrait,https://cmsassets.rgpub.io/sanity/images/dsfx7636/game_data_live/9c33fbc2dc78bb6af3d31fab0c0ca58e1141141d-744x1039.png?accountingTag=RB
sfd-228-star-221,SFD-228*/221,228,"Bard, Mercurial",SFD,Spiritforged,showcase,Showcase,Unit,Champion,Mind,4,4,1,Bard,"You may exhaust your legend as an additional cost to play me.
When you play me, if you paid the additional cost, move any number of your units to an open battlefield.","Riftbound Unit: Bard, Mercurial. You may exhaust your legend as an additional cost to play me.
When you play me, if you paid the additional cost, move any number of your units to an open battlefield.",Felicia Chen,portrait,https://cmsassets.rgpub.io/sanity/images/dsfx7636/game_data_live/1b7d48edee47c3eec4e5b554e47359a395777c70-744x1039.png?accountingTag=RB
sfd-229-221,SFD-229/221,229,Seal of Insight,SFD,Spiritforged,showcase,Showcase,Gear,,Mind,0,,1,,:rb_exhaust:: [Reaction] — [Add] :rb_rune_mind:. (Abilities that add resources can't be reacted to.),Riftbound Gear: Seal of Insight. [T]: [Reaction] — [Add] [C]. (Abilities that add resources can't be reacted to.),Envar Studio,portrait,https://cmsassets.rgpub.io/sanity/images/dsfx7636/game_data_live/eb4559c507f09cabc3735973a1b20d83688d2f9d-744x1039.png?accountingTag=RB
sfd-230-221,SFD-230/221,230,"Teemo, Strategist",SFD,Spiritforged,showcase,Showcase,Unit,Champion,Mind,2,2,1,"Yordle, Teemo","[Hidden] (Hide now for :rb_rune_rainbow: to react with later for :rb_energy_0:.)
When I defend or I'm played from [Hidden], reveal the top 5 cards of your Main Deck. Deal 1 to an enemy unit here for each card with [Hidden], then recycle them.","Riftbound Unit: Teemo, Strategist. [Hidden] (Hide now for [A] to react with later for [0].)
When I defend or I'm played from [Hidden], reveal the top 5 cards of your Main Deck. Deal 1 to an enemy unit here for each card with [Hidden], then recycle them.",Mo Yan,portrait,https://cmsassets.rgpub.io/sanity/images/dsfx7636/game_data_live/7f0962b840d228ad551fb9334fe9bdf76d209e7d-744x1039.png?accountingTag=RB
sfd-230-star-221,SFD-230*/221,230,"Teemo, Strategist",SFD,Spiritforged,showcase,Showcase,Unit,Champion,Mind,2,2,1,"Yordle, Teemo","[Hidden] (Hide now for :rb_rune_rainbow: to react with later for :rb_energy_0:.)
When I defend or I'm played from [Hidden], reveal the top 5 cards of your Main Deck. Deal 1 to an enemy unit here for each card with [Hidden], then recycle them.","Riftbound Unit: Teemo, Strategist. [Hidden] (Hide now for [A] to react with later for [0].)
When I defend or I'm played from [Hidden], reveal the top 5 cards of your Main Deck. Deal 1 to an enemy unit here for each card with [Hidden], then recycle them.",Mo Yan,portrait,https://cmsassets.rgpub.io/sanity/images/dsfx7636/game_data_live/5e31f0ea037604aa531d84c1d56d26f255210b7c-744x1039.png?accountingTag=RB
sfd-231-221,SFD-231/221,231,Seal of Strength,SFD,Spiritforged,showcase,Showcase,Gear,,Body,0,,1,,:rb_exhaust:: [Reaction] — [Add] :rb_rune_body:. (Abilities that add resources can't be reacted to.),Riftbound Gear: Seal of Strength. [T]: [Reaction] — [Add] [C]. (Abilities that add resources can't be reacted to.),Envar Studio,portrait,https://cmsassets.rgpub.io/sanity/images/dsfx7636/game_data_live/dd5c24995d5c6d327b5101da3d6426f1a75a49ef-744x1039.png?accountingTag=RB
sfd-232-221,SFD-232/221,232,"Sett, Brawler",SFD,Spiritforged,showcase,Showcase,Unit,Champion,Body,5,4,1,Sett,"When I'm played and when I conquer, buff me. (If I don't have a buff, I get a +1 :rb_might: buff.)
Spend my buff: Give me +4 :rb_might: this turn.","Riftbound Unit: Sett, Brawler. When I'm played and when I conquer, buff me. (If I don't have a buff, I get a +1 [S] buff.)
Spend my buff: Give me +4 [S] this turn.",Andie Tong,portrait,https://cmsassets.rgpub.io/sanity/images/dsfx7636/game_data_live/a13d5473e205cb9dd8123895c58ed6ac8f19e814-744x1039.png?accountingTag=RB
sfd-232-star-221,SFD-232*/221,232,"Sett, Brawler",SFD,Spiritforged,showcase,Showcase,Unit,Champion,Body,5,4,1,Sett,"When I'm played and when I conquer, buff me. (If I don't have a buff, I get a +1 :rb_might: buff.)
Spend my buff: Give me +4 :rb_might: this turn.","Riftbound Unit: Sett, Brawler. When I'm played and when I conquer, buff me. (If I don't have a buff, I get a +1 [S] buff.)
Spend my buff: Give me +4 [S] this turn.",Andie Tong,portrait,https://cmsassets.rgpub.io/sanity/images/dsfx7636/game_data_live/ea35315d12a86cff8e37fa716c92dc76d9edceb8-744x1039.png?accountingTag=RB
sfd-233-221,SFD-233/221,233,"Yone, Blademaster",SFD,Spiritforged,showcase,Showcase,Unit,Champion,Body,5,5,1,"Yone, Ionia, Demon","[Weaponmaster] (When you play me, you may [Equip] one of your Equipment to me for :rb_rune_rainbow: less, even if it's already attached.)
When I conquer an open battlefield, deal damage equal to my Might to an enemy unit in a base.","Riftbound Unit: Yone, Blademaster. [Weaponmaster] (When you play me, you may [Equip] one of your Equipment to me for [A] less, even if it's already attached.)
When I conquer an open battlefield, deal damage equal to my Might to an enemy unit in a base.",Anson Tan,portrait,https://cmsassets.rgpub.io/sanity/images/dsfx7636/game_data_live/0bb6fd6e7d1e6fefeeccc82059bdae2eaa000730-744x1039.png?accountingTag=RB
sfd-233-star-221,SFD-233*/221,233,"Yone, Blademaster",SFD,Spiritforged,showcase,Showcase,Unit,Champion,Body,5,5,1,"Yone, Ionia, Demon","[Weaponmaster] (When you play me, you may [Equip] one of your Equipment to me for :rb_rune_rainbow: less, even if it's already attached.)
When I conquer an open battlefield, deal damage equal to my Might to an enemy unit in a base.","Riftbound Unit: Yone, Blademaster. [Weaponmaster] (When you play me, you may [Equip] one of your Equipment to me for [A] less, even if it's already attached.)
When I conquer an open battlefield, deal damage equal to my Might to an enemy unit in a base.",Anson Tan,portrait,https://cmsassets.rgpub.io/sanity/images/dsfx7636/game_data_live/8b190a0e419af24797408f0df4c17b48e8d86e5f-744x1039.png?accountingTag=RB
sfd-234-221,SFD-234/221,234,Seal of Discord,SFD,Spiritforged,showcase,Showcase,Gear,,Chaos,0,,1,,:rb_exhaust:: [Reaction] — [Add] :rb_rune_chaos:. (Abilities that add resources can't be reacted to.),Riftbound Gear: Seal of Discord. [T]: [Reaction] — [Add] [C]. (Abilities that add resources can't be reacted to.),Envar Studio,portrait,https://cmsassets.rgpub.io/sanity/images/dsfx7636/game_data_live/9263b8f36725a4cec320c1049608824ae72f6237-744x1039.png?accountingTag=RB
sfd-235-star-221,SFD-235*/221,235,"Yasuo, Windrider",SFD,Spiritforged,showcase,Showcase,Unit,Champion,Chaos,5,4,1,Yasuo,"[Ganking] (I can move from battlefield to battlefield.)
The third time I move in a turn, you score 1 point.","Riftbound Unit: Yasuo, Windrider. [Ganking] (I can move from battlefield to battlefield.)
The third time I move in a turn, you score 1 point.",Jennifer Wuestling,portrait,https://cmsassets.rgpub.io/sanity/images/dsfx7636/game_data_live/40575a59f02c431223ef484edabdf7bd8cb28381-744x1039.png?accountingTag=RB
sfd-235-221,SFD-235/221,235,"Yasuo, Windrider",SFD,Spiritforged,showcase,Showcase,Unit,Champion,Chaos,5,4,1,Yasuo,"[Ganking] (I can move from battlefield to battlefield.)
The third time I move in a turn, you score 1 point.","Riftbound Unit: Yasuo, Windrider. [Ganking] (I can move from battlefield to battlefield.)
The third time I move in a turn, you score 1 point.",Jennifer Wuestling,portrait,https://cmsassets.rgpub.io/sanity/images/dsfx7636/game_data_live/74021c17acc45cf743609a825490a0e6dd7466b5-744x1039.png?accountingTag=RB
sfd-236-221,SFD-236/221,236,"Darius, Executioner",SFD,Spiritforged,showcase,Showcase,Unit,Champion,Order,6,6,1,"Trifarian, Darius","[Legion] — When you play me, ready me. (Get the effect if you've played another card this turn)
Other friendly units have +1 :rb_might: here.","Riftbound Unit: Darius, Executioner. [Legion] — When you play me, ready me. (Get the effect if you've played another card this turn)
Other friendly units have +1 [S] here.",Shishizaru,portrait,https://cmsassets.rgpub.io/sanity/images/dsfx7636/game_data_live/4f550f321dce06bb09bb47682d5bf2981280ea16-744x1039.png?accountingTag=RB
sfd-236-star-221,SFD-236*/221,236,"Darius, Executioner",SFD,Spiritforged,showcase,Showcase,Unit,Champion,Order,6,6,1,"Trifarian, Darius","[Legion] — When you play me, ready me. (Get the effect if you've played another card this turn)
Other friendly units have +1 :rb_might: here.","Riftbound Unit: Darius, Executioner. [Legion] — When you play me, ready me. (Get the effect if you've played another card this turn)
Other friendly units have +1 [S] here.",Shishizaru,portrait,https://cmsassets.rgpub.io/sanity/images/dsfx7636/game_data_live/46fc840c17925406d22703b82ad02f5eb2ab62cf-744x1039.png?accountingTag=RB
sfd-237-221,SFD-237/221,237,"Karma, Channeler",SFD,Spiritforged,showcase,Showcase,Unit,Champion,Order,6,6,1,Karma,"[Vision] (When you play me, look at the top card of your Main Deck. You may recycle it.)
When you recycle one or more cards, buff a friendly unit. (If it doesn't have a buff, it gets a +1 :rb_might: buff. Runes aren't cards.)","Riftbound Unit: Karma, Channeler. [Vision] (When you play me, look at the top card of your Main Deck. You may recycle it.)
When you recycle one or more cards, buff a friendly unit. (If it doesn't have a buff, it gets a +1 [S] buff. Runes aren't cards.)",Andres Blanco,portrait,https://cmsassets.rgpub.io/sanity/images/dsfx7636/game_data_live/ba0113d449813c94534ae0e74f3ef38f9b8010c2-744x1039.png?accountingTag=RB
sfd-237-star-221,SFD-237*/221,237,"Karma, Channeler",SFD,Spiritforged,showcase,Showcase,Unit,Champion,Order,6,6,1,Karma,"[Vision] (When you play me, look at the top card of your Main Deck. You may recycle it.)
When you recycle one or more cards, buff a friendly unit. (If it doesn't have a buff, it gets a +1 :rb_might: buff. Runes aren't cards.)","Riftbound Unit: Karma, Channeler. [Vision] (When you play me, look at the top card of your Main Deck. You may recycle it.)
When you recycle one or more cards, buff a friendly unit. (If it doesn't have a buff, it gets a +1 [S] buff. Runes aren't cards.)",Andres Blanco,portrait,https://cmsassets.rgpub.io/sanity/images/dsfx7636/game_data_live/2e2c1cb4016543e3288da2dac3ecc3faf8a98927-744x1039.png?accountingTag=RB
sfd-238-221,SFD-238/221,238,Seal of Unity,SFD,Spiritforged,showcase,Showcase,Gear,,Order,0,,1,,:rb_exhaust:: [Reaction] — [Add] :rb_rune_order:. (Abilities that add resources can't be reacted to.),Riftbound Gear: Seal of Unity. [T]: [Reaction] — [Add] [C]. (Abilities that add resources can't be reacted to.),Envar Studio,portrait,https://cmsassets.rgpub.io/sanity/images/dsfx7636/game_data_live/228dbde67ec37f9a0b28f81e40fce5a8fa7af56b-744x1039.png?accountingTag=RB
sfd-239-star-221,SFD-239*/221,239,"Soraka, Wanderer",SFD,Spiritforged,showcase,Showcase,Unit,Champion,Order,4,4,1,"Soraka, Mount Targon","I must be assigned combat damage last.
If another unit you control here would die, if it has less Might than me, instead heal it, exhaust it, and recall it. (Send it to base. This isn't a move.)","Riftbound Unit: Soraka, Wanderer. I must be assigned combat damage last.
If another unit you control here would die, if it has less Might than me, instead heal it, exhaust it, and recall it. (Send it to base. This isn't a move.)",Loiza Chen,portrait,https://cmsassets.rgpub.io/sanity/images/dsfx7636/game_data_live/956c7e0ae3d68327c5e822321841c5bf3c96269a-744x1039.png?accountingTag=RB
sfd-239-221,SFD-239/221,239,"Soraka, Wanderer",SFD,Spiritforged,showcase,Showcase,Unit,Champion,Order,4,4,1,"Soraka, Mount Targon","I must be assigned combat damage last.
If another unit you control here would die, if it has less Might than me, instead heal it, exhaust it, and recall it. (Send it to base. This isn't a move.)","Riftbound Unit: Soraka, Wanderer. I must be assigned combat damage last.
If another unit you control here would die, if it has less Might than me, instead heal it, exhaust it, and recall it. (Send it to base. This isn't a move.)",Loiza Chen,portrait,https://cmsassets.rgpub.io/sanity/images/dsfx7636/game_data_live/fc329097625a1f98a564134945950bd3bd3610a3-744x1039.png?accountingTag=RB
sfd-240-221,SFD-240/221,240,Mechanized Menace,SFD,Spiritforged,showcase,Showcase,Legend,,"Fury, Mind",,,,Rumble,Your Mechs have [Shield]. (+1 :rb_might: while they're defenders.),Riftbound Legend: Mechanized Menace. Your Mechs have [Shield]. (+1 [S] while they're defenders.),Envar Studio,portrait,https://cmsassets.rgpub.io/sanity/images/dsfx7636/game_data_live/0234cad3663d52d3120e78f2adbe8a253102a7a3-744x1039.png?accountingTag=RB
sfd-241-221,SFD-241/221,241,Purifier,SFD,Spiritforged,showcase,Showcase,Legend,,"Fury, Body",,,,Lucian,Your Equipment each give [Assault]. (+1 :rb_might: while equipped unit is an attacker.),Riftbound Legend: Purifier. Your Equipment each give [Assault]. (+1 [S] while equipped unit is an attacker.),Envar Studio,portrait,https://cmsassets.rgpub.io/sanity/images/dsfx7636/game_data_live/eb2a5262da6044c041ba87becae1dc71d58b2bf7-744x1039.png?accountingTag=RB
sfd-242-221,SFD-242/221,242,Glorious Executioner,SFD,Spiritforged,showcase,Showcase,Legend,,"Fury, Chaos",,,,Draven,"When you win a combat, draw 1. (You win if only your units remain after combat.)","Riftbound Legend: Glorious Executioner. When you win a combat, draw 1. (You win if only your units remain after combat.)",Envar Studio,portrait,https://cmsassets.rgpub.io/sanity/images/dsfx7636/game_data_live/5a06fcd2cadbdb574d34d210ca97441ec33c9277-744x1039.png?accountingTag=RB
sfd-243-221,SFD-243/221,243,Void Burrower,SFD,Spiritforged,showcase,Showcase,Legend,,"Fury, Order",,,,Rek'Sai,"When you conquer, you may exhaust me to reveal the top 2 cards of your Main Deck. You may banish one, then play it. Recycle the rest.","Riftbound Legend: Void Burrower. When you conquer, you may exhaust me to reveal the top 2 cards of your Main Deck. You may banish one, then play it. Recycle the rest.",TSWCK逍,portrait,https://cmsassets.rgpub.io/sanity/images/dsfx7636/game_data_live/968eb5c484a25bbebd162f31736024b4ff3b0d07-744x1039.png?accountingTag=RB
sfd-244-221,SFD-244/221,244,Fire Below the Mountain,SFD,Spiritforged,showcase,Showcase,Legend,,"Calm, Mind",,,,Ornn,:rb_exhaust:: [Reaction] — [Add] :rb_rune_rainbow:. Use only to play gear or use gear abilities. (Abilities that add resources can't be reacted to.),Riftbound Legend: Fire Below the Mountain. [T]: [Reaction] — [Add] [A]. Use only to play gear or use gear abilities. (Abilities that add resources can't be reacted to.),叫我小董就好了,portrait,https://cmsassets.rgpub.io/sanity/images/dsfx7636/game_data_live/883dab66da8ed5ab39d968ed7fcaebd5ebaf3d43-744x1039.png?accountingTag=RB
sfd-245-221,SFD-245/221,245,Grandmaster at Arms,SFD,Spiritforged,showcase,Showcase,Legend,,"Calm, Body",,,,Jax,":rb_energy_1:, :rb_exhaust:: Attach a detached Equipment you control to a unit you control.
:rb_exhaust:: Attach an attached Equipment you control to a unit you control.","Riftbound Legend: Grandmaster at Arms. [1], [T]: Attach a detached Equipment you control to a unit you control.
[T]: Attach an attached Equipment you control to a unit you control.",Sugar Free,portrait,https://cmsassets.rgpub.io/sanity/images/dsfx7636/game_data_live/941f72a422e0143524b3dd0cba1fd87e4286ecb4-744x1039.png?accountingTag=RB
sfd-246-221,SFD-246/221,246,Blade Dancer,SFD,Spiritforged,showcase,Showcase,Legend,,"Calm, Chaos",,,,Irelia,"When you choose a friendly unit, you may exhaust me and pay :rb_rune_rainbow: to ready it.
When you conquer, you may pay :rb_energy_1: to ready me.","Riftbound Legend: Blade Dancer. When you choose a friendly unit, you may exhaust me and pay [A] to ready it.
When you conquer, you may pay [1] to ready me.",Grafit Studio,portrait,https://cmsassets.rgpub.io/sanity/images/dsfx7636/game_data_live/8258072391bbb8d24e9d6e603c3ba1434979a911-744x1039.png?accountingTag=RB
sfd-247-221,SFD-247/221,247,Emperor of the Sands,SFD,Spiritforged,showcase,Showcase,Legend,,"Calm, Order",,,,Azir,"Sand Soldiers you play have [Weaponmaster]. (When they're played, you may [Equip] one of your Equipment to them for :rb_rune_rainbow: less.)
:rb_energy_1:, :rb_exhaust:: Play a 2 :rb_might: Sand Soldier unit token to your base. Use only if you've played an Equipment this turn.","Riftbound Legend: Emperor of the Sands. Sand Soldiers you play have [Weaponmaster]. (When they're played, you may [Equip] one of your Equipment to them for [A] less.)
[1], [T]: Play a 2 [S] Sand Soldier unit token to your base. Use only if you've played an Equipment this turn.",Envar Studio,portrait,https://cmsassets.rgpub.io/sanity/images/dsfx7636/game_data_live/42c04e4d7ef5d7395494587c2e15ac945b37b71e-744x1039.png?accountingTag=RB
sfd-248-221,SFD-248/221,248,Prodigal Explorer,SFD,Spiritforged,showcase,Showcase,Legend,,"Mind, Chaos",,,,Ezreal,:rb_exhaust:: [Reaction] — Draw 1. Use only if you've chosen enemy units and/or gear twice this turn with spells or unit abilities.,Riftbound Legend: Prodigal Explorer. [T]: [Reaction] — Draw 1. Use only if you've chosen enemy units and/or gear twice this turn with spells or unit abilities.,Grafit Studio,portrait,https://cmsassets.rgpub.io/sanity/images/dsfx7636/game_data_live/3ba4f1d3d61d80e7becc9d046e1974f17bff4b10-744x1039.png?accountingTag=RB
sfd-249-221,SFD-249/221,249,Chem-Baroness,SFD,Spiritforged,showcase,Showcase,Legend,,"Mind, Order",,,,Renata Glasc,"When you or an ally hold, you may exhaust me to play a Gold gear token exhausted.
While your score is within 3 points of the Victory Score, your Gold [ADD] an additional :rb_energy_1:.","Riftbound Legend: Chem-Baroness. When you or an ally hold, you may exhaust me to play a Gold gear token exhausted.
While your score is within 3 points of the Victory Score, your Gold [ADD] an additional [1].",Envar Studio,portrait,https://cmsassets.rgpub.io/sanity/images/dsfx7636/game_data_live/5df25d5a1351d0a97e103ef8e155991297b86ca9-744x1039.png?accountingTag=RB
sfd-250-221,SFD-250/221,250,Battle Mistress,SFD,Spiritforged,showcase,Showcase,Legend,,"Body, Chaos",,,,Sivir,"When you recycle a rune, you may exhaust me to play a Gold gear token exhausted.
When one or more enemy units die, ready me.","Riftbound Legend: Battle Mistress. When you recycle a rune, you may exhaust me to play a Gold gear token exhausted.
When one or more enemy units die, ready me.",Envar Studio,portrait,https://cmsassets.rgpub.io/sanity/images/dsfx7636/game_data_live/743887bce0027f549b85bf023475c3587a005581-744x1039.png?accountingTag=RB
sfd-251-221,SFD-251/221,251,Grand Duelist,SFD,Spiritforged,showcase,Showcase,Legend,,"Body, Order",,,,Fiora,"When one of your units becomes [Mighty], you may exhaust me to channel 1 rune exhausted. (A unit is Mighty while it has 5+ :rb_might:.)","Riftbound Legend: Grand Duelist. When one of your units becomes [Mighty], you may exhaust me to channel 1 rune exhausted. (A unit is Mighty while it has 5+ [S].)",Grafit Studio,portrait,https://cmsassets.rgpub.io/sanity/images/dsfx7636/game_data_live/720df5a56619a6b53aa1217cb84446f2469b40e5-744x1039.png?accountingTag=RB
unl-001-219,UNL-001/219,1,Arena Kingpin,UNL,Unleashed,common,Common,Unit,,Fury,5,3,,"Yordle, Noxus","I enter ready.
:rb_exhaust:: Give a unit +3 :rb_might: this turn.","Riftbound Unit: Arena Kingpin. I enter ready.
[T]: Give a unit +3 [S] this turn.",Kudos Productions,portrait,https://cmsassets.rgpub.io/sanity/images/dsfx7636/game_data_live/db48f8c1da0e4f9804ae94398f0864859db0002a-744x1039.png?accountingTag=RB
unl-t01,UNL-T01,1,Baron Pit,UNL,Unleashed,common,Common,Battlefield,Token,Colorless,,,,,"(You can't start the game with a token battlefield.)
Units can move here from anywhere.","Riftbound Battlefield: Baron Pit. (You can't start the game with a token battlefield.)
Units can move here from anywhere.",Fish Art Studio,landscape,https://cmsassets.rgpub.io/sanity/images/dsfx7636/game_data_live/e44f173629322a4e0c32d3f8902c294d4482ef42-1039x744.png?accountingTag=RB
unl-t02,UNL-T02,2,Bird,UNL,Unleashed,common,Common,Unit,Token,Colorless,,1,,Bird,[Deflect] (Opponents must pay :rb_rune_rainbow: to choose me with a spell or ability.),Riftbound Unit: Bird. [Deflect] (Opponents must pay [A] to choose me with a spell or ability.),Six More Vodka,portrait,https://cmsassets.rgpub.io/sanity/images/dsfx7636/game_data_live/949a2e43263a9fe0d957595325c7e2ebe06bf85f-744x1039.png?accountingTag=RB
unl-002-219,UNL-002/219,2,Inferna,UNL,Unleashed,common,Common,Unit,,Fury,2,1,,Bilgewater,"[Ambush] (You may play me as a [Reaction] to a battlefield where you have units.)
[Assault 2] (+2 :rb_might: while I'm an attacker.)","Riftbound Unit: Inferna. [Ambush] (You may play me as a [Reaction] to a battlefield where you have units.)
[Assault 2] (+2 [S] while I'm an attacker.)",Kudos Productions,portrait,https://cmsassets.rgpub.io/sanity/images/dsfx7636/game_data_live/5db9d66fc22887e8686a13ffdfe480106cbd3b35-744x1039.png?accountingTag=RB
unl-t03,UNL-T03,3,Brush,UNL,Unleashed,common,Common,Battlefield,Token,Colorless,,,,,"Bird, Cat, Dog, Poro, and Ivern units here have +1 :rb_might:.
When you score here, you may replace this with the battlefield it replaced.","Riftbound Battlefield: Brush. Bird, Cat, Dog, Poro, and Ivern units here have +1 [S].
When you score here, you may replace this with the battlefield it replaced.",Kudos Productions,landscape,https://cmsassets.rgpub.io/sanity/images/dsfx7636/game_data_live/fad09d6bd9bf38e376f430ecb0b400762420d061-1039x744.png?accountingTag=RB
unl-003-219,UNL-003/219,3,Mischievous Marai,UNL,Unleashed,common,Common,Unit,,Fury,2,2,,Bilgewater,"[Hidden] (Hide now for :rb_rune_rainbow: to react with later for :rb_energy_0:.)
When you play me to a battlefield, deal 2 to an enemy unit here.","Riftbound Unit: Mischievous Marai. [Hidden] (Hide now for [A] to react with later for [0].)
When you play me to a battlefield, deal 2 to an enemy unit here.",Envar Studio,portrait,https://cmsassets.rgpub.io/sanity/images/dsfx7636/game_data_live/fb2e82cca7aa93c857ed1fe54de7344016779520-744x1039.png?accountingTag=RB
unl-t04,UNL-T04,4,Buff,UNL,Unleashed,common,Common,,Token,Colorless,,,,,A unit may have no more than one buff at a time.,Riftbound : Buff. A unit may have no more than one buff at a time.,League Splash Team,portrait,https://cmsassets.rgpub.io/sanity/images/dsfx7636/game_data_live/64b9df938587aa93a3d0769a349d9b0cc6942dc2-744x1039.png?accountingTag=RB
unl-004-219,UNL-004/219,4,Prepared Neophyte,UNL,Unleashed,common,Common,Unit,,Fury,3,1,,Shadow Isles,"If you've spent :rb_energy_4: or more to play a spell this turn, I have +4 :rb_might:.","Riftbound Unit: Prepared Neophyte. If you've spent [4] or more to play a spell this turn, I have +4 [S].",Kudos Productions,portrait,https://cmsassets.rgpub.io/sanity/images/dsfx7636/game_data_live/ad993e451437950e56935a7ecff44fea09e522b2-744x1039.png?accountingTag=RB
unl-t05,UNL-T05,5,Gold,UNL,Unleashed,common,Common,Gear,Token,Colorless,,,,,"[Reaction][>] Kill this, :rb_exhaust:: [Add] :rb_rune_rainbow:. (Abilities that add resources can't be reacted to.)","Riftbound Gear: Gold. [Reaction][>] Kill this, [T]: [Add] [A]. (Abilities that add resources can't be reacted to.)",Kudos Productions,portrait,https://cmsassets.rgpub.io/sanity/images/dsfx7636/game_data_live/e566605fa989e12e91cd3d3e0b7985f7a8be8e74-744x1039.png?accountingTag=RB
unl-005-219,UNL-005/219,5,Revna the Lorekeeper,UNL,Unleashed,common,Common,Unit,,Fury,7,7,1,Freljord,"[Ganking] (I can move from battlefield to battlefield.)
When you play a spell, if you spent :rb_energy_4: or more, ready me.","Riftbound Unit: Revna the Lorekeeper. [Ganking] (I can move from battlefield to battlefield.)
When you play a spell, if you spent [4] or more, ready me.",Envar Studio,portrait,https://cmsassets.rgpub.io/sanity/images/dsfx7636/game_data_live/8e251eed411d614de504480181b357df3f78b133-744x1039.png?accountingTag=RB
unl-t06,UNL-T06,6,Reflection,UNL,Unleashed,common,Common,Unit,Token,Colorless,,0,,,(I become a copy of something when played. I don't get that card's play effects.),Riftbound Unit: Reflection. (I become a copy of something when played. I don't get that card's play effects.),Kudos Productions & 黯荧岛Dark Glow,portrait,https://cmsassets.rgpub.io/sanity/images/dsfx7636/game_data_live/80327b196c59841a67a65327974a93223a3c541a-744x1039.png?accountingTag=RB
unl-006-219,UNL-006/219,6,Sharkling,UNL,Unleashed,common,Common,Unit,,Fury,3,1,,Bilgewater,"[Accelerate] (You may pay :rb_energy_1::rb_rune_fury: as an additional cost to have me enter ready.)
[Assault 4] (+4 :rb_might: while I'm an attacker.)","Riftbound Unit: Sharkling. [Accelerate] (You may pay [1][C] as an additional cost to have me enter ready.)
[Assault 4] (+4 [S] while I'm an attacker.)",Kudos Productions,portrait,https://cmsassets.rgpub.io/sanity/images/dsfx7636/game_data_live/f2aa213fe1e54d0d6f1507c7ed8829c8ba2bc610-744x1039.png?accountingTag=RB
unl-007-219,UNL-007/219,7,Smite,UNL,Unleashed,common,Common,Spell,,Fury,2,,1,,"[Action] (Play on your turn or in showdowns.)
Deal 3 to a unit at a battlefield. If it would die this turn, banish it instead.","Riftbound Spell: Smite. [Action] (Play on your turn or in showdowns.)
Deal 3 to a unit at a battlefield. If it would die this turn, banish it instead.",黯荧岛Dark Glow,portrait,https://cmsassets.rgpub.io/sanity/images/dsfx7636/game_data_live/f46252e8c65a2eb3f476ea51f214af7651d0622d-744x1039.png?accountingTag=RB
unl-t07,UNL-T07,7,Sprite,UNL,Unleashed,common,Common,Unit,Token,Colorless,,3,,Fae,"[Temporary] (Kill me at the start of your Beginning Phase, before scoring.)","Riftbound Unit: Sprite. [Temporary] (Kill me at the start of your Beginning Phase, before scoring.)",Envar Studio,portrait,https://cmsassets.rgpub.io/sanity/images/dsfx7636/game_data_live/1a90578f055e01515ebfb069dc3dbdba08d24da0-744x1039.png?accountingTag=RB
unl-008-219,UNL-008/219,8,Towering Pairofant,UNL,Unleashed,common,Common,Unit,,Fury,6,6,,Shurima,"[Assault] (+1 :rb_might: while I'm an attacker.)
If a unit died this turn, I enter ready.","Riftbound Unit: Towering Pairofant. [Assault] (+1 [S] while I'm an attacker.)
If a unit died this turn, I enter ready.",Kudos Productions,portrait,https://cmsassets.rgpub.io/sanity/images/dsfx7636/game_data_live/47ac3971efe67f7910771709b8bb9a5df5b63952-744x1039.png?accountingTag=RB
unl-t08,UNL-T08,8,XP Tracker,UNL,Unleashed,common,Common,,Token,Colorless,,,,,"Track gained XP here.
Some cards get bonuses based on your [Level].
Some cards can spend XP for powerful effects.","Riftbound None: XP Tracker. Track gained XP here.
Some cards get bonuses based on your [Level].
Some cards can spend XP for powerful effects.",Rafael Zanchetin,portrait,https://cmsassets.rgpub.io/sanity/images/dsfx7636/game_data_live/715d5bb52fc8ce0886b28f1c15fe89457e504fc9-744x1039.png?accountingTag=RB
unl-009-219,UNL-009/219,9,Upstage Comedy,UNL,Unleashed,common,Common,Spell,,Fury,2,,,,"[Repeat] :rb_energy_2: (You may pay the additional cost to repeat this spell's effect.)
Ready a unit.","Riftbound Spell: Upstage Comedy. [Repeat] [2] (You may pay the additional cost to repeat this spell's effect.)
Ready a unit.",莺之歌,portrait,https://cmsassets.rgpub.io/sanity/images/dsfx7636/game_data_live/4a636fcd682b32b41a4886c7383e781414139adb-744x1039.png?accountingTag=RB
unl-010-219,UNL-010/219,10,Vault Breaker,UNL,Unleashed,common,Common,Spell,,Fury,1,,1,,"[Action] (Play on your turn or in showdowns.)
Give a unit [Assault 2] and [Ganking] this turn. (+2 :rb_might: while it's an attacker. It can move from battlefield to battlefield.)","Riftbound Spell: Vault Breaker. [Action] (Play on your turn or in showdowns.)
Give a unit [Assault 2] and [Ganking] this turn. (+2 [S] while it's an attacker. It can move from battlefield to battlefield.)",Kudos Productions,portrait,https://cmsassets.rgpub.io/sanity/images/dsfx7636/game_data_live/8046c9f133be83268d7dc9788abea58f461914d8-744x1039.png?accountingTag=RB
unl-011-219,UNL-011/219,11,Fresh Beans,UNL,Unleashed,uncommon,Uncommon,Gear,,Fury,2,,,,"When you play a unit during a showdown, you may exhaust this to draw 1.","Riftbound Gear: Fresh Beans. When you play a unit during a showdown, you may exhaust this to draw 1.",Wild Blue Studios,portrait,https://cmsassets.rgpub.io/sanity/images/dsfx7636/game_data_live/1737d7d02cd0619a520aba258d1b40fdbb5d1129-744x1039.png?accountingTag=RB
unl-012-219,UNL-012/219,12,Lord Broadmane,UNL,Unleashed,uncommon,Uncommon,Unit,,Fury,5,5,1,Noxus,"[Ambush] (You may play me as a [Reaction] to a battlefield where you have units.)
When you play me, give your other units here [Assault] this turn. (+1 :rb_might: while they're attackers.)","Riftbound Unit: Lord Broadmane. [Ambush] (You may play me as a [Reaction] to a battlefield where you have units.)
When you play me, give your other units here [Assault] this turn. (+1 [S] while they're attackers.)",Kudos Productions,portrait,https://cmsassets.rgpub.io/sanity/images/dsfx7636/game_data_live/f564001228383a27372c0ddc4d8c0ed4e4843dc7-744x1039.png?accountingTag=RB
unl-013-219,UNL-013/219,13,Lotus Trap,UNL,Unleashed,uncommon,Uncommon,Spell,,Fury,2,,,,"[Hidden] (Hide now for :rb_rune_rainbow: to react with later for :rb_energy_0:.)
[Reaction] (Play any time, even before spells and abilities resolve.)
Choose a unit. Double all damage that would be dealt to it this turn.","Riftbound Spell: Lotus Trap. [Hidden] (Hide now for [A] to react with later for [0].)
[Reaction] (Play any time, even before spells and abilities resolve.)
Choose a unit. Double all damage that would be dealt to it this turn.",Kudos Productions,portrait,https://cmsassets.rgpub.io/sanity/images/dsfx7636/game_data_live/9490f8c80da1bf4467e14c39b66ae4262e5f7f7b-744x1039.png?accountingTag=RB
unl-014-219,UNL-014/219,14,Monster Harpoon,UNL,Unleashed,uncommon,Uncommon,Spell,,Fury,1,,1,,"[Action] (Play on your turn or in showdowns.)
Deal 2 to a unit at a battlefield. If you control a facedown card, deal 4 to it instead.","Riftbound Spell: Monster Harpoon. [Action] (Play on your turn or in showdowns.)
Deal 2 to a unit at a battlefield. If you control a facedown card, deal 4 to it instead.",Kudos Productions,portrait,https://cmsassets.rgpub.io/sanity/images/dsfx7636/game_data_live/ed51ed36ad0938048ee50894d75d299c29d17759-744x1039.png?accountingTag=RB
unl-015-219,UNL-015/219,15,Right of Conquest,UNL,Unleashed,uncommon,Uncommon,Spell,,Fury,3,,1,,"Draw 1, then draw 1 for each battlefield you or allies control.","Riftbound Spell: Right of Conquest. Draw 1, then draw 1 for each battlefield you or allies control.",Kudos Productions,portrait,https://cmsassets.rgpub.io/sanity/images/dsfx7636/game_data_live/2467e43f316e8700ad43b66e3b5d490f3f9d3cea-744x1039.png?accountingTag=RB
unl-016-219,UNL-016/219,16,Scorchclaw,UNL,Unleashed,uncommon,Uncommon,Unit,,Fury,3,3,1,"Dog, Noxus","[Hunt 2] (When I conquer or hold, gain 2 XP.)
[Level 3][>] I have +1 :rb_might: and enter ready. (While you have 3+ XP, get the effect.)","Riftbound Unit: Scorchclaw. [Hunt 2] (When I conquer or hold, gain 2 XP.)
[Level 3][>] I have +1 [S] and enter ready. (While you have 3+ XP, get the effect.)",黯荧岛Dark Glow,portrait,https://cmsassets.rgpub.io/sanity/images/dsfx7636/game_data_live/f69940824f8ce62a479df28988dcbdf6ea6d3960-744x1039.png?accountingTag=RB
unl-017-219,UNL-017/219,17,Square Up,UNL,Unleashed,uncommon,Uncommon,Spell,,Fury,4,,,,"[Repeat] — Discard 1 (You may pay the additional cost to repeat this spell's effect.)
Give a unit [Assault 4] this turn. (+4 :rb_might: while it's an attacker.)","Riftbound Spell: Square Up. [Repeat] — Discard 1 (You may pay the additional cost to repeat this spell's effect.)
Give a unit [Assault 4] this turn. (+4 [S] while it's an attacker.)",Kudos Productions,portrait,https://cmsassets.rgpub.io/sanity/images/dsfx7636/game_data_live/5e14c09db2f064e5f6986f500a04335d73d459dd-744x1039.png?accountingTag=RB
unl-018-219,UNL-018/219,18,Yeti Brawler,UNL,Unleashed,uncommon,Uncommon,Unit,,Fury,6,6,,Noxus,"When I conquer, if you assigned 3 or more excess damage, play two Gold gear tokens exhausted. (They have ""[Reaction][>] Kill this, :rb_exhaust:: [Add] :rb_rune_rainbow:."")","Riftbound Unit: Yeti Brawler. When I conquer, if you assigned 3 or more excess damage, play two Gold gear tokens exhausted. (They have ""[Reaction][>] Kill this, [T]: [Add] [A]."")",Kudos Productions,portrait,https://cmsassets.rgpub.io/sanity/images/dsfx7636/game_data_live/38b59ae384ef6df8c94d5c51418101b2630b43a7-744x1039.png?accountingTag=RB
unl-019-219,UNL-019/219,19,Blighted Battleaxe,UNL,Unleashed,rare,Rare,Gear,,Fury,4,,,Equipment,[Equip] :rb_energy_1::rb_rune_fury: (:rb_energy_1::rb_rune_fury:: Attach this to a unit you control.),Riftbound Gear: Blighted Battleaxe. [Equip] [1][C] ([1][C]: Attach this to a unit you control.),Caravan Studio,portrait,https://cmsassets.rgpub.io/sanity/images/dsfx7636/game_data_live/a6425462180dc6bc3396397cd491c0abae58f616-744x1039.png?accountingTag=RB
unl-020-219,UNL-020/219,20,Dancing Grenade,UNL,Unleashed,rare,Rare,Spell,,Fury,2,,1,,"Deal 2 to a unit. Its controller may play this spell again for :rb_rune_rainbow:. If they do, this deals 1 additional Bonus Damage for each time this spell has dealt damage this turn.","Riftbound Spell: Dancing Grenade. Deal 2 to a unit. Its controller may play this spell again for [A]. If they do, this deals 1 additional Bonus Damage for each time this spell has dealt damage this turn.",Kudos Productions,portrait,https://cmsassets.rgpub.io/sanity/images/dsfx7636/game_data_live/8afc30b1bc7cc1841dfe11cfa29adbcc02257845-744x1039.png?accountingTag=RB
unl-021-219,UNL-021/219,21,Grim Apothecary,UNL,Unleashed,rare,Rare,Unit,,Fury,3,3,,Noxus,"[Ambush] (You may play me as a [Reaction] to a battlefield where you have units.)
When you play me, you may return a friendly unit at a battlefield to its owner's hand.","Riftbound Unit: Grim Apothecary. [Ambush] (You may play me as a [Reaction] to a battlefield where you have units.)
When you play me, you may return a friendly unit at a battlefield to its owner's hand.",Wild Blue Studios,portrait,https://cmsassets.rgpub.io/sanity/images/dsfx7636/game_data_live/af548bbfc856e306c5feefb34eb6bd9a4e442904-744x1039.png?accountingTag=RB
unl-022a-219,UNL-022a/219,22,"Jhin, Murderous Artist",UNL,Unleashed,rare,Rare,Unit,Champion,Fury,4,4,1,"Jhin, Ionia","[Deflect]
[Ganking]
When I move, [Add] :rb_energy_1::rb_rune_rainbow:.","Riftbound Unit: Jhin, Murderous Artist. [Deflect]
[Ganking]
When I move, [Add] [1][A].",League Splash Team,portrait,https://cmsassets.rgpub.io/sanity/images/dsfx7636/game_data_live/0e67164270e12b8d91905e977a314c7248a343e9-744x1039.png?accountingTag=RB
unl-022-219,UNL-022/219,22,"Jhin, Murderous Artist",UNL,Unleashed,rare,Rare,Unit,Champion,Fury,4,4,1,"Jhin, Ionia","[Deflect] (Opponents must pay :rb_rune_rainbow: to choose me with a spell or ability.)
[Ganking] (I can move from battlefield to battlefield.)
When I move, [Add] :rb_energy_1::rb_rune_rainbow:. (Abilities that add resources can't be reacted to.)","Riftbound Unit: Jhin, Murderous Artist. [Deflect] (Opponents must pay [A] to choose me with a spell or ability.)
[Ganking] (I can move from battlefield to battlefield.)
When I move, [Add] [1][A]. (Abilities that add resources can't be reacted to.)",Alessandro Poli,portrait,https://cmsassets.rgpub.io/sanity/images/dsfx7636/game_data_live/8da724a842cf61cb24c3c02dd99adc93a9222e06-744x1039.png?accountingTag=RB
unl-023-219,UNL-023/219,23,"Katarina, Reckless",UNL,Unleashed,rare,Rare,Unit,Champion,Fury,5,5,1,"Katarina, Noxus","When you hide a card, ready me.
When you play a card from face down, deal 2 to an enemy unit.","Riftbound Unit: Katarina, Reckless. When you hide a card, ready me.
When you play a card from face down, deal 2 to an enemy unit.",Six More Vodka,portrait,https://cmsassets.rgpub.io/sanity/images/dsfx7636/game_data_live/12da73cb78a9cfa052749f317ed56a27106908c6-744x1039.png?accountingTag=RB
unl-024-219,UNL-024/219,24,"Rengar, Unseen",UNL,Unleashed,rare,Rare,Unit,Champion,Fury,4,4,1,"Cat, Rengar, Ixtal","[Accelerate] (You may pay :rb_energy_1::rb_rune_fury: as an additional cost to have me enter ready.)
[Assault 2] (+2 :rb_might: while I'm an attacker.)
[Deflect] (Opponents must pay :rb_rune_rainbow: to choose me with a spell or ability.)
[Ganking] (I can move from battlefield to battlefield.)","Riftbound Unit: Rengar, Unseen. [Accelerate] (You may pay [1][C] as an additional cost to have me enter ready.)
[Assault 2] (+2 [S] while I'm an attacker.)
[Deflect] (Opponents must pay [A] to choose me with a spell or ability.)
[Ganking] (I can move from battlefield to battlefield.)",HCuu,portrait,https://cmsassets.rgpub.io/sanity/images/dsfx7636/game_data_live/80c7d1c62301dd6e3ced910156f3fdeb8d34a621-744x1039.png?accountingTag=RB
unl-024a-219,UNL-024a/219,24,"Rengar, Unseen",UNL,Unleashed,rare,Rare,Unit,Champion,Fury,4,4,1,"Cat, Rengar, Ixtal","[Accelerate]
[Assault 2]
[Deflect]
[Ganking]","Riftbound Unit: Rengar, Unseen. [Accelerate]
[Assault 2]
[Deflect]
[Ganking]",League Splash Team,portrait,https://cmsassets.rgpub.io/sanity/images/dsfx7636/game_data_live/cdab60d27d6d920f19ebed000b13dc25a439848c-744x1039.png?accountingTag=RB
unl-025-219,UNL-025/219,25,Undying Legion,UNL,Unleashed,rare,Rare,Unit,,Fury,3,3,,"Spirit, Shadow Isles",[Legion][>] You may play me from your trash for :rb_energy_3::rb_rune_fury:. (Get the effect if you've played another card this turn.),Riftbound Unit: Undying Legion. [Legion][>] You may play me from your trash for [3][C]. (Get the effect if you've played another card this turn.),Six More Vodka,portrait,https://cmsassets.rgpub.io/sanity/images/dsfx7636/game_data_live/3a6955daff2982e0ba4417533052d5ea334232fb-744x1039.png?accountingTag=RB
unl-026-219,UNL-026/219,26,"Xerath, Freed",UNL,Unleashed,rare,Rare,Unit,Champion,Fury,5,5,,"Shurima, Xerath",":rb_rune_fury:, :rb_exhaust:: Deal 3 to a unit. Use this ability only while I'm at a battlefield.","Riftbound Unit: Xerath, Freed. [C], [T]: Deal 3 to a unit. Use this ability only while I'm at a battlefield.",Six More Vodka,portrait,https://cmsassets.rgpub.io/sanity/images/dsfx7636/game_data_live/ef52e66a137a80cf5df862f31a114bfc00914a93-744x1039.png?accountingTag=RB
unl-027-219,UNL-027/219,27,Inviolus Vox,UNL,Unleashed,epic,Epic,Unit,,Fury,8,8,2,"Dragon, Mount Targon","When I conquer, give a friendly unit +8 :rb_might: this turn.","Riftbound Unit: Inviolus Vox. When I conquer, give a friendly unit +8 [S] this turn.",Six More Vodka,portrait,https://cmsassets.rgpub.io/sanity/images/dsfx7636/game_data_live/9b742ef3dc17f5da03d41e3349839037183b5ea9-744x1039.png?accountingTag=RB
unl-028a-219,UNL-028a/219,28,"Pyke, Dockside Butcher",UNL,Unleashed,epic,Epic,Unit,Champion,Fury,3,2,,"Pyke, Bilgewater","[Hidden]
[Ganking]
You may pay :rb_rune_fury: as an additional cost to play me.
When you play me, if you paid the additional cost, ready me and give me +2 :rb_might: this turn.","Riftbound Unit: Pyke, Dockside Butcher. [Hidden]
[Ganking]
You may pay [C] as an additional cost to play me.
When you play me, if you paid the additional cost, ready me and give me +2 [S] this turn.",League Splash Team,portrait,https://cmsassets.rgpub.io/sanity/images/dsfx7636/game_data_live/583f1c15c1bdc47c9d4ebb41a210c182262c8ee9-744x1039.png?accountingTag=RB
unl-028-219,UNL-028/219,28,"Pyke, Dockside Butcher",UNL,Unleashed,epic,Epic,Unit,Champion,Fury,3,2,,"Pyke, Bilgewater","[Hidden] (Hide now for :rb_rune_rainbow: to react with later for :rb_energy_0:.)
[Ganking] (I can move from battlefield to battlefield.)
You may pay :rb_rune_fury: as an additional cost to play me.
When you play me, if you paid the additional cost, ready me and give me +2 :rb_might: this turn.","Riftbound Unit: Pyke, Dockside Butcher. [Hidden] (Hide now for [A] to react with later for [0].)
[Ganking] (I can move from battlefield to battlefield.)
You may pay [C] as an additional cost to play me.
When you play me, if you paid the additional cost, ready me and give me +2 [S] this turn.",Six More Vodka,portrait,https://cmsassets.rgpub.io/sanity/images/dsfx7636/game_data_live/e0ce05148d7368070bcc8c0a43f66ece0834653a-744x1039.png?accountingTag=RB
unl-029a-219,UNL-029a/219,29,Red Brambleback,UNL,Unleashed,epic,Epic,Unit,,Fury,4,4,1,,"[Accelerate]
Your conquer effects for conquering here trigger an additional time.
When I conquer, [Buff] a friendly unit.","Riftbound Unit: Red Brambleback. [Accelerate]
Your conquer effects for conquering here trigger an additional time.
When I conquer, [Buff] a friendly unit.",JunHuan,portrait,https://cmsassets.rgpub.io/sanity/images/dsfx7636/game_data_live/69d4208b748074b68f775cdfa8f1d2ba20ece8ae-744x1039.png?accountingTag=RB
unl-029-219,UNL-029/219,29,Red Brambleback,UNL,Unleashed,epic,Epic,Unit,,Fury,4,4,1,Ionia,"[Accelerate] (You may pay :rb_energy_1::rb_rune_fury: as an additional cost to have me enter ready.)
Your conquer effects for conquering here trigger an additional time.
When I conquer, [Buff] a friendly unit. (Give it a +1 :rb_might: buff if it doesn't have one.)","Riftbound Unit: Red Brambleback. [Accelerate] (You may pay [1][C] as an additional cost to have me enter ready.)
Your conquer effects for conquering here trigger an additional time.
When I conquer, [Buff] a friendly unit. (Give it a +1 [S] buff if it doesn't have one.)",JunHuan,portrait,https://cmsassets.rgpub.io/sanity/images/dsfx7636/game_data_live/14e9d009985f6a0d8ab63416aee7570ede42c657-744x1039.png?accountingTag=RB
unl-030-219,UNL-030/219,30,"Vi, Hotheaded",UNL,Unleashed,epic,Epic,Unit,Champion,Fury,4,3,,"Vi, Zaun","[Deflect] (Opponents must pay :rb_rune_rainbow: to choose me with a spell or ability.)
:rb_energy_2::rb_rune_fury:: Double my Might this turn.","Riftbound Unit: Vi, Hotheaded. [Deflect] (Opponents must pay [A] to choose me with a spell or ability.)
[2][C]: Double my Might this turn.",Envar Studio,portrait,https://cmsassets.rgpub.io/sanity/images/dsfx7636/game_data_live/03a55e8d494d7efe20da792365161f5c43c20779-744x1039.png?accountingTag=RB
unl-030a-219,UNL-030a/219,30,"Vi, Hotheaded",UNL,Unleashed,epic,Epic,Unit,Champion,Fury,4,3,,"Vi, Zaun","[Deflect]
:rb_energy_2::rb_rune_fury:: Double my Might this turn.","Riftbound Unit: Vi, Hotheaded. [Deflect]
[2][C]: Double my Might this turn.",League Splash Team,portrait,https://cmsassets.rgpub.io/sanity/images/dsfx7636/game_data_live/646df8e81d42025a558112775fc1032c86cab2d0-744x1039.png?accountingTag=RB
unl-031-219,UNL-031/219,31,Combat Experience,UNL,Unleashed,common,Common,Spell,,Calm,1,,,,"[Reaction] (Play any time, even before spells and abilities resolve.)
Give a unit +1 :rb_might: this turn.
[Level 6][>] Give it +3 :rb_might: this turn instead. (While you have 6+ XP, get the effect.)","Riftbound Spell: Combat Experience. [Reaction] (Play any time, even before spells and abilities resolve.)
Give a unit +1 [S] this turn.
[Level 6][>] Give it +3 [S] this turn instead. (While you have 6+ XP, get the effect.)",Kudos Productions,portrait,https://cmsassets.rgpub.io/sanity/images/dsfx7636/game_data_live/537b66b5f0259f80bf25b1aafb78558f4db6886a-744x1039.png?accountingTag=RB
unl-032-219,UNL-032/219,32,Double Trouble,UNL,Unleashed,common,Common,Spell,,Calm,2,,,,"[Repeat] :rb_energy_2: (You may pay the additional cost to repeat this spell's effect.)
Look at the top 3 cards of your Main Deck. You may reveal a unit from among them and draw it. Recycle the rest.","Riftbound Spell: Double Trouble. [Repeat] [2] (You may pay the additional cost to repeat this spell's effect.)
Look at the top 3 cards of your Main Deck. You may reveal a unit from among them and draw it. Recycle the rest.",Kudos Productions,portrait,https://cmsassets.rgpub.io/sanity/images/dsfx7636/game_data_live/64e977213f50471ad7b6e8664488fb9017693f71-744x1039.png?accountingTag=RB
unl-033-219,UNL-033/219,33,Frisky Hunter,UNL,Unleashed,common,Common,Unit,,Calm,4,3,,"Cat, Zaun","When you play me, play a 1 :rb_might: Bird unit token with [Deflect] here. (Opponents must pay :rb_rune_rainbow: to choose it with a spell or ability.)","Riftbound Unit: Frisky Hunter. When you play me, play a 1 [S] Bird unit token with [Deflect] here. (Opponents must pay [A] to choose it with a spell or ability.)",Kudos Productions,portrait,https://cmsassets.rgpub.io/sanity/images/dsfx7636/game_data_live/6bf8978ca42fa50a60067e74364b3caf78b3e928-744x1039.png?accountingTag=RB
unl-034-219,UNL-034/219,34,Herald of Spring,UNL,Unleashed,common,Common,Unit,,Calm,4,4,1,Ionia,"[Hunt] (When I conquer or hold, gain 1 XP.)
When you play me, gain 2 XP.","Riftbound Unit: Herald of Spring. [Hunt] (When I conquer or hold, gain 1 XP.)
When you play me, gain 2 XP.",Six More Vodka,portrait,https://cmsassets.rgpub.io/sanity/images/dsfx7636/game_data_live/5bf7ba27b809d22296deb755b6f5324ac46a5a20-744x1039.png?accountingTag=RB
unl-035-219,UNL-035/219,35,Monch,UNL,Unleashed,common,Common,Unit,,Calm,6,6,,Bandle City,"If an opponent controls a stunned unit, I cost :rb_energy_2: less and enter ready.","Riftbound Unit: Monch. If an opponent controls a stunned unit, I cost [2] less and enter ready.",Envar Studio,portrait,https://cmsassets.rgpub.io/sanity/images/dsfx7636/game_data_live/ef10724add3b6d9e69415cb194e895f6ea9969b7-744x1039.png?accountingTag=RB
unl-036-219,UNL-036/219,36,Mutated Mouser,UNL,Unleashed,common,Common,Unit,,Calm,2,1,,"Cat, Bilgewater","[Shield 2] (+2 :rb_might: while I'm a defender.)
[Tank] (I must be assigned combat damage first.)","Riftbound Unit: Mutated Mouser. [Shield 2] (+2 [S] while I'm a defender.)
[Tank] (I must be assigned combat damage first.)",Caravan Studio,portrait,https://cmsassets.rgpub.io/sanity/images/dsfx7636/game_data_live/20276519677a4d1ebe230aaad7692588e1e8d046-744x1039.png?accountingTag=RB
unl-037-219,UNL-037/219,37,Shadow Watcher,UNL,Unleashed,common,Common,Unit,,Calm,4,5,1,Ionia,"If a friendly unit died during your Beginning Phase this turn, I enter ready.","Riftbound Unit: Shadow Watcher. If a friendly unit died during your Beginning Phase this turn, I enter ready.",Dao Trong Le,portrait,https://cmsassets.rgpub.io/sanity/images/dsfx7636/game_data_live/f6f5ff413efc57d7948b4b9a46a4bba6eebd39d2-744x1039.png?accountingTag=RB
unl-038-219,UNL-038/219,38,Skyward Strike,UNL,Unleashed,common,Common,Spell,,Calm,2,,1,,"Move an enemy unit.
[Level 6][>] [Stun] an enemy unit. (While you have 6+ XP, get the effect. A stunned unit doesn't deal combat damage this turn.)","Riftbound Spell: Skyward Strike. Move an enemy unit.
[Level 6][>] [Stun] an enemy unit. (While you have 6+ XP, get the effect. A stunned unit doesn't deal combat damage this turn.)",Kudos Productions,portrait,https://cmsassets.rgpub.io/sanity/images/dsfx7636/game_data_live/998740e590fec024f204ad26ed7e2dad2a0c8d66-744x1039.png?accountingTag=RB
unl-039-219,UNL-039/219,39,Soul Sword,UNL,Unleashed,common,Common,Gear,,Calm,1,,,Equipment,[Equip] :rb_rune_calm: (:rb_rune_calm:: Attach this to a unit you control.),Riftbound Gear: Soul Sword. [Equip] [C] ([C]: Attach this to a unit you control.),Kudos Productions,portrait,https://cmsassets.rgpub.io/sanity/images/dsfx7636/game_data_live/519361230cb8554cdf0f5dd795e115ffbb5bb932-744x1039.png?accountingTag=RB
unl-040-219,UNL-040/219,40,Wuju Apprentice,UNL,Unleashed,common,Common,Unit,,Calm,2,2,,Ionia,"[Hunt] (When I conquer or hold, gain 1 XP.)
[Level 6][>] When you play me, draw 1. (While you have 6+ XP, get the effect.)","Riftbound Unit: Wuju Apprentice. [Hunt] (When I conquer or hold, gain 1 XP.)
[Level 6][>] When you play me, draw 1. (While you have 6+ XP, get the effect.)",Polar Engine Studio,portrait,https://cmsassets.rgpub.io/sanity/images/dsfx7636/game_data_live/543789dd1b4b2654392a151d4bb1b0c6263c47dc-744x1039.png?accountingTag=RB
unl-041-219,UNL-041/219,41,"Allay, Eager Admirer",UNL,Unleashed,uncommon,Uncommon,Unit,,Calm,3,3,,"Yordle, Bandle City","[Deflect] (Opponents must pay :rb_rune_rainbow: to choose me with a spell or ability.)
While I'm at a battlefield, your other units here have [Deflect].","Riftbound Unit: Allay, Eager Admirer. [Deflect] (Opponents must pay [A] to choose me with a spell or ability.)
While I'm at a battlefield, your other units here have [Deflect].",Envar Studio,portrait,https://cmsassets.rgpub.io/sanity/images/dsfx7636/game_data_live/bf1045b559b20d3e86383a07de54cd1893e5a94b-744x1039.png?accountingTag=RB
unl-042-219,UNL-042/219,42,Back Off,UNL,Unleashed,uncommon,Uncommon,Spell,,Calm,3,,,,"[Hidden] (Hide now for :rb_rune_rainbow: to react with later for :rb_energy_0:.)
[Action] (Play on your turn or in showdowns.)
[Stun] a unit. (It doesn't deal combat damage this turn.)
If you played this from your hand, draw 1.","Riftbound Spell: Back Off. [Hidden] (Hide now for [A] to react with later for [0].)
[Action] (Play on your turn or in showdowns.)
[Stun] a unit. (It doesn't deal combat damage this turn.)
If you played this from your hand, draw 1.",Caravan Studio,portrait,https://cmsassets.rgpub.io/sanity/images/dsfx7636/game_data_live/a0e7f7fa55ae618f94fe48920f92406ddd7e3512-744x1039.png?accountingTag=RB
unl-043-219,UNL-043/219,43,Enthusiastic Promoter,UNL,Unleashed,uncommon,Uncommon,Unit,,Calm,3,2,,"Yordle, Bandle City","[Backline] (I must be assigned combat damage last.)
When I hold, [Buff] all units here. (Give each a +1 :rb_might: buff if it doesn't have one.)","Riftbound Unit: Enthusiastic Promoter. [Backline] (I must be assigned combat damage last.)
When I hold, [Buff] all units here. (Give each a +1 [S] buff if it doesn't have one.)",Valentin Gloaguen,portrait,https://cmsassets.rgpub.io/sanity/images/dsfx7636/game_data_live/c03bdc371440cbf6de773b0b39010808bfdecea1-744x1039.png?accountingTag=RB
unl-044-219,UNL-044/219,44,Flurry of Feathers,UNL,Unleashed,uncommon,Uncommon,Spell,,Calm,4,,2,,"[Reaction]
Choose one —Counter a spell.Play four 1 :rb_might: Bird unit tokens with [Deflect]. (Opponents must pay :rb_rune_rainbow: to choose them with a spell or ability.)","Riftbound Spell: Flurry of Feathers. [Reaction]
Choose one —
- Counter a spell.
- Play four 1 [S] Bird unit tokens with [Deflect]. (Opponents must pay [A] to choose them with a spell or ability.)",Polar Engine Studio,portrait,https://cmsassets.rgpub.io/sanity/images/dsfx7636/game_data_live/77bd864b29f4975868e557e31a39b94d06a4ecb2-744x1039.png?accountingTag=RB
unl-045-219,UNL-045/219,45,Forgotten Signpost,UNL,Unleashed,uncommon,Uncommon,Gear,,Calm,2,,,,"[Action][>] Exhaust a unit you control, :rb_exhaust:: Move a different unit you control to the location of the unit you exhausted to pay for this ability.","Riftbound Gear: Forgotten Signpost. [Action][>] Exhaust a unit you control, [T]: Move a different unit you control to the location of the unit you exhausted to pay for this ability.",Kudos Productions,portrait,https://cmsassets.rgpub.io/sanity/images/dsfx7636/game_data_live/edf248974d1d97ff5ff1c6745f663fa059dbc82d-744x1039.png?accountingTag=RB
unl-046-219,UNL-046/219,46,Friendship,UNL,Unleashed,uncommon,Uncommon,Spell,,Calm,1,,,,"[Reaction] (Play any time, even before spells and abilities resolve.)
Choose a unit. Give it +1 :rb_might: this turn for each of the following tags among your units — Bird, Cat, Dog, and Poro.","Riftbound Spell: Friendship. [Reaction] (Play any time, even before spells and abilities resolve.)
Choose a unit. Give it +1 [S] this turn for each of the following tags among your units — Bird, Cat, Dog, and Poro.",Kudos Productions,portrait,https://cmsassets.rgpub.io/sanity/images/dsfx7636/game_data_live/4a1a08ec8c23a2663babd2fc683481888347407a-744x1039.png?accountingTag=RB
unl-047-219,UNL-047/219,47,Mosstomper,UNL,Unleashed,uncommon,Uncommon,Unit,,Calm,3,3,1,"Dog, Ixtal","[Hunt 2] (When I conquer or hold, gain 2 XP.)
[Level 3][>] I have +1 :rb_might: and [Deflect]. (While you have 3+ XP, get the effect. Opponents must pay :rb_rune_rainbow: to choose a [Deflect] unit with a spell or ability.)","Riftbound Unit: Mosstomper. [Hunt 2] (When I conquer or hold, gain 2 XP.)
[Level 3][>] I have +1 [S] and [Deflect]. (While you have 3+ XP, get the effect. Opponents must pay [A] to choose a [Deflect] unit with a spell or ability.)",黯荧岛Dark Glow,portrait,https://cmsassets.rgpub.io/sanity/images/dsfx7636/game_data_live/0ea32d0f6f49c0b48b1ea2cc98fe0a3c540bc9db-744x1039.png?accountingTag=RB
unl-048-219,UNL-048/219,48,Trevor Snoozebottom,UNL,Unleashed,uncommon,Uncommon,Unit,,Calm,3,3,,"Yordle, Ionia","[Shield] (+1 :rb_might: while I'm a defender.)
When I hold, play a ready 3 :rb_might: Sprite unit token with [Temporary] here. (Kill it at the start of its controller's next Beginning Phase, before scoring.)","Riftbound Unit: Trevor Snoozebottom. [Shield] (+1 [S] while I'm a defender.)
When I hold, play a ready 3 [S] Sprite unit token with [Temporary] here. (Kill it at the start of its controller's next Beginning Phase, before scoring.)",Six More Vodka,portrait,https://cmsassets.rgpub.io/sanity/images/dsfx7636/game_data_live/fa843ee80d1a35416d61482bc1602279955a2c7f-744x1039.png?accountingTag=RB
unl-049-219,UNL-049/219,49,Honeyfruit,UNL,Unleashed,rare,Rare,Gear,,Calm,2,,,,"This enters exhausted.
[Reaction][>] :rb_exhaust:: [Add] :rb_rune_rainbow:. (Abilities that add resources can't be reacted to.)
[Level 6][>] [>>][Reaction][>] :rb_exhaust:: [Add] :rb_energy_1::rb_rune_rainbow:. (Use this ability only while you have 6+ XP.)","Riftbound Gear: Honeyfruit. This enters exhausted.
[Reaction][>] [T]: [Add] [A]. (Abilities that add resources can't be reacted to.)
[Level 6][>] [>>][Reaction][>] [T]: [Add] [1][A]. (Use this ability only while you have 6+ XP.)",黯荧岛Dark Glow,portrait,https://cmsassets.rgpub.io/sanity/images/dsfx7636/game_data_live/4794052d16d88b12861b348a466673ace098c32e-744x1039.png?accountingTag=RB
unl-050-219,UNL-050/219,50,Iascylla,UNL,Unleashed,rare,Rare,Unit,,Calm,7,6,1,Bilgewater,"When I hold, at the start of your next Main Phase, you may move an enemy unit to this battlefield.","Riftbound Unit: Iascylla. When I hold, at the start of your next Main Phase, you may move an enemy unit to this battlefield.",Envar Studio,portrait,https://cmsassets.rgpub.io/sanity/images/dsfx7636/game_data_live/debdbfa22e4e75822fe1fbf0e7ab14bccbbdf191-744x1039.png?accountingTag=RB
unl-051a-219,UNL-051a/219,51,"Ivern, Nurturer",UNL,Unleashed,rare,Rare,Unit,Champion,Calm,5,4,1,"Ivern, Ionia","When you play me or when I hold, look at the top 3 cards of your Main Deck. You may reveal a unit from among them and draw it. Recycle the rest. Then if you revealed a Bird, Cat, Dog, or Poro, do this: [Buff] a friendly unit.","Riftbound Unit: Ivern, Nurturer. When you play me or when I hold, look at the top 3 cards of your Main Deck. You may reveal a unit from among them and draw it. Recycle the rest. Then if you revealed a Bird, Cat, Dog, or Poro, do this: [Buff] a friendly unit.",League Splash Team,portrait,https://cmsassets.rgpub.io/sanity/images/dsfx7636/game_data_live/4564b2f80dd53a8bcbca1633eb1ef69455692c58-744x1039.png?accountingTag=RB
unl-051-219,UNL-051/219,51,"Ivern, Nurturer",UNL,Unleashed,rare,Rare,Unit,Champion,Calm,5,4,1,"Ivern, Ionia","When you play me or when I hold, look at the top 3 cards of your Main Deck. You may reveal a unit from among them and draw it. Recycle the rest. Then if you revealed a Bird, Cat, Dog, or Poro, do this: [Buff] a friendly unit. (Give it a +1 :rb_might: buff if it doesn't have one.)","Riftbound Unit: Ivern, Nurturer. When you play me or when I hold, look at the top 3 cards of your Main Deck. You may reveal a unit from among them and draw it. Recycle the rest. Then if you revealed a Bird, Cat, Dog, or Poro, do this: [Buff] a friendly unit. (Give it a +1 [S] buff if it doesn't have one.)",League Splash Team,portrait,https://cmsassets.rgpub.io/sanity/images/dsfx7636/game_data_live/a72b08dd57422d3441df88eb61c000cdb4ac688a-744x1039.png?accountingTag=RB
unl-052-219,UNL-052/219,52,"Nami, Headstrong",UNL,Unleashed,rare,Rare,Unit,Champion,Calm,3,3,,"Mount Targon, Nami","You may pay :rb_rune_calm: as an additional cost to play me.
When you play me, if you paid the additional cost, [Stun] an enemy unit. (It doesn't deal combat damage this turn.)
When I hold, the next time you play a unit this turn, ready it and [Buff] it.","Riftbound Unit: Nami, Headstrong. You may pay [C] as an additional cost to play me.
When you play me, if you paid the additional cost, [Stun] an enemy unit. (It doesn't deal combat damage this turn.)
When I hold, the next time you play a unit this turn, ready it and [Buff] it.",Six More Vodka,portrait,https://cmsassets.rgpub.io/sanity/images/dsfx7636/game_data_live/c65521065700f308689608fc6c4fa8963f3264c0-744x1039.png?accountingTag=RB
unl-053-219,UNL-053/219,53,Scuttle Crab,UNL,Unleashed,rare,Rare,Unit,,Calm,2,0,,Bilgewater,"(Units with 0 :rb_might: can conquer and hold.)
When you play me, draw 1.
[Deathknell][>] Choose an opponent. They reveal their hand. You can look at their facedown cards this turn. Gain 1 XP. (When I die, get the effects.)","Riftbound Unit: Scuttle Crab. (Units with 0 [S] can conquer and hold.)
When you play me, draw 1.
[Deathknell][>] Choose an opponent. They reveal their hand. You can look at their facedown cards this turn. Gain 1 XP. (When I die, get the effects.)",黯荧岛Dark Glow,portrait,https://cmsassets.rgpub.io/sanity/images/dsfx7636/game_data_live/8c9a251b2deb21716fba0ac83c6aac96563fa19d-744x1039.png?accountingTag=RB
unl-054-219,UNL-054/219,54,Tricksy Tentacles,UNL,Unleashed,rare,Rare,Spell,,Calm,4,,1,,Move any number of enemy units with the same controller and a total Might of 8 or less to a single location.,Riftbound Spell: Tricksy Tentacles. Move any number of enemy units with the same controller and a total Might of 8 or less to a single location.,Kudos Productions,portrait,https://cmsassets.rgpub.io/sanity/images/dsfx7636/game_data_live/7e1e77df44c076599fa780f7fd01a4550f67af45-744x1039.png?accountingTag=RB
unl-055-219,UNL-055/219,55,"Vex, Mocking",UNL,Unleashed,rare,Rare,Unit,Champion,Calm,5,5,1,"Yordle, Vex, Shadow Isles","[Shield] (+1 :rb_might: while I'm a defender.)
[Tank] (I must be assigned combat damage first.)
When you [Stun] an enemy unit at a battlefield, you may move me to that battlefield.","Riftbound Unit: Vex, Mocking. [Shield] (+1 [S] while I'm a defender.)
[Tank] (I must be assigned combat damage first.)
When you [Stun] an enemy unit at a battlefield, you may move me to that battlefield.",Envar Studio,portrait,https://cmsassets.rgpub.io/sanity/images/dsfx7636/game_data_live/ed2c20de6ceb7ff23f62ccb28a49fd305c5b15b7-744x1039.png?accountingTag=RB
unl-055a-219,UNL-055a/219,55,"Vex, Mocking",UNL,Unleashed,rare,Rare,Unit,Champion,Calm,5,5,1,"Yordle, Vex, Shadow Isles","[Shield]
[Tank]
When you [Stun] an enemy unit at a battlefield, you may move me to that battlefield.","Riftbound Unit: Vex, Mocking. [Shield]
[Tank]
When you [Stun] an enemy unit at a battlefield, you may move me to that battlefield.",League Splash Team,portrait,https://cmsassets.rgpub.io/sanity/images/dsfx7636/game_data_live/9594ce4be31689c364a43954a541c4391fe0d4f3-744x1039.png?accountingTag=RB
unl-056-219,UNL-056/219,56,"Yuumi, Magical Cat",UNL,Unleashed,rare,Rare,Unit,Champion,Calm,3,1,1,"Fae, Cat, Bandle City, Yuumi","When I attack or defend, give one of your other units here +3 :rb_might: and [Tank] this turn. (It must be assigned combat damage first.)","Riftbound Unit: Yuumi, Magical Cat. When I attack or defend, give one of your other units here +3 [S] and [Tank] this turn. (It must be assigned combat damage first.)",Six More Vodka,portrait,https://cmsassets.rgpub.io/sanity/images/dsfx7636/game_data_live/588ddfeb01ab7b37110d8a7e656cf9f35530ce4e-744x1039.png?accountingTag=RB
unl-057-219,UNL-057/219,57,Alpha Wildclaw,UNL,Unleashed,epic,Epic,Unit,,Calm,6,7,2,"Cat, Freljord","[Tank] (I must be assigned combat damage first.)
Your units here with less Might than me can't be chosen by enemy spells and abilities.","Riftbound Unit: Alpha Wildclaw. [Tank] (I must be assigned combat damage first.)
Your units here with less Might than me can't be chosen by enemy spells and abilities.",Six More Vodka,portrait,https://cmsassets.rgpub.io/sanity/images/dsfx7636/game_data_live/39ec974dae18bf82fcc18a95044d8df04cc14d3c-744x1039.png?accountingTag=RB
unl-058a-219,UNL-058a/219,58,"Lillia, Protector of Dreams",UNL,Unleashed,epic,Epic,Unit,Champion,Calm,5,4,,"Fae, Lillia, Ionia","When you play a token unit, give me +1 :rb_might: this turn.
Your token units have [Tank].","Riftbound Unit: Lillia, Protector of Dreams. When you play a token unit, give me +1 [S] this turn.
Your token units have [Tank].",League Splash Team,portrait,https://cmsassets.rgpub.io/sanity/images/dsfx7636/game_data_live/92cdae8b6bfef70d0a38761f1dc4aa771a37753a-744x1039.png?accountingTag=RB
unl-058-219,UNL-058/219,58,"Lillia, Protector of Dreams",UNL,Unleashed,epic,Epic,Unit,Champion,Calm,5,4,,"Fae, Lillia, Ionia","When you play a token unit, give me +1 :rb_might: this turn.
Your token units have [Tank]. (They must be assigned combat damage first.)","Riftbound Unit: Lillia, Protector of Dreams. When you play a token unit, give me +1 [S] this turn.
Your token units have [Tank]. (They must be assigned combat damage first.)",League Splash Team,portrait,https://cmsassets.rgpub.io/sanity/images/dsfx7636/game_data_live/daa5fe15e0a1c14c8dbb8f858d8a6d444ea6096e-744x1039.png?accountingTag=RB
unl-059-219,UNL-059/219,59,"Master Yi, Unstoppable",UNL,Unleashed,epic,Epic,Unit,Champion,Calm,12,12,3,"Master Yi, Ionia","[Level 3][>] I cost :rb_energy_2::rb_rune_calm: less. (While you have 3+ XP, get the effect.)
[Level 6][>] I cost :rb_energy_4::rb_rune_calm::rb_rune_calm: less instead.
[Level 11][>] I cost :rb_energy_6::rb_rune_calm::rb_rune_calm::rb_rune_calm: less instead.
[Level 16][>] I can't be chosen by enemy spells and abilities.","Riftbound Unit: Master Yi, Unstoppable. [Level 3][>] I cost [2][C] less. (While you have 3+ XP, get the effect.)
[Level 6][>] I cost [4][C][C] less instead.
[Level 11][>] I cost [6][C][C][C] less instead.
[Level 16][>] I can't be chosen by enemy spells and abilities.",Ziyan Lin,portrait,https://cmsassets.rgpub.io/sanity/images/dsfx7636/game_data_live/8a6d46d701eebaff0850a5b7400816517006d7e9-744x1039.png?accountingTag=RB
unl-059a-219,UNL-059a/219,59,"Master Yi, Unstoppable",UNL,Unleashed,epic,Epic,Unit,Champion,Calm,12,12,3,"Master Yi, Ionia","[Level 3][>] I cost :rb_energy_2::rb_rune_calm: less.
[Level 6][>] I cost :rb_energy_4::rb_rune_calm::rb_rune_calm: less instead.
[Level 11][>] I cost :rb_energy_6::rb_rune_calm::rb_rune_calm::rb_rune_calm: less instead.
[Level 16][>] I can't be chosen by enemy spells and abilities.","Riftbound Unit: Master Yi, Unstoppable. [Level 3][>] I cost [2][C] less.
[Level 6][>] I cost [4][C][C] less instead.
[Level 11][>] I cost [6][C][C][C] less instead.
[Level 16][>] I can't be chosen by enemy spells and abilities.",League Splash Team,portrait,https://cmsassets.rgpub.io/sanity/images/dsfx7636/game_data_live/cb53c3b70820fca73540223addbe5369b5267e15-744x1039.png?accountingTag=RB
unl-060-219,UNL-060/219,60,Vilemaw,UNL,Unleashed,epic,Epic,Unit,,Calm,8,8,2,"Shadow Isles, Spider","[Ambush] (You may play me as a [Reaction] to a battlefield where you have units.)
Enemy units here with less Might than me don't deal combat damage.
When I hold, draw 1.","Riftbound Unit: Vilemaw. [Ambush] (You may play me as a [Reaction] to a battlefield where you have units.)
Enemy units here with less Might than me don't deal combat damage.
When I hold, draw 1.",Envar Studio,portrait,https://cmsassets.rgpub.io/sanity/images/dsfx7636/game_data_live/cb6dde0284f9ef84cbc9c0f07d2e7aac2fe6f919-744x1039.png?accountingTag=RB
unl-060a-219,UNL-060a/219,60,Vilemaw,UNL,Unleashed,epic,Epic,Unit,,Calm,8,8,2,"Shadow Isles, Spider","[Ambush]
Enemy units here with less Might than me don't deal combat damage.
When I hold, draw 1.","Riftbound Unit: Vilemaw. [Ambush]
Enemy units here with less Might than me don't deal combat damage.
When I hold, draw 1.",Envar Studio,portrait,https://cmsassets.rgpub.io/sanity/images/dsfx7636/game_data_live/229efda03d93b27741b8f9e86e1151b5c2a5095f-744x1039.png?accountingTag=RB
unl-061-219,UNL-061/219,61,Downstage Dramatics,UNL,Unleashed,common,Common,Spell,,Mind,2,,,,"[Reaction] (Play any time, even before spells and abilities resolve.)
[Repeat] :rb_energy_2: (You may pay the additional cost to repeat this spell's effect.)
Draw 1.","Riftbound Spell: Downstage Dramatics. [Reaction] (Play any time, even before spells and abilities resolve.)
[Repeat] [2] (You may pay the additional cost to repeat this spell's effect.)
Draw 1.",莺之歌,portrait,https://cmsassets.rgpub.io/sanity/images/dsfx7636/game_data_live/d76418eabcddbea148f3331913223b79a39aabda-744x1039.png?accountingTag=RB
unl-062-219,UNL-062/219,62,Dramatic Visionary,UNL,Unleashed,common,Common,Unit,,Mind,4,4,,Ionia,"[Deathknell][>] [Predict 2]. (When I die, look at the top two cards of your Main Deck. Recycle any of them and put the rest back in any order.)","Riftbound Unit: Dramatic Visionary. [Deathknell][>] [Predict 2]. (When I die, look at the top two cards of your Main Deck. Recycle any of them and put the rest back in any order.)",Envar Studio,portrait,https://cmsassets.rgpub.io/sanity/images/dsfx7636/game_data_live/3153c05a8c3fb4d8f945a95fad54ea25e087ad47-744x1039.png?accountingTag=RB
unl-063-219,UNL-063/219,63,Eclipse,UNL,Unleashed,common,Common,Spell,,Mind,3,,,,"[Reaction] (Play any time, even before spells and abilities resolve.)
Give a unit -4 :rb_might: this turn.
[Predict]. (Look at the top card of your Main Deck. You may recycle it.)","Riftbound Spell: Eclipse. [Reaction] (Play any time, even before spells and abilities resolve.)
Give a unit -4 [S] this turn.
[Predict]. (Look at the top card of your Main Deck. You may recycle it.)",Kudos Productions,portrait,https://cmsassets.rgpub.io/sanity/images/dsfx7636/game_data_live/9fcef3d1d7de3c219aabcab88d0550c9d8cd4311-744x1039.png?accountingTag=RB
unl-064-219,UNL-064/219,64,Fate Weaver,UNL,Unleashed,common,Common,Unit,,Mind,5,4,,Ionia,"When you play me, look at the top 4 cards of your Main Deck. You may reveal a spell with Energy cost :rb_energy_4: or more from among them and draw it. Recycle the rest.","Riftbound Unit: Fate Weaver. When you play me, look at the top 4 cards of your Main Deck. You may reveal a spell with Energy cost [4] or more from among them and draw it. Recycle the rest.",Valentin Gloaguen,portrait,https://cmsassets.rgpub.io/sanity/images/dsfx7636/game_data_live/ab713d332b48a7526585b0be3718fea9e9f93622-744x1039.png?accountingTag=RB
unl-065-219,UNL-065/219,65,Icevale Archer,UNL,Unleashed,common,Common,Unit,,Mind,2,2,,Freljord,"When I attack, you may pay :rb_energy_1: to give a unit here -1 :rb_might: this turn.","Riftbound Unit: Icevale Archer. When I attack, you may pay [1] to give a unit here -1 [S] this turn.",Six More Vodka,portrait,https://cmsassets.rgpub.io/sanity/images/dsfx7636/game_data_live/c14db2ae064ccee80d8ec373f9fe9b4f44776e3e-744x1039.png?accountingTag=RB
unl-066-219,UNL-066/219,66,Moonlight Affliction,UNL,Unleashed,common,Common,Spell,,Mind,7,,,,"[Reaction] (Play any time, even before spells and abilities resolve.)
Give a unit -10 :rb_might: this turn.","Riftbound Spell: Moonlight Affliction. [Reaction] (Play any time, even before spells and abilities resolve.)
Give a unit -10 [S] this turn.",Kudos Productions,portrait,https://cmsassets.rgpub.io/sanity/images/dsfx7636/game_data_live/8f75280599fdb4d3b6191cf8e8443aadf33ad11e-744x1039.png?accountingTag=RB
unl-067-219,UNL-067/219,67,Ruined Rex,UNL,Unleashed,common,Common,Unit,,Mind,6,6,1,Bilgewater,"[Deathknell][>] Deal 4 to an enemy unit. (When I die, get the effect.)","Riftbound Unit: Ruined Rex. [Deathknell][>] Deal 4 to an enemy unit. (When I die, get the effect.)",Kudos Productions,portrait,https://cmsassets.rgpub.io/sanity/images/dsfx7636/game_data_live/05fc9613bd3a3c3c5002ff1d7d665b37fd18dcb7-744x1039.png?accountingTag=RB
unl-068-219,UNL-068/219,68,Spectral Centaur,UNL,Unleashed,common,Common,Unit,,Mind,6,5,,"Spirit, Shadow Isles","When another friendly unit dies, give me +2 :rb_might: this turn.","Riftbound Unit: Spectral Centaur. When another friendly unit dies, give me +2 [S] this turn.",Kudos Productions,portrait,https://cmsassets.rgpub.io/sanity/images/dsfx7636/game_data_live/60fb267f2d0cd16714d35a0eefd0d5864304102b-744x1039.png?accountingTag=RB
unl-069-219,UNL-069/219,69,Sprite Burst,UNL,Unleashed,common,Common,Spell,,Mind,5,,,,"Play two ready 3 :rb_might: Sprite unit tokens with [Temporary]. (Kill each at the start of its controller's Beginning Phase, before scoring.)","Riftbound Spell: Sprite Burst. Play two ready 3 [S] Sprite unit tokens with [Temporary]. (Kill each at the start of its controller's Beginning Phase, before scoring.)",Envar Studio,portrait,https://cmsassets.rgpub.io/sanity/images/dsfx7636/game_data_live/4427ceffae1c3e7b012167461ce7c080bb2c1fe4-744x1039.png?accountingTag=RB
unl-070-219,UNL-070/219,70,Turn to Dust,UNL,Unleashed,common,Common,Spell,,Mind,2,,,,"Give a gear [Temporary]. (Kill it at the start of its controller's Beginning Phase, before scoring.)","Riftbound Spell: Turn to Dust. Give a gear [Temporary]. (Kill it at the start of its controller's Beginning Phase, before scoring.)",Kudos Productions,portrait,https://cmsassets.rgpub.io/sanity/images/dsfx7636/game_data_live/4986c0c2fea96d9a88d736789d604374a64d03fb-744x1039.png?accountingTag=RB
unl-071-219,UNL-071/219,71,Chakram Dancer,UNL,Unleashed,uncommon,Uncommon,Unit,,Mind,3,3,,Bilgewater,"[Ambush] (You may play me as a [Reaction] to a battlefield where you have units.)
When you play me, give your other units here [Shield] this turn. (+1 :rb_might: while they're defenders.)","Riftbound Unit: Chakram Dancer. [Ambush] (You may play me as a [Reaction] to a battlefield where you have units.)
When you play me, give your other units here [Shield] this turn. (+1 [S] while they're defenders.)",Wild Blue Studios,portrait,https://cmsassets.rgpub.io/sanity/images/dsfx7636/game_data_live/29abe06f1c16a9eed622a5060330116268b73b8c-744x1039.png?accountingTag=RB
unl-072-219,UNL-072/219,72,Crescent Strike,UNL,Unleashed,uncommon,Uncommon,Spell,,Mind,3,,1,,"[Action] (Play on your turn or in showdowns.)
Choose a battlefield and an enemy unit there. Deal 4 to that unit and 1 to each other enemy unit there.","Riftbound Spell: Crescent Strike. [Action] (Play on your turn or in showdowns.)
Choose a battlefield and an enemy unit there. Deal 4 to that unit and 1 to each other enemy unit there.",Kudos Productions,portrait,https://cmsassets.rgpub.io/sanity/images/dsfx7636/game_data_live/34ab7eff1eb8833ab8b9978eac18c4fb18b1ac81-744x1039.png?accountingTag=RB
unl-073-219,UNL-073/219,73,Deadly Flourish,UNL,Unleashed,uncommon,Uncommon,Spell,,Mind,4,,,,"Deal 3 to an enemy unit. When it dies this turn, play a Gold gear token exhausted. (It has ""[Reaction][>] Kill this, :rb_exhaust:: [Add] :rb_rune_rainbow:."")","Riftbound Spell: Deadly Flourish. Deal 3 to an enemy unit. When it dies this turn, play a Gold gear token exhausted. (It has ""[Reaction][>] Kill this, [T]: [Add] [A]."")",Kudos Productions,portrait,https://cmsassets.rgpub.io/sanity/images/dsfx7636/game_data_live/81195df7122beaba38ebc8b8212ceb0e7593afe9-744x1039.png?accountingTag=RB
unl-074-219,UNL-074/219,74,Frigid Jewel,UNL,Unleashed,uncommon,Uncommon,Gear,,Mind,2,,,,"When you draw your second card each turn, give a friendly unit +2 :rb_might: this turn.","Riftbound Gear: Frigid Jewel. When you draw your second card each turn, give a friendly unit +2 [S] this turn.",Kudos Productions,portrait,https://cmsassets.rgpub.io/sanity/images/dsfx7636/game_data_live/f1a6c28649bf4478b4728379b6d548058739f0e9-744x1039.png?accountingTag=RB
unl-075-219,UNL-075/219,75,Gustwalker,UNL,Unleashed,uncommon,Uncommon,Unit,,Mind,3,3,1,"Dog, Ionia","[Hunt 2] (When I conquer or hold, gain 2 XP.)
[Level 3][>] I have +1 :rb_might: and [Ganking]. (While you have 3+ XP, get the effect. A [Ganking] unit can move from battlefield to battlefield.)","Riftbound Unit: Gustwalker. [Hunt 2] (When I conquer or hold, gain 2 XP.)
[Level 3][>] I have +1 [S] and [Ganking]. (While you have 3+ XP, get the effect. A [Ganking] unit can move from battlefield to battlefield.)",黯荧岛Dark Glow,portrait,https://cmsassets.rgpub.io/sanity/images/dsfx7636/game_data_live/3f314cea0c05d2ea274a81d723299e4e20b2ebde-744x1039.png?accountingTag=RB
unl-076-219,UNL-076/219,76,Petal Pixie,UNL,Unleashed,uncommon,Uncommon,Unit,,Mind,2,2,,"Fae, Ionia",I have +1 :rb_might: for each of your units with [Temporary] at my battlefield.,Riftbound Unit: Petal Pixie. I have +1 [S] for each of your units with [Temporary] at my battlefield.,Envar Studio,portrait,https://cmsassets.rgpub.io/sanity/images/dsfx7636/game_data_live/68189fb5a6b3193e8925969ac0c545bc78b210c9-744x1039.png?accountingTag=RB
unl-077-219,UNL-077/219,77,Soul Shepherd,UNL,Unleashed,uncommon,Uncommon,Unit,,Mind,5,3,,Shadow Isles,Your token units have +1 :rb_might:.,Riftbound Unit: Soul Shepherd. Your token units have +1 [S].,Six More Vodka,portrait,https://cmsassets.rgpub.io/sanity/images/dsfx7636/game_data_live/cb2a157e715ef103e688e094c21f772003775e45-744x1039.png?accountingTag=RB
unl-078-219,UNL-078/219,78,Sprite Fountain,UNL,Unleashed,uncommon,Uncommon,Gear,,Mind,2,,1,,"[Temporary] (Kill this at the start of its controller's Beginning Phase, before scoring.)
When you play this, play a ready 3 :rb_might: Sprite unit token with [Temporary] to your base.
[Deathknell][>] Repeat this gear's play effect. (When this dies, get the effect.)","Riftbound Gear: Sprite Fountain. [Temporary] (Kill this at the start of its controller's Beginning Phase, before scoring.)
When you play this, play a ready 3 [S] Sprite unit token with [Temporary] to your base.
[Deathknell][>] Repeat this gear's play effect. (When this dies, get the effect.)",Envar Studio,portrait,https://cmsassets.rgpub.io/sanity/images/dsfx7636/game_data_live/fcb3ea3e8f829b8dc845fbf49080552d635bb47b-744x1039.png?accountingTag=RB
unl-079a-219,UNL-079a/219,79,"Diana, Lunari",UNL,Unleashed,rare,Rare,Unit,Champion,Mind,3,3,,"Diana, Mount Targon","When a showdown begins here, you may pay :rb_energy_1:. If you do, [Predict], then reveal the top card of your Main Deck. If it's a spell, draw it.","Riftbound Unit: Diana, Lunari. When a showdown begins here, you may pay [1]. If you do, [Predict], then reveal the top card of your Main Deck. If it's a spell, draw it.",League Splash Team,portrait,https://cmsassets.rgpub.io/sanity/images/dsfx7636/game_data_live/f538c2659c02af20a173503784989e39a0c291f6-744x1039.png?accountingTag=RB
unl-079-219,UNL-079/219,79,"Diana, Lunari",UNL,Unleashed,rare,Rare,Unit,Champion,Mind,3,3,,"Diana, Mount Targon","When a showdown begins here, you may pay :rb_energy_1:. If you do, [Predict], then reveal the top card of your Main Deck. If it's a spell, draw it. (To Predict, look at the top card of your Main Deck. You may recycle it.)","Riftbound Unit: Diana, Lunari. When a showdown begins here, you may pay [1]. If you do, [Predict], then reveal the top card of your Main Deck. If it's a spell, draw it. (To Predict, look at the top card of your Main Deck. You may recycle it.)",Six More Vodka,portrait,https://cmsassets.rgpub.io/sanity/images/dsfx7636/game_data_live/3e284397713abb21d2c8d9b85202ab65d21689e9-744x1039.png?accountingTag=RB
unl-080-219,UNL-080/219,80,"Hwei, Brooding Painter",UNL,Unleashed,rare,Rare,Unit,Champion,Mind,5,5,1,"Ionia, Hwei","When I move, draw 1, then discard 1. Then, do the following based on the discarded card's type:Spell — Draw 1.Gear — Ready up to 2 runes.Unit — Give me +3 :rb_might: this turn.","Riftbound Unit: Hwei, Brooding Painter. When I move, draw 1, then discard 1. Then, do the following based on the discarded card's type:
* Spell — Draw 1.
* Gear — Ready up to 2 runes.
* Unit — Give me +3 [S] this turn.",League Splash Team,portrait,https://cmsassets.rgpub.io/sanity/images/dsfx7636/game_data_live/ddbb13ba5617cc443b9a3a51485b1697da570121-744x1039.png?accountingTag=RB
unl-081-219,UNL-081/219,81,Keeper of Masks,UNL,Unleashed,rare,Rare,Unit,,Mind,2,1,,Ionia,"[Hidden] (Hide now for :rb_rune_rainbow: to react with later for :rb_energy_0:.)
[Temporary] (Kill me at the start of my controller's Beginning Phase, before scoring.)
When you play me, play two Reflection unit tokens here. They become copies of me.","Riftbound Unit: Keeper of Masks. [Hidden] (Hide now for [A] to react with later for [0].)
[Temporary] (Kill me at the start of my controller's Beginning Phase, before scoring.)
When you play me, play two Reflection unit tokens here. They become copies of me.",Six More Vodka,portrait,https://cmsassets.rgpub.io/sanity/images/dsfx7636/game_data_live/67606d98bd3d8816e686dacacb91a56627d4b5f5-744x1039.png?accountingTag=RB
unl-082-219,UNL-082/219,82,"Lillia, Fae Fawn",UNL,Unleashed,rare,Rare,Unit,Champion,Mind,3,3,,"Fae, Lillia, Ionia","[Accelerate] (You may pay :rb_energy_1::rb_rune_mind: as an additional cost to have me enter ready.)
When I move from a location, play a 3 :rb_might: Sprite unit token with [Temporary] there. (Kill it at the start of its controller's Beginning Phase, before scoring.)","Riftbound Unit: Lillia, Fae Fawn. [Accelerate] (You may pay [1][C] as an additional cost to have me enter ready.)
When I move from a location, play a 3 [S] Sprite unit token with [Temporary] there. (Kill it at the start of its controller's Beginning Phase, before scoring.)",Envar Studio,portrait,https://cmsassets.rgpub.io/sanity/images/dsfx7636/game_data_live/65d0af5361b335a7e65c7aa03a099fc0de3431e6-744x1039.png?accountingTag=RB
unl-082a-219,UNL-082a/219,82,"Lillia, Fae Fawn",UNL,Unleashed,rare,Rare,Unit,Champion,Mind,3,3,,"Fae, Lillia, Ionia","[Accelerate]
When I move from a location, play a 3 :rb_might: Sprite unit token with [Temporary] there.","Riftbound Unit: Lillia, Fae Fawn. [Accelerate]
When I move from a location, play a 3 [S] Sprite unit token with [Temporary] there.",League Splash Team,portrait,https://cmsassets.rgpub.io/sanity/images/dsfx7636/game_data_live/b06072002316a5b86f11750bbe21e9dfb94be08d-744x1039.png?accountingTag=RB
unl-083-219,UNL-083/219,83,Smoke and Mirrors,UNL,Unleashed,rare,Rare,Spell,,Mind,2,,,,"[Hidden] (Hide now for :rb_rune_rainbow: to react with later for :rb_energy_0:.)
[Action] (Play on your turn or in showdowns.)
Choose a unit you control and another unit you control at a different location. If at least one of them has [Temporary], move each to the other's location. Draw 1.","Riftbound Spell: Smoke and Mirrors. [Hidden] (Hide now for [A] to react with later for [0].)
[Action] (Play on your turn or in showdowns.)
Choose a unit you control and another unit you control at a different location. If at least one of them has [Temporary], move each to the other's location. Draw 1.",Wild Blue Studios,portrait,https://cmsassets.rgpub.io/sanity/images/dsfx7636/game_data_live/38886634ee8646707d9c26020f977f14c934a4c0-744x1039.png?accountingTag=RB
unl-084-219,UNL-084/219,84,Sprite Queen,UNL,Unleashed,rare,Rare,Unit,,Mind,7,6,1,"Fae, Ionia","When you play me or at the start of your Beginning Phase, play a ready 3 :rb_might: Sprite unit token with [Temporary] to your base. (Kill them at the start of their controller's next Beginning Phase, before scoring.)","Riftbound Unit: Sprite Queen. When you play me or at the start of your Beginning Phase, play a ready 3 [S] Sprite unit token with [Temporary] to your base. (Kill them at the start of their controller's next Beginning Phase, before scoring.)",Envar Studio,portrait,https://cmsassets.rgpub.io/sanity/images/dsfx7636/game_data_live/64b7debe0dd3d7b644f627eba562187bc45dd313-744x1039.png?accountingTag=RB
unl-085-219,UNL-085/219,85,Sumpworks Map,UNL,Unleashed,rare,Rare,Gear,,Mind,2,,,,"[Reaction] (Play any time, even before spells and abilities resolve.)
[Temporary] (Kill this at the start of its controller's Beginning Phase, before scoring.)
When an opponent scores, draw 1.","Riftbound Gear: Sumpworks Map. [Reaction] (Play any time, even before spells and abilities resolve.)
[Temporary] (Kill this at the start of its controller's Beginning Phase, before scoring.)
When an opponent scores, draw 1.",Kudos Productions,portrait,https://cmsassets.rgpub.io/sanity/images/dsfx7636/game_data_live/87c3d5007aa3c3e2c4ff3d5bf78a92a2bee58db3-744x1039.png?accountingTag=RB
unl-086-219,UNL-086/219,86,"Zilean, Time Mage",UNL,Unleashed,rare,Rare,Unit,Champion,Mind,5,5,1,"Icathia, Zilean","Once each turn, if you would play a token unit while I'm at a battlefield, you may play that token and an additional copy of it instead.","Riftbound Unit: Zilean, Time Mage. Once each turn, if you would play a token unit while I'm at a battlefield, you may play that token and an additional copy of it instead.",Six More Vodka,portrait,https://cmsassets.rgpub.io/sanity/images/dsfx7636/game_data_live/2a3165b43bd9878c0eb519bc25d370064aacac35-744x1039.png?accountingTag=RB
unl-087-219,UNL-087/219,87,Blue Sentinel,UNL,Unleashed,epic,Epic,Unit,,Mind,4,4,1,Mount Targon,"[Shield 2] (+2 :rb_might: while I'm a defender.)
Your hold effects for holding here trigger an additional time.
When I hold, [Add] :rb_rune_rainbow: at the start of your next Main Phase. (Abilities that add resources can't be reacted to.)","Riftbound Unit: Blue Sentinel. [Shield 2] (+2 [S] while I'm a defender.)
Your hold effects for holding here trigger an additional time.
When I hold, [Add] [A] at the start of your next Main Phase. (Abilities that add resources can't be reacted to.)",Grafit Studio,portrait,https://cmsassets.rgpub.io/sanity/images/dsfx7636/game_data_live/bec7e8f108fac2d9c94db01c85cf143133d13325-744x1039.png?accountingTag=RB
unl-087a-219,UNL-087a/219,87,Blue Sentinel,UNL,Unleashed,epic,Epic,Unit,,Mind,4,4,1,,"[Shield 2]
Your hold effects for holding here trigger an additional time.
When I hold, [Add] :rb_rune_rainbow: at the start of your next Main Phase.","Riftbound Unit: Blue Sentinel. [Shield 2]
Your hold effects for holding here trigger an additional time.
When I hold, [Add] [A] at the start of your next Main Phase.",Grafit Studio,portrait,https://cmsassets.rgpub.io/sanity/images/dsfx7636/game_data_live/d6c05e13dfb9ce38cc4d829d33acaf1560abe62a-744x1039.png?accountingTag=RB
unl-088-219,UNL-088/219,88,Gutter Palace,UNL,Unleashed,epic,Epic,Gear,,Mind,4,,,,"At the start of your Beginning Phase, if you have exactly 4 cards in hand and exactly 4 units at battlefields, you win the game.
Discard 1, :rb_exhaust:: Play a 1 :rb_might: Bird unit token with [Deflect]. (Opponents must pay :rb_rune_rainbow: to choose it with a spell or ability.)","Riftbound Gear: Gutter Palace. At the start of your Beginning Phase, if you have exactly 4 cards in hand and exactly 4 units at battlefields, you win the game.
Discard 1, [T]: Play a 1 [S] Bird unit token with [Deflect]. (Opponents must pay [A] to choose it with a spell or ability.)",Kudos Productions,portrait,https://cmsassets.rgpub.io/sanity/images/dsfx7636/game_data_live/f1addf7bb3925871cbcf4615f5a449dc61f762da-744x1039.png?accountingTag=RB
unl-089a-219,UNL-089a/219,89,"Jhin, Meticulous Killer",UNL,Unleashed,epic,Epic,Unit,Champion,Mind,4,4,,"Jhin, Ionia","[Vision]
If you've spent :rb_energy_4: or more to play a spell this turn, you may play me for :rb_rune_mind:.","Riftbound Unit: Jhin, Meticulous Killer. [Vision]
If you've spent [4] or more to play a spell this turn, you may play me for [C].",League Splash Team,portrait,https://cmsassets.rgpub.io/sanity/images/dsfx7636/game_data_live/992e0a23ba7ad3fe88410f023bb1311195e1863a-744x1039.png?accountingTag=RB
unl-089-219,UNL-089/219,89,"Jhin, Meticulous Killer",UNL,Unleashed,epic,Epic,Unit,Champion,Mind,4,4,,"Jhin, Ionia","[Vision] (When you play me, look at the top card of your Main Deck. You may recycle it.)
If you've spent :rb_energy_4: or more to play a spell this turn, you may play me for :rb_rune_mind:.","Riftbound Unit: Jhin, Meticulous Killer. [Vision] (When you play me, look at the top card of your Main Deck. You may recycle it.)
If you've spent [4] or more to play a spell this turn, you may play me for [C].",League Splash Team,portrait,https://cmsassets.rgpub.io/sanity/images/dsfx7636/game_data_live/88fb6023ee9bd90fef3f36995ca27615dcd669f7-744x1039.png?accountingTag=RB
unl-090-219,UNL-090/219,90,"LeBlanc, Everywhere at Once",UNL,Unleashed,epic,Epic,Unit,Champion,Mind,4,4,,"Noxus, LeBlanc","[Backline] (I must be assigned combat damage last.)
Your [Temporary] effects at my battlefield don't trigger.","Riftbound Unit: LeBlanc, Everywhere at Once. [Backline] (I must be assigned combat damage last.)
Your [Temporary] effects at my battlefield don't trigger.",Envar Studio,portrait,https://cmsassets.rgpub.io/sanity/images/dsfx7636/game_data_live/a0389576206b1e750a0852c6ff46efd2646d47da-744x1039.png?accountingTag=RB
unl-090a-219,UNL-090a/219,90,"LeBlanc, Everywhere at Once",UNL,Unleashed,epic,Epic,Unit,Champion,Mind,4,4,,"Noxus, LeBlanc","[Backline]
Your [Temporary] effects at my battlefield don't trigger.","Riftbound Unit: LeBlanc, Everywhere at Once. [Backline]
Your [Temporary] effects at my battlefield don't trigger.",League Splash Team,portrait,https://cmsassets.rgpub.io/sanity/images/dsfx7636/game_data_live/0850c122c2528fadab0fa95ae1fd329288208afe-744x1039.png?accountingTag=RB
unl-091-219,UNL-091/219,91,Concentrate,UNL,Unleashed,common,Common,Spell,,Body,5,,,,"Draw 2.
[Level 6][>] This costs :rb_energy_2: less. (While you have 6+ XP, get the effect.)
[Level 11][>] This costs :rb_energy_4: less instead.","Riftbound Spell: Concentrate. Draw 2.
[Level 6][>] This costs [2] less. (While you have 6+ XP, get the effect.)
[Level 11][>] This costs [4] less instead.",Kudos Productions & 黯荧岛Dark Glow,portrait,https://cmsassets.rgpub.io/sanity/images/dsfx7636/game_data_live/5e032420b6dcbdd96dca122b4d7875868feb82ed-744x1039.png?accountingTag=RB
unl-092-219,UNL-092/219,92,Demacian Diplomat,UNL,Unleashed,common,Common,Unit,,Body,2,2,,Demacia,"When you play me, gain 1 XP.","Riftbound Unit: Demacian Diplomat. When you play me, gain 1 XP.",Kudos Productions,portrait,https://cmsassets.rgpub.io/sanity/images/dsfx7636/game_data_live/dabc873f161248d3c959932ee54b5cf550c471b9-744x1039.png?accountingTag=RB
unl-093-219,UNL-093/219,93,Dragonsoul Sage,UNL,Unleashed,common,Common,Unit,,Body,2,1,,Ionia,[Reaction][>] :rb_exhaust:: [Add] :rb_energy_1:. (Abilities that add resources can't be reacted to.),Riftbound Unit: Dragonsoul Sage. [Reaction][>] [T]: [Add] [1]. (Abilities that add resources can't be reacted to.),Dao Trong Le,portrait,https://cmsassets.rgpub.io/sanity/images/dsfx7636/game_data_live/2065a3b0fef9779fed8a3d42202606a31acf59ff-744x1039.png?accountingTag=RB
unl-094-219,UNL-094/219,94,Gemhand Hunter,UNL,Unleashed,common,Common,Unit,,Body,2,2,,"Yordle, Mount Targon","[Hunt] (When I conquer or hold, gain 1 XP.)
[Level 6][>] I have +1 :rb_might:. (While you have 6+ XP, get the effect.)","Riftbound Unit: Gemhand Hunter. [Hunt] (When I conquer or hold, gain 1 XP.)
[Level 6][>] I have +1 [S]. (While you have 6+ XP, get the effect.)",Kudos Productions,portrait,https://cmsassets.rgpub.io/sanity/images/dsfx7636/game_data_live/d824d666dc5f50c3c513c3f9722f6eafe21c6289-744x1039.png?accountingTag=RB
unl-095-219,UNL-095/219,95,Grim Resolve,UNL,Unleashed,common,Common,Spell,,Body,2,,,,"[Action] (Play on your turn or in showdowns.)
Give a friendly unit +3 :rb_might: this turn. When it wins a combat this turn, gain 2 XP.","Riftbound Spell: Grim Resolve. [Action] (Play on your turn or in showdowns.)
Give a friendly unit +3 [S] this turn. When it wins a combat this turn, gain 2 XP.",Kudos Productions,portrait,https://cmsassets.rgpub.io/sanity/images/dsfx7636/game_data_live/4705a4ef2589f2a82021f1b70dcdb7e289a88fdf-744x1039.png?accountingTag=RB
unl-096-219,UNL-096/219,96,Hunter's Machete,UNL,Unleashed,common,Common,Gear,,Body,3,,,Equipment,[Equip] :rb_rune_body: (:rb_rune_body:: Attach this to a unit you control.),Riftbound Gear: Hunter's Machete. [Equip] [C] ([C]: Attach this to a unit you control.),黯荧岛Dark Glow,portrait,https://cmsassets.rgpub.io/sanity/images/dsfx7636/game_data_live/374fd9220c204810c2b1abd48217b4d233362753-744x1039.png?accountingTag=RB
unl-097-219,UNL-097/219,97,Kinkou Initiate,UNL,Unleashed,common,Common,Unit,,Body,3,3,,Ionia,"When you play me, draw 1 if your other units have total Might 5 or more.","Riftbound Unit: Kinkou Initiate. When you play me, draw 1 if your other units have total Might 5 or more.",Six More Vodka,portrait,https://cmsassets.rgpub.io/sanity/images/dsfx7636/game_data_live/358c56479ff4a02df622827092265fe4e8373fc2-744x1039.png?accountingTag=RB
unl-098-219,UNL-098/219,98,Targonian Visionary,UNL,Unleashed,common,Common,Unit,,Body,6,6,,Mount Targon,"[Level 11][>] I have +4 :rb_might:. (While you have 11+ XP, get the effect.)","Riftbound Unit: Targonian Visionary. [Level 11][>] I have +4 [S]. (While you have 11+ XP, get the effect.)",Kudos Productions,portrait,https://cmsassets.rgpub.io/sanity/images/dsfx7636/game_data_live/fe645cecdd1f251218f5bf33225cde6c1e12b67e-744x1039.png?accountingTag=RB
unl-099-219,UNL-099/219,99,Towering Combatant,UNL,Unleashed,common,Common,Unit,,Body,4,3,,Shurima,"[Shield 2] (+2 :rb_might: while I'm a defender.)
[Tank] (I must be assigned combat damage first.)","Riftbound Unit: Towering Combatant. [Shield 2] (+2 [S] while I'm a defender.)
[Tank] (I must be assigned combat damage first.)",JiHun Lee,portrait,https://cmsassets.rgpub.io/sanity/images/dsfx7636/game_data_live/2a2eefa9b85684489e97870145eb2f94b20b60ed-744x1039.png?accountingTag=RB
unl-100-219,UNL-100/219,100,Voracious Gromp,UNL,Unleashed,common,Common,Unit,,Body,5,5,,Freljord,"[Hunt 3] (When I conquer or hold, gain 3 XP.)","Riftbound Unit: Voracious Gromp. [Hunt 3] (When I conquer or hold, gain 3 XP.)",Polar Engine Studio,portrait,https://cmsassets.rgpub.io/sanity/images/dsfx7636/game_data_live/3c006b8c9aa4581ad90c258cc6cfac9098d3c296-744x1039.png?accountingTag=RB
unl-101-219,UNL-101/219,101,Call to Battle,UNL,Unleashed,uncommon,Uncommon,Spell,,Body,3,,,,"Move a unit you control to a battlefield you control. Then, choose an opponent. They move a unit they control to the same battlefield.","Riftbound Spell: Call to Battle. Move a unit you control to a battlefield you control. Then, choose an opponent. They move a unit they control to the same battlefield.",Kudos Productions,portrait,https://cmsassets.rgpub.io/sanity/images/dsfx7636/game_data_live/3c7e0f93c72654f786f5df37895c6e95fa9d4d60-744x1039.png?accountingTag=RB
unl-102-219,UNL-102/219,102,Crowd Favorite,UNL,Unleashed,uncommon,Uncommon,Unit,,Body,3,3,,Noxus,"[Hunt] (When I conquer or hold, gain 1 XP.)
Spend 2 XP: [Buff] me. (Give me a +1 :rb_might: buff if I don't have one.)","Riftbound Unit: Crowd Favorite. [Hunt] (When I conquer or hold, gain 1 XP.)
Spend 2 XP: [Buff] me. (Give me a +1 [S] buff if I don't have one.)",Six More Vodka,portrait,https://cmsassets.rgpub.io/sanity/images/dsfx7636/game_data_live/0031569ff123a8317e1be753f0bd895501bf838b-744x1039.png?accountingTag=RB
unl-103-219,UNL-103/219,103,Disposal Order,UNL,Unleashed,uncommon,Uncommon,Spell,,Body,2,,,,"[Reaction] (Play any time, even before spells and abilities resolve.)
Choose one —Choose up to 3 cards from opponents' trashes. Their owners recycle them.Draw 1.","Riftbound Spell: Disposal Order. [Reaction] (Play any time, even before spells and abilities resolve.)
Choose one —
- Choose up to 3 cards from opponents' trashes. Their owners recycle them.
- Draw 1.",Kudos Productions,portrait,https://cmsassets.rgpub.io/sanity/images/dsfx7636/game_data_live/de7b7c683f16a297418bc9a326178c520f17ef2b-744x1039.png?accountingTag=RB
unl-104-219,UNL-104/219,104,Gentle Gemdragon,UNL,Unleashed,uncommon,Uncommon,Unit,,Body,8,8,,"Dragon, Mount Targon","When you play me or another Dragon, ready up to 2 runes.","Riftbound Unit: Gentle Gemdragon. When you play me or another Dragon, ready up to 2 runes.",Polar Engine Studio,portrait,https://cmsassets.rgpub.io/sanity/images/dsfx7636/game_data_live/65fcaff267b7f27cbda09ad23f2449188195d28e-744x1039.png?accountingTag=RB
unl-105-219,UNL-105/219,105,Imposing Challenger,UNL,Unleashed,uncommon,Uncommon,Unit,,Body,5,5,,Ionia,"When I move, you may move an enemy unit here with less Might than me to a different battlefield.","Riftbound Unit: Imposing Challenger. When I move, you may move an enemy unit here with less Might than me to a different battlefield.",Kudos Productions,portrait,https://cmsassets.rgpub.io/sanity/images/dsfx7636/game_data_live/01596f6039ef5618fae686e1c7df291e1c570fc3-744x1039.png?accountingTag=RB
unl-106-219,UNL-106/219,106,Repulse,UNL,Unleashed,uncommon,Uncommon,Spell,,Body,1,,1,,"[Reaction] (Play any time, even before spells and abilities resolve.)
Choose a friendly unit at a battlefield. Counter an enemy spell or ability that chooses it and no other friendly unit.","Riftbound Spell: Repulse. [Reaction] (Play any time, even before spells and abilities resolve.)
Choose a friendly unit at a battlefield. Counter an enemy spell or ability that chooses it and no other friendly unit.",Kudos Productions,portrait,https://cmsassets.rgpub.io/sanity/images/dsfx7636/game_data_live/ca56ad44ec24db67e10a4ee18f5c7f3756c83d94-744x1039.png?accountingTag=RB
unl-107-219,UNL-107/219,107,Stare Down,UNL,Unleashed,uncommon,Uncommon,Spell,,Body,2,,,,Choose a friendly unit and a battlefield. Move all enemy units at that battlefield with less Might than the chosen unit to their base. Gain 1 XP.,Riftbound Spell: Stare Down. Choose a friendly unit and a battlefield. Move all enemy units at that battlefield with less Might than the chosen unit to their base. Gain 1 XP.,Polar Engine Studio,portrait,https://cmsassets.rgpub.io/sanity/images/dsfx7636/game_data_live/58d0353a966bb0ca292855a0a55de5769e28d155-744x1039.png?accountingTag=RB
unl-108-219,UNL-108/219,108,Wily Newtfish,UNL,Unleashed,uncommon,Uncommon,Unit,,Body,4,4,,Bilgewater,"If you've gained XP this turn, I have +1 :rb_might: and [Ganking]. (I can move from battlefield to battlefield.)","Riftbound Unit: Wily Newtfish. If you've gained XP this turn, I have +1 [S] and [Ganking]. (I can move from battlefield to battlefield.)",Kudos Productions,portrait,https://cmsassets.rgpub.io/sanity/images/dsfx7636/game_data_live/4a0b0ebe9f47dadeb3b5f0520ec566a528df9c94-744x1039.png?accountingTag=RB
unl-109-219,UNL-109/219,109,Blood Rose,UNL,Unleashed,rare,Rare,Gear,,Body,1,,,,"When you play a unit, you may pay :rb_energy_1: to gain 1 XP.
Spend 3 XP, :rb_exhaust:: Ready a unit.","Riftbound Gear: Blood Rose. When you play a unit, you may pay [1] to gain 1 XP.
Spend 3 XP, [T]: Ready a unit.",黯荧岛Dark Glow,portrait,https://cmsassets.rgpub.io/sanity/images/dsfx7636/game_data_live/64067ebdbe3140e9a458da7ecf7253a5fae9a31b-744x1039.png?accountingTag=RB
unl-110-219,UNL-110/219,110,Clash of Giants,UNL,Unleashed,rare,Rare,Spell,,Body,6,,2,,Choose two units. They deal damage equal to their Mights to each other.,Riftbound Spell: Clash of Giants. Choose two units. They deal damage equal to their Mights to each other.,Polar Engine Studio,portrait,https://cmsassets.rgpub.io/sanity/images/dsfx7636/game_data_live/afe7cbde874003db673925275a13614d5f35266b-744x1039.png?accountingTag=RB
unl-111-219,UNL-111/219,111,Determined Sentry,UNL,Unleashed,rare,Rare,Unit,,Body,1,1,,"Yordle, Bandle City",I can't move to base.,Riftbound Unit: Determined Sentry. I can't move to base.,Kudos Productions,portrait,https://cmsassets.rgpub.io/sanity/images/dsfx7636/game_data_live/b491c050b8505c52000c5ad7bb5a0b7855fa4ad1-744x1039.png?accountingTag=RB
unl-112-219,UNL-112/219,112,Irresistible Faefolk,UNL,Unleashed,rare,Rare,Unit,,Body,2,1,,"Fae, Ionia","When I move to a battlefield, you may move an enemy unit to that battlefield.","Riftbound Unit: Irresistible Faefolk. When I move to a battlefield, you may move an enemy unit to that battlefield.",Six More Vodka,portrait,https://cmsassets.rgpub.io/sanity/images/dsfx7636/game_data_live/6834e4b00a22dd6d7476d36884b43cf59b60c611-744x1039.png?accountingTag=RB
unl-113-219,UNL-113/219,113,"Master Yi, Tempered",UNL,Unleashed,rare,Rare,Unit,Champion,Body,4,4,,"Master Yi, Ionia","[Hunt 2] (When I conquer or hold, gain 2 XP.)
[Level 6][>] I have [Deflect] and [Ganking]. (While you have 6+ XP, opponents must pay :rb_rune_rainbow: to choose me with a spell or ability and I can move from battlefield to battlefield.)","Riftbound Unit: Master Yi, Tempered. [Hunt 2] (When I conquer or hold, gain 2 XP.)
[Level 6][>] I have [Deflect] and [Ganking]. (While you have 6+ XP, opponents must pay [A] to choose me with a spell or ability and I can move from battlefield to battlefield.)",HXY,portrait,https://cmsassets.rgpub.io/sanity/images/dsfx7636/game_data_live/a21feb3555825392fdb98f868840db3827ad0389-744x1039.png?accountingTag=RB
unl-113a-219,UNL-113a/219,113,"Master Yi, Tempered",UNL,Unleashed,rare,Rare,Unit,Champion,Body,4,4,,"Master Yi, Ionia","[Hunt 2]
[Level 6][>] I have [Deflect] and [Ganking].","Riftbound Unit: Master Yi, Tempered. [Hunt 2]
[Level 6][>] I have [Deflect] and [Ganking].",League Splash Team,portrait,https://cmsassets.rgpub.io/sanity/images/dsfx7636/game_data_live/1adb032501aac0070ea1bb0ca31c4efa11cd31a3-744x1039.png?accountingTag=RB
unl-114-219,UNL-114/219,114,"Nidalee, Cat Form",UNL,Unleashed,rare,Rare,Unit,Champion,Body,3,4,1,"Cat, Ixtal, Nidalee","[Ambush] (You may play me as a [Reaction] to a battlefield where you have units.)
When I win a combat, draw 1. (I win if I remain after combat.)","Riftbound Unit: Nidalee, Cat Form. [Ambush] (You may play me as a [Reaction] to a battlefield where you have units.)
When I win a combat, draw 1. (I win if I remain after combat.)",Envar Studio,portrait,https://cmsassets.rgpub.io/sanity/images/dsfx7636/game_data_live/0e51e39dfe4f922b2c8c9bff785d170350e9b803-744x1039.png?accountingTag=RB
unl-115-219,UNL-115/219,115,"Nilah, Joyful Ascetic",UNL,Unleashed,rare,Rare,Unit,Champion,Body,3,4,1,"Nilah, Kathkan, Demon","[Accelerate] (You may pay :rb_energy_1::rb_rune_body: as an additional cost to have me enter ready.)
[Ganking] (I can move from battlefield to battlefield.)
When I move, gain 1 XP.","Riftbound Unit: Nilah, Joyful Ascetic. [Accelerate] (You may pay [1][C] as an additional cost to have me enter ready.)
[Ganking] (I can move from battlefield to battlefield.)
When I move, gain 1 XP.",Envar Studio,portrait,https://cmsassets.rgpub.io/sanity/images/dsfx7636/game_data_live/6138c519310f917461e09d90fe3f2a9480914947-744x1039.png?accountingTag=RB
unl-116-219,UNL-116/219,116,"Poppy, Paragon",UNL,Unleashed,rare,Rare,Unit,Champion,Body,5,5,,"Yordle, Demacia, Poppy","[Deflect] (Opponents must pay :rb_rune_rainbow: to choose me with a spell or ability.)
When you play me, if an opponent's score is within 3 points of the Victory Score, ready me and gain 3 XP.","Riftbound Unit: Poppy, Paragon. [Deflect] (Opponents must pay [A] to choose me with a spell or ability.)
When you play me, if an opponent's score is within 3 points of the Victory Score, ready me and gain 3 XP.",League Splash Team,portrait,https://cmsassets.rgpub.io/sanity/images/dsfx7636/game_data_live/ef8a8434e1a4c4262dd97213741a4b126cb1449b-744x1039.png?accountingTag=RB
unl-116a-219,UNL-116a/219,116,"Poppy, Paragon",UNL,Unleashed,rare,Rare,Unit,Champion,Body,5,5,,"Yordle, Demacia, Poppy","[Deflect]
When you play me, if an opponent's score is within 3 points of the Victory Score, ready me and gain 3 XP.","Riftbound Unit: Poppy, Paragon. [Deflect]
When you play me, if an opponent's score is within 3 points of the Victory Score, ready me and gain 3 XP.",League Splash Team,portrait,https://cmsassets.rgpub.io/sanity/images/dsfx7636/game_data_live/c0efda4bdfea473f7b9f3fb4ba482990795283a4-744x1039.png?accountingTag=RB
unl-117-219,UNL-117/219,117,Arachnoid Horror,UNL,Unleashed,epic,Epic,Unit,,Body,6,6,1,"Shadow Isles, Spider","[Hunt 2] (When I conquer or hold, gain 2 XP.)
I can be played to an occupied battlefield if an enemy unit is alone there.
Friendly units can be played to an occupied battlefield if an enemy unit is alone there.","Riftbound Unit: Arachnoid Horror. [Hunt 2] (When I conquer or hold, gain 2 XP.)
I can be played to an occupied battlefield if an enemy unit is alone there.
Friendly units can be played to an occupied battlefield if an enemy unit is alone there.",Six More Vodka,portrait,https://cmsassets.rgpub.io/sanity/images/dsfx7636/game_data_live/ae2ec829a6714ac75e8b203631af08c0c1e1565f-744x1039.png?accountingTag=RB
unl-118-219,UNL-118/219,118,Elder Dragon,UNL,Unleashed,epic,Epic,Unit,,Body,12,10,4,"Dragon, Demacia","Any amount of your damage is enough to kill enemy units.
When you play me, choose up to one enemy unit at each location. Deal 1 to them.","Riftbound Unit: Elder Dragon. Any amount of your damage is enough to kill enemy units.
When you play me, choose up to one enemy unit at each location. Deal 1 to them.",Sugar Free,portrait,https://cmsassets.rgpub.io/sanity/images/dsfx7636/game_data_live/fcf578e447d4e2785c8b25f3c39928b98e7b44ca-744x1039.png?accountingTag=RB
unl-118a-219,UNL-118a/219,118,Elder Dragon,UNL,Unleashed,epic,Epic,Unit,,Body,12,10,4,Dragon,"Any amount of your damage is enough to kill enemy units.
When you play me, choose up to one enemy unit at each location. Deal 1 to them.","Riftbound Unit: Elder Dragon. Any amount of your damage is enough to kill enemy units.
When you play me, choose up to one enemy unit at each location. Deal 1 to them.",TUTU,portrait,https://cmsassets.rgpub.io/sanity/images/dsfx7636/game_data_live/42d3ce7a0917d57fd9e5809f4d8b66ef40f52d1a-744x1039.png?accountingTag=RB
unl-119-219,UNL-119/219,119,"Kha'Zix, Evolving Hunter",UNL,Unleashed,epic,Epic,Unit,Champion,Body,5,5,1,"Kha'Zix, The Void","[Hunt] (When I conquer or hold, gain 1 XP.)
When I attack, you may spend 3 XP to deal damage equal to my Might to an enemy unit here.","Riftbound Unit: Kha'Zix, Evolving Hunter. [Hunt] (When I conquer or hold, gain 1 XP.)
When I attack, you may spend 3 XP to deal damage equal to my Might to an enemy unit here.",League Splash Team,portrait,https://cmsassets.rgpub.io/sanity/images/dsfx7636/game_data_live/ac07031af5b35881d781b7a7d7b78c59a0fb2cd4-744x1039.png?accountingTag=RB
unl-119a-219,UNL-119a/219,119,"Kha'Zix, Evolving Hunter",UNL,Unleashed,epic,Epic,Unit,Champion,Body,5,5,1,"Kha'Zix, The Void","[Hunt]
When I attack, you may spend 3 XP to deal damage equal to my Might to an enemy unit here.","Riftbound Unit: Kha'Zix, Evolving Hunter. [Hunt]
When I attack, you may spend 3 XP to deal damage equal to my Might to an enemy unit here.",League Splash Team,portrait,https://cmsassets.rgpub.io/sanity/images/dsfx7636/game_data_live/6998b6c309c93d549284638ff0a3e20c75691978-744x1039.png?accountingTag=RB
unl-120a-219,UNL-120a/219,120,"Rengar, Trophy Hunter",UNL,Unleashed,epic,Epic,Unit,Champion,Body,5,6,1,"Cat, Rengar, Ixtal","[Ambush]
I can be played to a battlefield where there are enemy units.","Riftbound Unit: Rengar, Trophy Hunter. [Ambush]
I can be played to a battlefield where there are enemy units.",League Splash Team,portrait,https://cmsassets.rgpub.io/sanity/images/dsfx7636/game_data_live/7e6d106e0170e7f45341c1755f829f286d782bb7-744x1039.png?accountingTag=RB
unl-120-219,UNL-120/219,120,"Rengar, Trophy Hunter",UNL,Unleashed,epic,Epic,Unit,Champion,Body,5,6,1,"Cat, Rengar, Ixtal","[Ambush] (You may play me as a [Reaction] to a battlefield where you have units.)
I can be played to a battlefield where there are enemy units (even if you don't have units there).","Riftbound Unit: Rengar, Trophy Hunter. [Ambush] (You may play me as a [Reaction] to a battlefield where you have units.)
I can be played to a battlefield where there are enemy units (even if you don't have units there).",TSWCK逍,portrait,https://cmsassets.rgpub.io/sanity/images/dsfx7636/game_data_live/8e159fd8aa9bb349e32bda6a10b0178cc28ca8dd-744x1039.png?accountingTag=RB
unl-121-219,UNL-121/219,121,Bewitching Spirit,UNL,Unleashed,common,Common,Unit,,Chaos,3,2,,"Spirit, Shadow Isles","When you play me, choose a player. They discard 1.","Riftbound Unit: Bewitching Spirit. When you play me, choose a player. They discard 1.",Wild Blue Studios,portrait,https://cmsassets.rgpub.io/sanity/images/dsfx7636/game_data_live/a771917dea98b137c3f4a13e4967dccf9ee445e5-744x1039.png?accountingTag=RB
unl-122-219,UNL-122/219,122,Crescent Guardian,UNL,Unleashed,common,Common,Unit,,Chaos,4,4,,Mount Targon,"If you've played a spell this turn, you may pay :rb_rune_chaos: as an additional cost to play me. If you do, I enter ready.","Riftbound Unit: Crescent Guardian. If you've played a spell this turn, you may pay [C] as an additional cost to play me. If you do, I enter ready.",Aron Elekes,portrait,https://cmsassets.rgpub.io/sanity/images/dsfx7636/game_data_live/0ff22e9a517d029fd17cfbbbc93ca2f90c2c676c-744x1039.png?accountingTag=RB
unl-123-219,UNL-123/219,123,Evershade Stalker,UNL,Unleashed,common,Common,Unit,,Chaos,3,3,,Shadow Isles,"When you play me, discard 1, then draw 1.","Riftbound Unit: Evershade Stalker. When you play me, discard 1, then draw 1.",Six More Vodka,portrait,https://cmsassets.rgpub.io/sanity/images/dsfx7636/game_data_live/d8fb687ecdb22d7497ac55a1be0db0ba33596b43-744x1039.png?accountingTag=RB
unl-124-219,UNL-124/219,124,Isolate,UNL,Unleashed,common,Common,Spell,,Chaos,2,,,,"Move an enemy unit from a battlefield to its base. Then, if there's an enemy unit alone at that battlefield, draw 1.","Riftbound Spell: Isolate. Move an enemy unit from a battlefield to its base. Then, if there's an enemy unit alone at that battlefield, draw 1.",Kudos Productions,portrait,https://cmsassets.rgpub.io/sanity/images/dsfx7636/game_data_live/bde23f07e4869fa96b14fcab329e782894b1e1e3-744x1039.png?accountingTag=RB
unl-125-219,UNL-125/219,125,Lunar Boon,UNL,Unleashed,common,Common,Spell,,Chaos,3,,,,"[Reaction] (Play any time, even before spells and abilities resolve.)
Discard 1, then draw 2.","Riftbound Spell: Lunar Boon. [Reaction] (Play any time, even before spells and abilities resolve.)
Discard 1, then draw 2.",Kudos Productions,portrait,https://cmsassets.rgpub.io/sanity/images/dsfx7636/game_data_live/7dc31cec93a355ba52b8cf2ca0b232a0edd57586-744x1039.png?accountingTag=RB
unl-126-219,UNL-126/219,126,Megatusk,UNL,Unleashed,common,Common,Unit,,Chaos,6,6,,Bilgewater,Spend 3 XP: Give your units here [Ganking] this turn. (We can move from battlefield to battlefield.),Riftbound Unit: Megatusk. Spend 3 XP: Give your units here [Ganking] this turn. (We can move from battlefield to battlefield.),Kudos Productions,portrait,https://cmsassets.rgpub.io/sanity/images/dsfx7636/game_data_live/d073247bc2437443d8a9901f089632a15d11e7a0-744x1039.png?accountingTag=RB
unl-127-219,UNL-127/219,127,Mister Root,UNL,Unleashed,common,Common,Unit,,Chaos,2,1,,"Fae, Ionia","[Accelerate] (You may pay :rb_energy_1::rb_rune_chaos: as an additional cost to have me enter ready.)
When I move to a battlefield, gain 2 XP.","Riftbound Unit: Mister Root. [Accelerate] (You may pay [1][C] as an additional cost to have me enter ready.)
When I move to a battlefield, gain 2 XP.",Caravan Studio,portrait,https://cmsassets.rgpub.io/sanity/images/dsfx7636/game_data_live/c9bb7a8f5a1426a4af9843f2473ee6cc37dd24bd-744x1039.png?accountingTag=RB
unl-128-219,UNL-128/219,128,Star-Crossed,UNL,Unleashed,common,Common,Spell,,Chaos,3,,1,,"[Reaction] (Play any time, even before spells and abilities resolve.)
Return a friendly unit and an enemy unit to their owners' hands.","Riftbound Spell: Star-Crossed. [Reaction] (Play any time, even before spells and abilities resolve.)
Return a friendly unit and an enemy unit to their owners' hands.",Kudos Productions,portrait,https://cmsassets.rgpub.io/sanity/images/dsfx7636/game_data_live/0bfa45e6e86dfc256de0163f96273b761e9592fb-744x1039.png?accountingTag=RB
unl-129-219,UNL-129/219,129,Vicious Snapjaws,UNL,Unleashed,common,Common,Unit,,Chaos,5,5,,Bilgewater,"When another friendly unit dies, gain 1 XP.","Riftbound Unit: Vicious Snapjaws. When another friendly unit dies, gain 1 XP.",JiHun Lee,portrait,https://cmsassets.rgpub.io/sanity/images/dsfx7636/game_data_live/99845de971eb165c7a6bb424050cd9a29b45b548-744x1039.png?accountingTag=RB
unl-130-219,UNL-130/219,130,Walking Roost,UNL,Unleashed,common,Common,Unit,,Chaos,5,6,,Shadow Isles,"[Deflect] (Opponents must pay :rb_rune_rainbow: to choose me with a spell or ability.)
When you play me, choose an opponent. They play a 1 :rb_might: Bird unit token with [Deflect].","Riftbound Unit: Walking Roost. [Deflect] (Opponents must pay [A] to choose me with a spell or ability.)
When you play me, choose an opponent. They play a 1 [S] Bird unit token with [Deflect].",Xavier Leroux,portrait,https://cmsassets.rgpub.io/sanity/images/dsfx7636/game_data_live/d9b344b4b29b2baab0a1dc2e16a6e946192edaf5-744x1039.png?accountingTag=RB
unl-131-219,UNL-131/219,131,Abandon,UNL,Unleashed,uncommon,Uncommon,Spell,,Chaos,2,,,,"[Reaction] (Play any time, even before spells and abilities resolve.)
Counter a spell. Return it to its owner's hand instead of putting it in their trash.
[Predict]. (Look at the top card of your Main Deck. You may recycle it.)","Riftbound Spell: Abandon. [Reaction] (Play any time, even before spells and abilities resolve.)
Counter a spell. Return it to its owner's hand instead of putting it in their trash.
[Predict]. (Look at the top card of your Main Deck. You may recycle it.)",Kudos Productions,portrait,https://cmsassets.rgpub.io/sanity/images/dsfx7636/game_data_live/89929cfa4417c99576477793529c6808af145919-744x1039.png?accountingTag=RB
unl-132-219,UNL-132/219,132,Angler Beast,UNL,Unleashed,uncommon,Uncommon,Unit,,Chaos,5,5,1,Bilgewater,"When you play me, return all units with 2 :rb_might: or less to their owners' hands.","Riftbound Unit: Angler Beast. When you play me, return all units with 2 [S] or less to their owners' hands.",Kudos Productions,portrait,https://cmsassets.rgpub.io/sanity/images/dsfx7636/game_data_live/68872e2119146768f8fa113376876fa64699297d-744x1039.png?accountingTag=RB
unl-133-219,UNL-133/219,133,Blast Cone,UNL,Unleashed,uncommon,Uncommon,Gear,,Chaos,4,,1,,"When you play this, you may move an enemy unit.
When you move an enemy unit, you may exhaust this to [Stun] it. (It doesn't deal combat damage this turn.)","Riftbound Gear: Blast Cone. When you play this, you may move an enemy unit.
When you move an enemy unit, you may exhaust this to [Stun] it. (It doesn't deal combat damage this turn.)",黯荧岛Dark Glow,portrait,https://cmsassets.rgpub.io/sanity/images/dsfx7636/game_data_live/093799f1ad34084f05011f3b326d4d32d96849e5-744x1039.png?accountingTag=RB
unl-134-219,UNL-134/219,134,Existential Dread,UNL,Unleashed,uncommon,Uncommon,Spell,,Chaos,1,,1,,"[Action] (Play on your turn or in showdowns.)
[Repeat] :rb_energy_2: (You may pay the additional cost to repeat this spell's effect.)
[Stun] an attacking enemy unit. If it's already stunned, return it to its owner's hand instead. (A stunned unit doesn't deal combat damage this turn.)","Riftbound Spell: Existential Dread. [Action] (Play on your turn or in showdowns.)
[Repeat] [2] (You may pay the additional cost to repeat this spell's effect.)
[Stun] an attacking enemy unit. If it's already stunned, return it to its owner's hand instead. (A stunned unit doesn't deal combat damage this turn.)",Caravan Studio,portrait,https://cmsassets.rgpub.io/sanity/images/dsfx7636/game_data_live/0a197ec3bf96e10307859e2a152c1742288b2b09-744x1039.png?accountingTag=RB
unl-135-219,UNL-135/219,135,Insightful Investigator,UNL,Unleashed,uncommon,Uncommon,Unit,,Chaos,3,3,,Piltover,"When you play me, choose an opponent. They reveal their hand. You may pay 2 XP to choose a card from their hand. If you do, they discard that card and draw 1.","Riftbound Unit: Insightful Investigator. When you play me, choose an opponent. They reveal their hand. You may pay 2 XP to choose a card from their hand. If you do, they discard that card and draw 1.",Six More Vodka,portrait,https://cmsassets.rgpub.io/sanity/images/dsfx7636/game_data_live/3540a748211afd35b9ef4873dae0850c238fa964-744x1039.png?accountingTag=RB
unl-136-219,UNL-136/219,136,Scryer's Bloom,UNL,Unleashed,uncommon,Uncommon,Gear,,Chaos,1,,,,"This enters exhausted.
Kill this, :rb_energy_1:, :rb_exhaust:: [Predict 2], then draw 1. Gain 1 XP.  (To Predict 2, look at the top two cards of your Main Deck. Recycle any of them and put the rest back in any order.)","Riftbound Gear: Scryer's Bloom. This enters exhausted.
Kill this, [1], [T]: [Predict 2], then draw 1. Gain 1 XP.  (To Predict 2, look at the top two cards of your Main Deck. Recycle any of them and put the rest back in any order.)",黯荧岛Dark Glow,portrait,https://cmsassets.rgpub.io/sanity/images/dsfx7636/game_data_live/b10a544d24d3ae3e177d4791743bb2cfb742abcc-744x1039.png?accountingTag=RB
unl-137-219,UNL-137/219,137,Sinister Poro,UNL,Unleashed,uncommon,Uncommon,Unit,,Chaos,2,1,1,"Poro, Shadow Isles","When I attack, you may pay :rb_energy_1: to move an enemy unit here to its base.","Riftbound Unit: Sinister Poro. When I attack, you may pay [1] to move an enemy unit here to its base.",Six More Vodka,portrait,https://cmsassets.rgpub.io/sanity/images/dsfx7636/game_data_live/7f2a623a83556bafebfbe7cb280bdedcfe116531-744x1039.png?accountingTag=RB
unl-138-219,UNL-138/219,138,The List,UNL,Unleashed,uncommon,Uncommon,Gear,,Chaos,1,,,,"As you play this, name a tag. (For example, Miss Fortune, Demacia, and Poro are tags.)
:rb_exhaust:: Give a unit with the named tag -2 :rb_might: this turn.","Riftbound Gear: The List. As you play this, name a tag. (For example, Miss Fortune, Demacia, and Poro are tags.)
[T]: Give a unit with the named tag -2 [S] this turn.",Kudos Productions,portrait,https://cmsassets.rgpub.io/sanity/images/dsfx7636/game_data_live/f35b49faeb444071445662c9af13710c00a4569c-744x1039.png?accountingTag=RB
unl-139-219,UNL-139/219,139,Bone Skewer,UNL,Unleashed,rare,Rare,Spell,,Chaos,2,,1,,"[Hidden] (Hide now for :rb_rune_rainbow: to react with later for :rb_energy_0:.)
Choose a battlefield. An opponent reveals their hand. You may choose a unit from it. They play that unit to that battlefield, ignoring any and all costs. When they do, [Stun] it. (It doesn't deal combat damage this turn.)","Riftbound Spell: Bone Skewer. [Hidden] (Hide now for [A] to react with later for [0].)
Choose a battlefield. An opponent reveals their hand. You may choose a unit from it. They play that unit to that battlefield, ignoring any and all costs. When they do, [Stun] it. (It doesn't deal combat damage this turn.)",Kudos Productions,portrait,https://cmsassets.rgpub.io/sanity/images/dsfx7636/game_data_live/e06e3e3033640bc8a5bc98acd4e3a0925c6e2c9a-744x1039.png?accountingTag=RB
unl-140-219,UNL-140/219,140,Conscription,UNL,Unleashed,rare,Rare,Spell,,Chaos,5,,2,,"You may spend 5 XP as an additional cost to play this.
Choose an enemy unit at a battlefield with 3 :rb_might: or less. If you paid the additional cost, choose any enemy unit at a battlefield instead. Take control of it, exhaust it, and recall it.","Riftbound Spell: Conscription. You may spend 5 XP as an additional cost to play this.
Choose an enemy unit at a battlefield with 3 [S] or less. If you paid the additional cost, choose any enemy unit at a battlefield instead. Take control of it, exhaust it, and recall it.",Kudos Productions,portrait,https://cmsassets.rgpub.io/sanity/images/dsfx7636/game_data_live/1c05bff48666586a2b3552b5638deaf20d9006f7-744x1039.png?accountingTag=RB
unl-141-219,UNL-141/219,141,"Evelynn, Entrancing",UNL,Unleashed,rare,Rare,Unit,Champion,Chaos,2,2,,"Evelynn, Demon","[Hidden] (Hide now for :rb_rune_rainbow: to react with later for :rb_energy_0:.)
[Backline] (I must be assigned combat damage last.)
When you play me from face down on your turn, you may move an enemy unit at a different location to my battlefield.","Riftbound Unit: Evelynn, Entrancing. [Hidden] (Hide now for [A] to react with later for [0].)
[Backline] (I must be assigned combat damage last.)
When you play me from face down on your turn, you may move an enemy unit at a different location to my battlefield.",Kudos Productions,portrait,https://cmsassets.rgpub.io/sanity/images/dsfx7636/game_data_live/1cea41a2b9c3de59a1c95ceacc59950be1d01907-744x1039.png?accountingTag=RB
unl-142-219,UNL-142/219,142,Heedless Resurrection,UNL,Unleashed,rare,Rare,Spell,,Chaos,2,,1,,"[Reaction] (Play any time, even before spells and abilities resolve.)
As an additional cost to play this, kill a friendly unit.
Play a unit from your trash that costs no more Energy and no more Power than the killed unit, ignoring its cost.","Riftbound Spell: Heedless Resurrection. [Reaction] (Play any time, even before spells and abilities resolve.)
As an additional cost to play this, kill a friendly unit.
Play a unit from your trash that costs no more Energy and no more Power than the killed unit, ignoring its cost.",Kudos Productions,portrait,https://cmsassets.rgpub.io/sanity/images/dsfx7636/game_data_live/92419d138824a7d46155b59f0e5903196d68d9f7-744x1039.png?accountingTag=RB
unl-143-219,UNL-143/219,143,"Kha'Zix, Mutating Horror",UNL,Unleashed,rare,Rare,Unit,Champion,Chaos,4,4,1,"Kha'Zix, The Void","[Ambush] (You may play me as a [Reaction] to a battlefield where you have units.)
When I attack or defend, if an enemy unit is alone here, give me +2 :rb_might: this turn and gain 2 XP.","Riftbound Unit: Kha'Zix, Mutating Horror. [Ambush] (You may play me as a [Reaction] to a battlefield where you have units.)
When I attack or defend, if an enemy unit is alone here, give me +2 [S] this turn and gain 2 XP.",蛋费鸡丁,portrait,https://cmsassets.rgpub.io/sanity/images/dsfx7636/game_data_live/8306abc5ffce45add8c75c2e215162b2d1aed320-744x1039.png?accountingTag=RB
unl-143a-219,UNL-143a/219,143,"Kha'Zix, Mutating Horror",UNL,Unleashed,rare,Rare,Unit,Champion,Chaos,4,4,1,"Kha'Zix, The Void","[Ambush]
When I attack or defend, if an enemy unit is alone here, give me +2 :rb_might: this turn and gain 2 XP.","Riftbound Unit: Kha'Zix, Mutating Horror. [Ambush]
When I attack or defend, if an enemy unit is alone here, give me +2 [S] this turn and gain 2 XP.",League Splash Team,portrait,https://cmsassets.rgpub.io/sanity/images/dsfx7636/game_data_live/b1e7f8762aba8ecf571eb0c83bba8874703dc8be-744x1039.png?accountingTag=RB
unl-144-219,UNL-144/219,144,Maduli the Gatekeeper,UNL,Unleashed,rare,Rare,Unit,,Chaos,7,6,1,Bandle City,"I can't be readied.
:rb_rune_chaos:: Move me to an occupied enemy battlefield if my Might is greater than the total Might of enemy units there.","Riftbound Unit: Maduli the Gatekeeper. I can't be readied.
[C]: Move me to an occupied enemy battlefield if my Might is greater than the total Might of enemy units there.",Caravan Studio,portrait,https://cmsassets.rgpub.io/sanity/images/dsfx7636/game_data_live/20f1b46435845de99987e37125e0ef7bd61c00bb-744x1039.png?accountingTag=RB
unl-145a-219,UNL-145a/219,145,"Pyke, Returned",UNL,Unleashed,rare,Rare,Unit,Champion,Chaos,3,3,,"Pyke, Bilgewater","[Hidden]
[Backline]
Once each turn, when an enemy unit dies while I'm at a battlefield, play a Gold gear token exhausted.","Riftbound Unit: Pyke, Returned. [Hidden]
[Backline]
Once each turn, when an enemy unit dies while I'm at a battlefield, play a Gold gear token exhausted.",Six More Vodka,portrait,https://cmsassets.rgpub.io/sanity/images/dsfx7636/game_data_live/14a9712798a0b13bfa29ed841f171a21e7fdf035-744x1039.png?accountingTag=RB
unl-145-219,UNL-145/219,145,"Pyke, Returned",UNL,Unleashed,rare,Rare,Unit,Champion,Chaos,3,3,,"Pyke, Bilgewater","[Hidden] (Hide now for :rb_rune_rainbow: to react with later for :rb_energy_0:.)
[Backline] (I must be assigned combat damage last.)
Once each turn, when an enemy unit dies while I'm at a battlefield, play a Gold gear token exhausted. (It has ""[Reaction][>] Kill this, :rb_exhaust:: [Add] :rb_rune_rainbow:."")","Riftbound Unit: Pyke, Returned. [Hidden] (Hide now for [A] to react with later for [0].)
[Backline] (I must be assigned combat damage last.)
Once each turn, when an enemy unit dies while I'm at a battlefield, play a Gold gear token exhausted. (It has ""[Reaction][>] Kill this, [T]: [Add] [A]."")",Six More Vodka,portrait,https://cmsassets.rgpub.io/sanity/images/dsfx7636/game_data_live/2eaa5396b1cac9b245bde5a56b87314f8ae76a38-744x1039.png?accountingTag=RB
unl-146-219,UNL-146/219,146,"Syndra, Transcendent",UNL,Unleashed,rare,Rare,Unit,Champion,Chaos,6,6,1,"Ionia, Syndra","While I'm in a showdown, your spells have [Repeat] :rb_energy_2::rb_rune_chaos:. (You may pay the additional cost to repeat the spell's effect.)","Riftbound Unit: Syndra, Transcendent. While I'm in a showdown, your spells have [Repeat] [2][C]. (You may pay the additional cost to repeat the spell's effect.)",Naifan Zhang,portrait,https://cmsassets.rgpub.io/sanity/images/dsfx7636/game_data_live/a3695d011175801aaf6ec5a6557b65b8d6341e81-744x1039.png?accountingTag=RB
unl-147a-219,UNL-147a/219,147,Baron Nashor,UNL,Unleashed,epic,Epic,Unit,,Chaos,10,12,3,The Void,"As you play me, add the Baron Pit battlefield token to the board if it's not there already. If you do, I enter there.
I can't be chosen by enemy spells and abilities.
Other friendly units have +2 :rb_might:.","Riftbound Unit: Baron Nashor. As you play me, add the Baron Pit battlefield token to the board if it's not there already. If you do, I enter there.
I can't be chosen by enemy spells and abilities.
Other friendly units have +2 [S].",黯荧岛Dark Glow,portrait,https://cmsassets.rgpub.io/sanity/images/dsfx7636/game_data_live/97d0f7aa81f67bf8f4a19099c648a23a2df169ae-744x1039.png?accountingTag=RB
unl-147-219,UNL-147/219,147,Baron Nashor,UNL,Unleashed,epic,Epic,Unit,,Chaos,10,12,3,The Void,"As you play me, add the Baron Pit battlefield token to the board if it's not there already. If you do, I enter there. (It has ""Units can move here from anywhere."")
I can't be chosen by enemy spells and abilities.
Other friendly units have +2 :rb_might:.","Riftbound Unit: Baron Nashor. As you play me, add the Baron Pit battlefield token to the board if it's not there already. If you do, I enter there. (It has ""Units can move here from anywhere."")
I can't be chosen by enemy spells and abilities.
Other friendly units have +2 [S].",黯荧岛Dark Glow,portrait,https://cmsassets.rgpub.io/sanity/images/dsfx7636/game_data_live/59946969e8d21869c3ffe801a3ffbdd8165a873f-744x1039.png?accountingTag=RB
unl-148-219,UNL-148/219,148,Cursed Sarcophagus,UNL,Unleashed,epic,Epic,Gear,,Chaos,4,,1,,"When you play this, banish all units from your trash.
:rb_exhaust:: Play a unit banished with this. (You must pay its costs.)","Riftbound Gear: Cursed Sarcophagus. When you play this, banish all units from your trash.
[T]: Play a unit banished with this. (You must pay its costs.)",Polar Engine Studio/华锐,portrait,https://cmsassets.rgpub.io/sanity/images/dsfx7636/game_data_live/ae3823d4109d9bbae8c7983ec1c1082ba5b4f190-744x1039.png?accountingTag=RB
unl-149-219,UNL-149/219,149,"Diana, No Longer Human",UNL,Unleashed,epic,Epic,Unit,Champion,Chaos,4,3,1,"Diana, Mount Targon","[Ambush] (You may play me as a [Reaction] to a battlefield where you have units.)
When you play a spell, give me +2 :rb_might: this turn.","Riftbound Unit: Diana, No Longer Human. [Ambush] (You may play me as a [Reaction] to a battlefield where you have units.)
When you play a spell, give me +2 [S] this turn.",Six More Vodka,portrait,https://cmsassets.rgpub.io/sanity/images/dsfx7636/game_data_live/37b015a64b6bc15e856c2d78e275b10e64db1de4-744x1039.png?accountingTag=RB
unl-149a-219,UNL-149a/219,149,"Diana, No Longer Human",UNL,Unleashed,epic,Epic,Unit,Champion,Chaos,4,3,1,"Diana, Mount Targon","[Ambush]
When you play a spell, give me +2 :rb_might: this turn.","Riftbound Unit: Diana, No Longer Human. [Ambush]
When you play a spell, give me +2 [S] this turn.",League Splash Team,portrait,https://cmsassets.rgpub.io/sanity/images/dsfx7636/game_data_live/d9082f75895c8645e05c0a38edc1b1c83c508d84-744x1039.png?accountingTag=RB
unl-150-219,UNL-150/219,150,"Vex, Apathetic",UNL,Unleashed,epic,Epic,Unit,Champion,Chaos,4,4,,"Yordle, Vex, Shadow Isles","[Deflect] (Opponents must pay :rb_rune_rainbow: to choose me with a spell or ability.)
When an opponent plays a unit while I'm at a battlefield, [Stun] it. They can't move it this turn. (It doesn't deal combat damage this turn.)","Riftbound Unit: Vex, Apathetic. [Deflect] (Opponents must pay [A] to choose me with a spell or ability.)
When an opponent plays a unit while I'm at a battlefield, [Stun] it. They can't move it this turn. (It doesn't deal combat damage this turn.)",League Splash Team,portrait,https://cmsassets.rgpub.io/sanity/images/dsfx7636/game_data_live/7f13b0216c5d805400bb64cf26cd119acfc6c5ca-744x1039.png?accountingTag=RB
unl-150a-219,UNL-150a/219,150,"Vex, Apathetic",UNL,Unleashed,epic,Epic,Unit,Champion,Chaos,4,4,,"Yordle, Vex, Shadow Isles","[Deflect]
When an opponent plays a unit while I'm at a battlefield, [Stun] it. They can't move it this turn.","Riftbound Unit: Vex, Apathetic. [Deflect]
When an opponent plays a unit while I'm at a battlefield, [Stun] it. They can't move it this turn.",League Splash Team,portrait,https://cmsassets.rgpub.io/sanity/images/dsfx7636/game_data_live/9dd2a50fcfe6258ef934bdcf73b2fdb19d18ea94-744x1039.png?accountingTag=RB
unl-151-219,UNL-151/219,151,Bandle Soldier,UNL,Unleashed,common,Common,Unit,,Order,4,5,1,"Yordle, Bandle City","[Level 3][>] I enter ready. (While you have 3+ XP, get the effect.)","Riftbound Unit: Bandle Soldier. [Level 3][>] I enter ready. (While you have 3+ XP, get the effect.)",Caravan Studio,portrait,https://cmsassets.rgpub.io/sanity/images/dsfx7636/game_data_live/e43b54f22e0a038ee1f94ba2e99f80dd89999d8e-744x1039.png?accountingTag=RB
unl-152-219,UNL-152/219,152,Black Rose Dignitary,UNL,Unleashed,common,Common,Unit,,Order,3,2,,Noxus,"[Assault] (+1 :rb_might: while I'm an attacker.)
[Deathknell][>] Channel 1 rune exhausted. (When I die, get the effect.)","Riftbound Unit: Black Rose Dignitary. [Assault] (+1 [S] while I'm an attacker.)
[Deathknell][>] Channel 1 rune exhausted. (When I die, get the effect.)",Grafit Studio,portrait,https://cmsassets.rgpub.io/sanity/images/dsfx7636/game_data_live/b63912e07914c3ef7e2bcdb95d5521fc26c880f2-744x1039.png?accountingTag=RB
unl-153-219,UNL-153/219,153,Carrion Dredger,UNL,Unleashed,common,Common,Unit,,Order,2,1,,"Mech, Zaun","[Deathknell][>] Play a 1 :rb_might: Bird unit token with [Deflect] to your base. (When I die, get the effect. Opponents must pay :rb_rune_rainbow: to choose a [Deflect] unit with a spell or ability.)","Riftbound Unit: Carrion Dredger. [Deathknell][>] Play a 1 [S] Bird unit token with [Deflect] to your base. (When I die, get the effect. Opponents must pay [A] to choose a [Deflect] unit with a spell or ability.)",Six More Vodka,portrait,https://cmsassets.rgpub.io/sanity/images/dsfx7636/game_data_live/84d8b6d7a9cab2b78a465a8e0caf597f3ef5a175-744x1039.png?accountingTag=RB
unl-154-219,UNL-154/219,154,Crimson Pigeons,UNL,Unleashed,common,Common,Unit,,Order,3,3,,"Bird, Noxus",I have +2 :rb_might: while I'm attacking with another unit.,Riftbound Unit: Crimson Pigeons. I have +2 [S] while I'm attacking with another unit.,Kudos Productions,portrait,https://cmsassets.rgpub.io/sanity/images/dsfx7636/game_data_live/68786cd39a886a586b401d6bf818a80bf9f9e2cd-744x1039.png?accountingTag=RB
unl-155-219,UNL-155/219,155,Heroic Charge,UNL,Unleashed,common,Common,Spell,,Order,3,,,,"[Action] (Play on your turn or in showdowns.)
Give a friendly unit +1 :rb_might: this turn and [Stun] an enemy unit at its location. (A stunned unit doesn't deal combat damage this turn.)","Riftbound Spell: Heroic Charge. [Action] (Play on your turn or in showdowns.)
Give a friendly unit +1 [S] this turn and [Stun] an enemy unit at its location. (A stunned unit doesn't deal combat damage this turn.)",Kudos Productions,portrait,https://cmsassets.rgpub.io/sanity/images/dsfx7636/game_data_live/944b89db8a7f7961a28e66ec4fb7d30bb863f324-744x1039.png?accountingTag=RB
unl-156-219,UNL-156/219,156,Loyal Poro,UNL,Unleashed,common,Common,Unit,,Order,3,3,,"Poro, Freljord","[Deathknell][>] If I didn't die alone, draw 1. (When I die, get the effect. I wasn't alone if there were other friendly units here.)","Riftbound Unit: Loyal Poro. [Deathknell][>] If I didn't die alone, draw 1. (When I die, get the effect. I wasn't alone if there were other friendly units here.)",Six More Vodka,portrait,https://cmsassets.rgpub.io/sanity/images/dsfx7636/game_data_live/860e1afc7364a002c6305ece7b6941e2e328d0a4-744x1039.png?accountingTag=RB
unl-157-219,UNL-157/219,157,Scrutinizing Sergeant,UNL,Unleashed,common,Common,Unit,,Order,6,6,,"Elite, Demacia","When you play me, gain 1 XP for each friendly unit.","Riftbound Unit: Scrutinizing Sergeant . When you play me, gain 1 XP for each friendly unit.",Kudos Productions,portrait,https://cmsassets.rgpub.io/sanity/images/dsfx7636/game_data_live/18a034ba1f4eaf7204312ca68ffb413012f6cf6b-744x1039.png?accountingTag=RB
unl-158-219,UNL-158/219,158,Shepherd's Heirloom,UNL,Unleashed,common,Common,Gear,,Order,2,,,Equipment,"When you play this, gain 1 XP.
[Equip] — Spend 1 XP (Pay the cost: Attach this to a unit you control.)","Riftbound Gear: Shepherd's Heirloom. When you play this, gain 1 XP.
[Equip] — Spend 1 XP (Pay the cost: Attach this to a unit you control.)",Kudos Productions,portrait,https://cmsassets.rgpub.io/sanity/images/dsfx7636/game_data_live/fadd95487f164f60c9ad08a457f11170c6afa420-744x1039.png?accountingTag=RB
unl-159-219,UNL-159/219,159,Soul Harvest,UNL,Unleashed,common,Common,Spell,,Order,2,,1,,Kill a unit at a battlefield with 3 :rb_might: or less.,Riftbound Spell: Soul Harvest. Kill a unit at a battlefield with 3 [S] or less.,Kudos Productions,portrait,https://cmsassets.rgpub.io/sanity/images/dsfx7636/game_data_live/baee7644d00219dfa4160d59e6f6e78e55f5e619-744x1039.png?accountingTag=RB
unl-160-219,UNL-160/219,160,Ultrasoft Poro,UNL,Unleashed,common,Common,Unit,,Order,5,5,,"Poro, Freljord",:rb_exhaust:: Play two :rb_energy_1: :rb_might: Bird unit tokens with [Deflect]. Use this ability only while I'm at a battlefield. (Opponents must pay :rb_rune_rainbow: to choose a [Deflect] unit with a spell or ability.),Riftbound Unit: Ultrasoft Poro. [T]: Play two [1] [S] Bird unit tokens with [Deflect]. Use this ability only while I'm at a battlefield. (Opponents must pay [A] to choose a [Deflect] unit with a spell or ability.),Caravan Studio,portrait,https://cmsassets.rgpub.io/sanity/images/dsfx7636/game_data_live/36900508e2ce61196450a4bf7e27722ae36521d9-744x1039.png?accountingTag=RB
unl-161-219,UNL-161/219,161,Divining Shells,UNL,Unleashed,uncommon,Uncommon,Gear,,Order,2,,,,"[Vision] (When you play this, look at the top card of your Main Deck. You may recycle it.)
[Action][>] Kill this, :rb_exhaust:: Give a unit +2 :rb_might: this turn.","Riftbound Gear: Divining Shells. [Vision] (When you play this, look at the top card of your Main Deck. You may recycle it.)
[Action][>] Kill this, [T]: Give a unit +2 [S] this turn.",Kudos Productions,portrait,https://cmsassets.rgpub.io/sanity/images/dsfx7636/game_data_live/f2b626602f5db047b96cf9112474d42bf5b483e7-744x1039.png?accountingTag=RB
unl-162-219,UNL-162/219,162,Enthralling Protector,UNL,Unleashed,uncommon,Uncommon,Unit,,Order,2,2,,"Fae, Ionia","[Hunt] (When I conquer or hold, gain 1 XP.)
Spend 2 XP: [Buff] me. (Give me a +1 :rb_might: buff if I don't have one.)","Riftbound Unit: Enthralling Protector. [Hunt] (When I conquer or hold, gain 1 XP.)
Spend 2 XP: [Buff] me. (Give me a +1 [S] buff if I don't have one.)",Dao Trong Le,portrait,https://cmsassets.rgpub.io/sanity/images/dsfx7636/game_data_live/3fdfe3bc7c7f81b99aa715bf54b52930ad41dcfa-744x1039.png?accountingTag=RB
unl-163-219,UNL-163/219,163,Mageseeker Investigator,UNL,Unleashed,uncommon,Uncommon,Unit,,Order,4,4,,Demacia,Opponents must pay :rb_rune_rainbow: for each unit beyond the first to move multiple units to my battlefield at the same time.,Riftbound Unit: Mageseeker Investigator. Opponents must pay [A] for each unit beyond the first to move multiple units to my battlefield at the same time.,Six More Vodka,portrait,https://cmsassets.rgpub.io/sanity/images/dsfx7636/game_data_live/004c77c98bc5a6f679191a0d289b26ac13e84728-744x1039.png?accountingTag=RB
unl-164-219,UNL-164/219,164,Safety Inspector,UNL,Unleashed,uncommon,Uncommon,Unit,,Order,5,3,1,"Yordle, Bandle City","You may spend 3 XP as an additional cost to play me.
When you play me, each player must kill one of their units. If you paid my additional cost, you don't kill a unit this way.","Riftbound Unit: Safety Inspector. You may spend 3 XP as an additional cost to play me.
When you play me, each player must kill one of their units. If you paid my additional cost, you don't kill a unit this way.",Kudos Productions,portrait,https://cmsassets.rgpub.io/sanity/images/dsfx7636/game_data_live/499e65eb2d35e2bd774ea7fe2a70672234f71e90-744x1039.png?accountingTag=RB
unl-165-219,UNL-165/219,165,Shadow's Call,UNL,Unleashed,uncommon,Uncommon,Spell,,Order,2,,,,"Choose a friendly unit without [Temporary]. Give it [Temporary]. Draw 2. (Kill it at the start of its controller's Beginning Phase, before scoring.)","Riftbound Spell: Shadow's Call. Choose a friendly unit without [Temporary]. Give it [Temporary]. Draw 2. (Kill it at the start of its controller's Beginning Phase, before scoring.)",Kudos Productions,portrait,https://cmsassets.rgpub.io/sanity/images/dsfx7636/game_data_live/5a9a81d353131fc275313e737d55ca6e2661dce6-744x1039.png?accountingTag=RB
unl-166-219,UNL-166/219,166,Stalking Wolf,UNL,Unleashed,uncommon,Uncommon,Unit,,Order,4,6,1,"Dog, Freljord","[Ambush] (You may play me as a [Reaction] to a battlefield where you have units.)
As an additional cost to play me, kill a Bird, Cat, Dog, or Poro you control. You may play me to its battlefield (even if you don't have other units there).","Riftbound Unit: Stalking Wolf. [Ambush] (You may play me as a [Reaction] to a battlefield where you have units.)
As an additional cost to play me, kill a Bird, Cat, Dog, or Poro you control. You may play me to its battlefield (even if you don't have other units there).",Six More Vodka,portrait,https://cmsassets.rgpub.io/sanity/images/dsfx7636/game_data_live/5f5f66caad21d59bf966ddc501bb4f9c84a595c6-744x1039.png?accountingTag=RB
unl-167-219,UNL-167/219,167,Starhound,UNL,Unleashed,uncommon,Uncommon,Unit,,Order,5,6,1,"Dog, Mount Targon","When you play me, return a Bird, Cat, Dog, or Poro from your trash to your hand.","Riftbound Unit: Starhound. When you play me, return a Bird, Cat, Dog, or Poro from your trash to your hand.",Kudos Productions,portrait,https://cmsassets.rgpub.io/sanity/images/dsfx7636/game_data_live/085edeb9e6bbb0fb71ab902393eb48ea33a8addc-744x1039.png?accountingTag=RB
unl-168-219,UNL-168/219,168,Undying Loyalty,UNL,Unleashed,uncommon,Uncommon,Spell,,Order,2,,1,,"This costs :rb_energy_2: less if you choose a Bird, Cat, Dog, or Poro.
Play a unit with cost no more than :rb_energy_2: and no more than :rb_rune_rainbow: from your trash, ignoring its cost.","Riftbound Spell: Undying Loyalty. This costs [2] less if you choose a Bird, Cat, Dog, or Poro.
Play a unit with cost no more than [2] and no more than [A] from your trash, ignoring its cost.",Max Grecke,portrait,https://cmsassets.rgpub.io/sanity/images/dsfx7636/game_data_live/703b85f8284ed13865012289d03602e2cd24f4b2-744x1039.png?accountingTag=RB
unl-169-219,UNL-169/219,169,"Ashe, Focused",UNL,Unleashed,rare,Rare,Unit,Champion,Order,5,4,1,"Freljord, Ashe","When you play me, choose an opponent. They reveal their hand. Choose a card revealed this way and banish it. When they hold, return it to their hand (even if I'm no longer on the board).","Riftbound Unit: Ashe, Focused. When you play me, choose an opponent. They reveal their hand. Choose a card revealed this way and banish it. When they hold, return it to their hand (even if I'm no longer on the board).",Six More Vodka,portrait,https://cmsassets.rgpub.io/sanity/images/dsfx7636/game_data_live/ebc033772f2005b7f39ba87ba9ea35f43df0da7a-744x1039.png?accountingTag=RB
unl-170-219,UNL-170/219,170,Atakhan,UNL,Unleashed,rare,Rare,Unit,,Order,10,7,3,"Noxus, Demon","You may kill a friendly unit as an additional cost to play me. If you do, I cost :rb_energy_1: less for each Energy it costs and :rb_rune_order: less for each Power it costs.
[Ganking] (I can move from battlefield to battlefield.)
When I attack, the defender must kill one of their units here.","Riftbound Unit: Atakhan. You may kill a friendly unit as an additional cost to play me. If you do, I cost [1] less for each Energy it costs and [Y] less for each Power it costs.
[Ganking] (I can move from battlefield to battlefield.)
When I attack, the defender must kill one of their units here.",Grafit Studio,portrait,https://cmsassets.rgpub.io/sanity/images/dsfx7636/game_data_live/a0b3994aad6b6c64ace14193c1363713e6b6ede2-744x1039.png?accountingTag=RB
unl-171-219,UNL-171/219,171,"Galio, Indefatigable",UNL,Unleashed,rare,Rare,Unit,Champion,Order,3,6,1,"Demacia, Galio","[Deflect] (Opponents must pay :rb_rune_rainbow: to choose me with a spell or ability.)
[Tank] (I must be assigned combat damage first.)
I don't deal combat damage.","Riftbound Unit: Galio, Indefatigable. [Deflect] (Opponents must pay [A] to choose me with a spell or ability.)
[Tank] (I must be assigned combat damage first.)
I don't deal combat damage.",Six More Vodka,portrait,https://cmsassets.rgpub.io/sanity/images/dsfx7636/game_data_live/fc3f1248dc4a02ce90ce172c3b3d5ec35e5f14c3-744x1039.png?accountingTag=RB
unl-172-219,UNL-172/219,172,"LeBlanc, Fragmented",UNL,Unleashed,rare,Rare,Unit,Champion,Order,3,3,1,"Noxus, LeBlanc","[Assault] (+1 :rb_might: while I'm an attacker.)
[Deathknell][>] Draw 1. If it's your Beginning Phase, draw 2 instead. (When I die, get the effect.)","Riftbound Unit: LeBlanc, Fragmented. [Assault] (+1 [S] while I'm an attacker.)
[Deathknell][>] Draw 1. If it's your Beginning Phase, draw 2 instead. (When I die, get the effect.)",League Splash Team,portrait,https://cmsassets.rgpub.io/sanity/images/dsfx7636/game_data_live/ee9f8d7a65e57c1d907edd4e5df2a3ea6966bff9-744x1039.png?accountingTag=RB
unl-172a-219,UNL-172a/219,172,"LeBlanc, Fragmented",UNL,Unleashed,rare,Rare,Unit,Champion,Order,3,3,1,"Noxus, LeBlanc","[Assault]
[Deathknell][>] Draw 1. If it's your Beginning Phase, draw 2 instead.","Riftbound Unit: LeBlanc, Fragmented. [Assault]
[Deathknell][>] Draw 1. If it's your Beginning Phase, draw 2 instead.",League Splash Team,portrait,https://cmsassets.rgpub.io/sanity/images/dsfx7636/game_data_live/d18932d3dddd203c6f68f30279f3886ec2e7130a-744x1039.png?accountingTag=RB
unl-173-219,UNL-173/219,173,Sacrifice,UNL,Unleashed,rare,Rare,Spell,,Order,1,,,,"[Reaction] (Play any time, even before spells and abilities resolve.)
As an additional cost to play this, kill a friendly [Mighty] unit. (A unit is Mighty while it has 5+ :rb_might:.)
Draw 2 and channel 1 rune exhausted.","Riftbound Spell: Sacrifice. [Reaction] (Play any time, even before spells and abilities resolve.)
As an additional cost to play this, kill a friendly [Mighty] unit. (A unit is Mighty while it has 5+ [S].)
Draw 2 and channel 1 rune exhausted.",Kudos Productions,portrait,https://cmsassets.rgpub.io/sanity/images/dsfx7636/game_data_live/139153ae4b4f786442018c09765c67e35515df24-744x1039.png?accountingTag=RB
unl-174-219,UNL-174/219,174,Shard of Undoing,UNL,Unleashed,rare,Rare,Gear,,Order,6,,,,"The first time a friendly unit dies during your Beginning Phase each turn, each opponent must kill one of their units.","Riftbound Gear: Shard of Undoing. The first time a friendly unit dies during your Beginning Phase each turn, each opponent must kill one of their units.",Kudos Productions,portrait,https://cmsassets.rgpub.io/sanity/images/dsfx7636/game_data_live/d167f4e37714f0f8983fce16a9c657bc7ce39642-744x1039.png?accountingTag=RB
unl-175-219,UNL-175/219,175,Tactical Retreat,UNL,Unleashed,rare,Rare,Spell,,Order,2,,,,"[Reaction] (Play any time, even before spells and abilities resolve.)
Choose a friendly unit. The next time it would die this turn, heal it, exhaust it, and recall it instead. (Send it to base. This isn't a move.)","Riftbound Spell: Tactical Retreat. [Reaction] (Play any time, even before spells and abilities resolve.)
Choose a friendly unit. The next time it would die this turn, heal it, exhaust it, and recall it instead. (Send it to base. This isn't a move.)",Kudos Productions,portrait,https://cmsassets.rgpub.io/sanity/images/dsfx7636/game_data_live/cd5abf6c27f5faac247f6044306db3d710fb9d61-744x1039.png?accountingTag=RB
unl-176-219,UNL-176/219,176,"Vi, Peacekeeper",UNL,Unleashed,rare,Rare,Unit,Champion,Order,5,5,1,"Vi, Piltover","[Ambush] (You may play me as a [Reaction] to a battlefield where you have units.)
When I attack, [Stun] an enemy unit here. (It doesn't deal combat damage this turn.)","Riftbound Unit: Vi, Peacekeeper. [Ambush] (You may play me as a [Reaction] to a battlefield where you have units.)
When I attack, [Stun] an enemy unit here. (It doesn't deal combat damage this turn.)",Envar Studio,portrait,https://cmsassets.rgpub.io/sanity/images/dsfx7636/game_data_live/51610bbdecd77b15f58b9a968611e536ebdf445e-744x1039.png?accountingTag=RB
unl-176a-219,UNL-176a/219,176,"Vi, Peacekeeper",UNL,Unleashed,rare,Rare,Unit,Champion,Order,5,5,1,"Vi, Piltover","[Ambush]
When I attack, [Stun] an enemy unit here.","Riftbound Unit: Vi, Peacekeeper. [Ambush]
When I attack, [Stun] an enemy unit here.",League Splash Team,portrait,https://cmsassets.rgpub.io/sanity/images/dsfx7636/game_data_live/6bde3fc4f76015d36d70e86c8fbcc3b6b7aa43dd-744x1039.png?accountingTag=RB
unl-177-219,UNL-177/219,177,"Ivern, Friend to All",UNL,Unleashed,epic,Epic,Unit,Champion,Order,6,6,,"Ivern, Ionia","As you play me, choose Bird, Cat, Dog, or Poro. I gain that tag.
When I conquer or hold, score 1 point if your units have all of the following tags among them — Bird, Cat, Dog, and Poro.","Riftbound Unit: Ivern, Friend to All. As you play me, choose Bird, Cat, Dog, or Poro. I gain that tag.
When I conquer or hold, score 1 point if your units have all of the following tags among them — Bird, Cat, Dog, and Poro.",Zhongqi Li,portrait,https://cmsassets.rgpub.io/sanity/images/dsfx7636/game_data_live/e450956e0561ddca36558d095b71d3b60dff8b03-744x1039.png?accountingTag=RB
unl-177a-219,UNL-177a/219,177,"Ivern, Friend to All",UNL,Unleashed,epic,Epic,Unit,Champion,Order,6,6,,"Ivern, Ionia","As you play me, choose Bird, Cat, Dog, or Poro. I gain that tag.
When I conquer or hold, score 1 point if your units have all of the following tags among them — Bird, Cat, Dog, and Poro.","Riftbound Unit: Ivern, Friend to All. As you play me, choose Bird, Cat, Dog, or Poro. I gain that tag.
When I conquer or hold, score 1 point if your units have all of the following tags among them — Bird, Cat, Dog, and Poro.",League Splash Team,portrait,https://cmsassets.rgpub.io/sanity/images/dsfx7636/game_data_live/72462350a7842b6b81c022ac255ae0e82f3559fd-744x1039.png?accountingTag=RB
unl-178a-219,UNL-178a/219,178,"Poppy, Defender of the Meek",UNL,Unleashed,epic,Epic,Unit,Champion,Order,6,5,1,"Yordle, Demacia, Poppy","You may spend 3 XP as an additional cost to play me. If you do, I cost :rb_energy_3: less.
[Ambush]
[Tank]","Riftbound Unit: Poppy, Defender of the Meek. You may spend 3 XP as an additional cost to play me. If you do, I cost [3] less.
[Ambush]
[Tank]",League Splash Team,portrait,https://cmsassets.rgpub.io/sanity/images/dsfx7636/game_data_live/e171fc13d69ea7bafb03982cf0f8233d2830c1d2-744x1039.png?accountingTag=RB
unl-178-219,UNL-178/219,178,"Poppy, Defender of the Meek",UNL,Unleashed,epic,Epic,Unit,Champion,Order,6,5,1,"Yordle, Demacia, Poppy","You may spend 3 XP as an additional cost to play me. If you do, I cost :rb_energy_3: less.
[Ambush] (You may play me as a [Reaction] to a battlefield where you have units.)
[Tank] (I must be assigned combat damage first.)","Riftbound Unit: Poppy, Defender of the Meek. You may spend 3 XP as an additional cost to play me. If you do, I cost [3] less.
[Ambush] (You may play me as a [Reaction] to a battlefield where you have units.)
[Tank] (I must be assigned combat damage first.)",Dao Trong Le,portrait,https://cmsassets.rgpub.io/sanity/images/dsfx7636/game_data_live/1a75c5322b2179e772af83b1fd16fed864c5bf24-744x1039.png?accountingTag=RB
unl-179a-219,UNL-179a/219,179,Rift Herald,UNL,Unleashed,epic,Epic,Unit,,Order,8,7,1,The Void,"When I move to a battlefield, look at the top 3 cards of your Main Deck. You may reveal a unit from among them and draw it. Recycle the rest.
[Deathknell][>] Play a unit from your hand to your base, ignoring its Energy cost.","Riftbound Unit: Rift Herald. When I move to a battlefield, look at the top 3 cards of your Main Deck. You may reveal a unit from among them and draw it. Recycle the rest.
[Deathknell][>] Play a unit from your hand to your base, ignoring its Energy cost.",Grafit Studio,portrait,https://cmsassets.rgpub.io/sanity/images/dsfx7636/game_data_live/e8fe608bffa46642e454b0b34f7524c5daef299e-744x1039.png?accountingTag=RB
unl-179-219,UNL-179/219,179,Rift Herald,UNL,Unleashed,epic,Epic,Unit,,Order,8,7,1,The Void,"When I move to a battlefield, look at the top 3 cards of your Main Deck. You may reveal a unit from among them and draw it. Recycle the rest.
[Deathknell][>] Play a unit from your hand to your base, ignoring its Energy cost. (When I die, get the effect. You must still pay its Power cost.)","Riftbound Unit: Rift Herald. When I move to a battlefield, look at the top 3 cards of your Main Deck. You may reveal a unit from among them and draw it. Recycle the rest.
[Deathknell][>] Play a unit from your hand to your base, ignoring its Energy cost. (When I die, get the effect. You must still pay its Power cost.)",Grafit Studio,portrait,https://cmsassets.rgpub.io/sanity/images/dsfx7636/game_data_live/4da94f3af92222bebe7be49197ef8d840772d73d-744x1039.png?accountingTag=RB
unl-180-219,UNL-180/219,180,The Ruination,UNL,Unleashed,epic,Epic,Spell,,Order,9,,3,,Kill all units.,Riftbound Spell: The Ruination. Kill all units.,Oliver Chipping,portrait,https://cmsassets.rgpub.io/sanity/images/dsfx7636/game_data_live/f1fea5bfad864f8d58b1b55b04de951285f6ad4e-744x1039.png?accountingTag=RB
unl-181-219,UNL-181/219,181,Virtuoso,UNL,Unleashed,rare,Rare,Legend,,"Fury, Mind",,,,Jhin,"When you play a spell, if you spent :rb_energy_4: or more, you may banish it. Then, if there are four spells banished with me, put each in its trash, channel 4 runes, and draw 1.","Riftbound Legend: Virtuoso. When you play a spell, if you spent [4] or more, you may banish it. Then, if there are four spells banished with me, put each in its trash, channel 4 runes, and draw 1.",Pandart Studio,portrait,https://cmsassets.rgpub.io/sanity/images/dsfx7636/game_data_live/d1e6947cf43a19488a2c31f71a4887aa0423a966-744x1039.png?accountingTag=RB
unl-182-219,UNL-182/219,182,Curtain Call,UNL,Unleashed,epic,Epic,Spell,Signature,"Fury, Mind",4,,,Jhin,"[Repeat] — :rb_energy_1: / :rb_rune_rainbow: / :rb_energy_1::rb_rune_rainbow: (You may pay each additional cost to repeat this spell's effect.)
Choose one you haven't already chosen —Draw 1.Deal 2 to a unit at a battlefield.Deal 3 to a unit at a base.Give a unit at a battlefield -4 :rb_might: this turn.","Riftbound Spell: Curtain Call. [Repeat] — [1] / [A] / [1][A] (You may pay each additional cost to repeat this spell's effect.)
Choose one you haven't already chosen —
- Draw 1.
- Deal 2 to a unit at a battlefield.
- Deal 3 to a unit at a base.
- Give a unit at a battlefield -4 [S] this turn.",华锐,portrait,https://cmsassets.rgpub.io/sanity/images/dsfx7636/game_data_live/01496068d9a8d5567672d802bd008297bd1fe8cc-744x1039.png?accountingTag=RB
unl-183-219,UNL-183/219,183,Pridestalker,UNL,Unleashed,rare,Rare,Legend,,"Fury, Body",,,,Rengar,"When you play a unit, give a unit +1 :rb_might: this turn.","Riftbound Legend: Pridestalker. When you play a unit, give a unit +1 [S] this turn.",Envar Studio,portrait,https://cmsassets.rgpub.io/sanity/images/dsfx7636/game_data_live/b3d3085f62aee993b9f5b80d4659a88439da83be-744x1039.png?accountingTag=RB
unl-184-219,UNL-184/219,184,Thrill of the Hunt,UNL,Unleashed,epic,Epic,Spell,Signature,"Fury, Body",2,,1,Rengar,"[Reaction] (Play any time, even before spells and abilities resolve.)
Banish a friendly unit, then its owner plays it to any battlefield, ignoring its cost.","Riftbound Spell: Thrill of the Hunt. [Reaction] (Play any time, even before spells and abilities resolve.)
Banish a friendly unit, then its owner plays it to any battlefield, ignoring its cost.",华锐,portrait,https://cmsassets.rgpub.io/sanity/images/dsfx7636/game_data_live/2753c2b3ea4fd55e5225a4451a29736b5c3434a8-744x1039.png?accountingTag=RB
unl-185-219,UNL-185/219,185,Bloodharbor Ripper,UNL,Unleashed,rare,Rare,Legend,,"Fury, Chaos",,,,Pyke,":rb_energy_1:, :rb_exhaust:: Return a friendly unit at a battlefield to its owner's hand. Play a Gold gear token exhausted. (It has ""[Reaction][>] Kill this, :rb_exhaust:: [Add] :rb_rune_rainbow:."")","Riftbound Legend: Bloodharbor Ripper. [1], [T]: Return a friendly unit at a battlefield to its owner's hand. Play a Gold gear token exhausted. (It has ""[Reaction][>] Kill this, [T]: [Add] [A]."")",TSWCK逍,portrait,https://cmsassets.rgpub.io/sanity/images/dsfx7636/game_data_live/8ca1bfde8d898a11a6abc73bbab8fc7092b0dcb4-744x1039.png?accountingTag=RB
unl-186-219,UNL-186/219,186,Death from Below,UNL,Unleashed,epic,Epic,Spell,Signature,"Fury, Chaos",4,,1,Pyke,"Kill a unit at a battlefield. Then, if it had 3 :rb_might: or less, you may play this from your trash for :rb_rune_rainbow:.","Riftbound Spell: Death from Below. Kill a unit at a battlefield. Then, if it had 3 [S] or less, you may play this from your trash for [A].",莺之歌,portrait,https://cmsassets.rgpub.io/sanity/images/dsfx7636/game_data_live/17d93a11a252287e3b0f4bbe32722ecc9469ec66-744x1039.png?accountingTag=RB
unl-187-219,UNL-187/219,187,Piltover Enforcer,UNL,Unleashed,rare,Rare,Legend,,"Fury, Order",,,,Vi,"When you conquer, if you assigned 3 or more excess damage, you may exhaust me to ready a unit.","Riftbound Legend: Piltover Enforcer. When you conquer, if you assigned 3 or more excess damage, you may exhaust me to ready a unit.",Pandart Studio,portrait,https://cmsassets.rgpub.io/sanity/images/dsfx7636/game_data_live/b52fca3d644599008c4b1a67ffd359a9f9c4d8d7-744x1039.png?accountingTag=RB
unl-188-219,UNL-188/219,188,Hextech Gauntlets,UNL,Unleashed,epic,Epic,Gear,Signature,"Fury, Order",3,,,"Vi, Equipment",[Equip] :rb_energy_3::rb_rune_rainbow:. This ability's Energy cost is reduced by the Might of the unit you choose. (Pay the cost: Attach this to a unit you control.),Riftbound Gear: Hextech Gauntlets. [Equip] [3][A]. This ability's Energy cost is reduced by the Might of the unit you choose. (Pay the cost: Attach this to a unit you control.),Grafit Studio,portrait,https://cmsassets.rgpub.io/sanity/images/dsfx7636/game_data_live/22755fc744a79fbdcce0ceadfe20d6d0a2b8624a-744x1039.png?accountingTag=RB
unl-189-219,UNL-189/219,189,Bashful Bloom,UNL,Unleashed,rare,Rare,Legend,,"Calm, Mind",,,,Lillia,":rb_energy_4:, :rb_exhaust:: Play a ready 3 :rb_might: Sprite unit token with [Temporary]. This ability costs :rb_energy_1: less for each friendly unit with [Temporary].","Riftbound Legend: Bashful Bloom. [4], [T]: Play a ready 3 [S] Sprite unit token with [Temporary]. This ability costs [1] less for each friendly unit with [Temporary].",Pandart Studio,portrait,https://cmsassets.rgpub.io/sanity/images/dsfx7636/game_data_live/7e1554365120c5042947aef8bcac48a07445e9f3-744x1039.png?accountingTag=RB
unl-190-219,UNL-190/219,190,Lilting Lullaby,UNL,Unleashed,epic,Epic,Spell,Signature,"Calm, Mind",2,,2,Lillia,"[Reaction] (Play any time, even before spells and abilities resolve.)
Counter a spell. Its controller can't play spells this turn.","Riftbound Spell: Lilting Lullaby. [Reaction] (Play any time, even before spells and abilities resolve.)
Counter a spell. Its controller can't play spells this turn.",Wild Blue Studio/莺之歌,portrait,https://cmsassets.rgpub.io/sanity/images/dsfx7636/game_data_live/272b71b493575e38ff8888ec187cd33e54c0eacc-744x1039.png?accountingTag=RB
unl-191-219,UNL-191/219,191,Wuju Master,UNL,Unleashed,rare,Rare,Legend,,"Calm, Body",,,,Master Yi,"[Level 6][>] Your units have +1 :rb_might:. (While you have 6+ XP, get the effect.)
[Level 11][>] Your units enter ready.","Riftbound Legend: Wuju Master. [Level 6][>] Your units have +1 [S]. (While you have 6+ XP, get the effect.)
[Level 11][>] Your units enter ready.",Envar Studio,portrait,https://cmsassets.rgpub.io/sanity/images/dsfx7636/game_data_live/ed9af55066593b4ee738b9529b847f2f738078e0-744x1039.png?accountingTag=RB
unl-192-219,UNL-192/219,192,Alpha Strike,UNL,Unleashed,epic,Epic,Spell,Signature,"Calm, Body",3,,1,Master Yi,"[Action] (Play on your turn or in showdowns.)
Choose a friendly unit. It deals damage equal to its Might split among enemy units at battlefields. Then for each unit this kills, do this: Gain 1 XP.","Riftbound Spell: Alpha Strike. [Action] (Play on your turn or in showdowns.)
Choose a friendly unit. It deals damage equal to its Might split among enemy units at battlefields. Then for each unit this kills, do this: Gain 1 XP.",莺之歌,portrait,https://cmsassets.rgpub.io/sanity/images/dsfx7636/game_data_live/154940caa774fd8219625cf051ddcb230ffc7f02-744x1039.png?accountingTag=RB
unl-193-219,UNL-193/219,193,Gloomist,UNL,Unleashed,rare,Rare,Legend,,"Calm, Chaos",,,,Vex,"When you or an ally hold, you may exhaust me to draw 1.","Riftbound Legend: Gloomist. When you or an ally hold, you may exhaust me to draw 1.",Pandart Studio,portrait,https://cmsassets.rgpub.io/sanity/images/dsfx7636/game_data_live/653e9b8fc4989bba59aa7ade4e0c33ffd5596e5a-744x1039.png?accountingTag=RB
unl-194-219,UNL-194/219,194,Shadow,UNL,Unleashed,epic,Epic,Unit,Signature,"Calm, Chaos",3,3,,"Vex, Shadow Isles","If you play me to a battlefield, I enter ready.
[Action][>] :rb_energy_1::rb_rune_rainbow:, :rb_exhaust:: [Stun] an enemy unit attacking here. (It doesn't deal combat damage this turn.)","Riftbound Unit: Shadow. If you play me to a battlefield, I enter ready.
[Action][>] [1][A], [T]: [Stun] an enemy unit attacking here. (It doesn't deal combat damage this turn.)",莺之歌,portrait,https://cmsassets.rgpub.io/sanity/images/dsfx7636/game_data_live/690ee4937b3926810d8ed814afd14d4d9e98b13e-744x1039.png?accountingTag=RB
unl-195-219,UNL-195/219,195,Green Father,UNL,Unleashed,rare,Rare,Legend,,"Calm, Order",,,,Ivern,"When you conquer or hold, you may exhaust me to replace that battlefield with a Brush battlefield token. (Bird, Cat, Dog, Poro, and Ivern units have +1 :rb_might: in Brush. It can be swapped back when scored.)","Riftbound Legend: Green Father. When you conquer or hold, you may exhaust me to replace that battlefield with a Brush battlefield token. (Bird, Cat, Dog, Poro, and Ivern units have +1 [S] in Brush. It can be swapped back when scored.)",Envar Studio,portrait,https://cmsassets.rgpub.io/sanity/images/dsfx7636/game_data_live/a2ca02d26c1e95db03690729bd31113bda7e4140-744x1039.png?accountingTag=RB
unl-196-219,UNL-196/219,196,Daisy!,UNL,Unleashed,epic,Epic,Unit,Signature,"Calm, Order",9,8,2,"Ivern, Ionia","I enter ready.
Reduce my cost by :rb_energy_1: for each of the following tags among your units — Bird, Cat, Dog, and Poro.
When I attack while your units have all 4 tags, [Stun] an enemy unit here. (It doesn't deal combat damage this turn.)","Riftbound Unit: Daisy!. I enter ready.
Reduce my cost by [1] for each of the following tags among your units — Bird, Cat, Dog, and Poro.
When I attack while your units have all 4 tags, [Stun] an enemy unit here. (It doesn't deal combat damage this turn.)",Polar Engine Studio,portrait,https://cmsassets.rgpub.io/sanity/images/dsfx7636/game_data_live/ada85b2a6076b60933831454d02a21da3654362c-744x1039.png?accountingTag=RB
unl-197-219,UNL-197/219,197,Scorn of the Moon,UNL,Unleashed,rare,Rare,Legend,,"Mind, Chaos",,,,Diana,[Reaction][>] :rb_exhaust:: [Add] :rb_energy_1:. Spend this Energy only during showdowns. (Abilities that add resources can't be reacted to.),Riftbound Legend: Scorn of the Moon. [Reaction][>] [T]: [Add] [1]. Spend this Energy only during showdowns. (Abilities that add resources can't be reacted to.),Envar Studio,portrait,https://cmsassets.rgpub.io/sanity/images/dsfx7636/game_data_live/b00d922d62daca19190e13149fe3cf725c900330-744x1039.png?accountingTag=RB
unl-198-219,UNL-198/219,198,Moonfall,UNL,Unleashed,epic,Epic,Spell,Signature,"Mind, Chaos",3,,1,Diana,"[Action] (Play on your turn or in showdowns.)
Choose a battlefield where you have units. You may move up to one enemy unit to that battlefield. Then give enemy units there -2 :rb_might: this turn.","Riftbound Spell: Moonfall. [Action] (Play on your turn or in showdowns.)
Choose a battlefield where you have units. You may move up to one enemy unit to that battlefield. Then give enemy units there -2 [S] this turn.",Grafit Studio,portrait,https://cmsassets.rgpub.io/sanity/images/dsfx7636/game_data_live/2eda8d4bbee47857b1916599b5c7d5fa7ca400dc-744x1039.png?accountingTag=RB
unl-199-219,UNL-199/219,199,Deceiver,UNL,Unleashed,rare,Rare,Legend,,"Mind, Order",,,,LeBlanc,"When you conquer or hold, you may discard 1 and exhaust me to play a ready Reflection unit token there. It becomes a copy of another unit there. Give it [Temporary].","Riftbound Legend: Deceiver. When you conquer or hold, you may discard 1 and exhaust me to play a ready Reflection unit token there. It becomes a copy of another unit there. Give it [Temporary].",黯荧岛Dark Glow,portrait,https://cmsassets.rgpub.io/sanity/images/dsfx7636/game_data_live/c17d29602d61d6702372fec4db44c6fb2a29e8a2-744x1039.png?accountingTag=RB
unl-200-219,UNL-200/219,200,Mirror Image,UNL,Unleashed,epic,Epic,Spell,Signature,"Mind, Order",3,,2,LeBlanc,"Choose a unit. Play a ready Reflection unit token to your base. It becomes a copy of that unit. Give it [Temporary]. (Kill it at the start of its controller's Beginning Phase, before scoring.)","Riftbound Spell: Mirror Image. Choose a unit. Play a ready Reflection unit token to your base. It becomes a copy of that unit. Give it [Temporary]. (Kill it at the start of its controller's Beginning Phase, before scoring.)",华锐,portrait,https://cmsassets.rgpub.io/sanity/images/dsfx7636/game_data_live/a7ef8a09c0297cd796c4e2dee15922745ede7417-744x1039.png?accountingTag=RB
unl-201-219,UNL-201/219,201,Voidreaver,UNL,Unleashed,rare,Rare,Legend,,"Body, Chaos",,,,Kha'Zix,"When you win a combat, gain 1 XP.
Spend 1 XP, :rb_exhaust:: [Buff] a unit.
Spend 2 XP, :rb_exhaust:: Move an exhausted friendly unit from a battlefield to its base.","Riftbound Legend: Voidreaver. When you win a combat, gain 1 XP.
Spend 1 XP, [T]: [Buff] a unit.
Spend 2 XP, [T]: Move an exhausted friendly unit from a battlefield to its base.",Envar Studio,portrait,https://cmsassets.rgpub.io/sanity/images/dsfx7636/game_data_live/a5db0b3340a189de1cf9d8174b11eb583f19ea28-744x1039.png?accountingTag=RB
unl-202-219,UNL-202/219,202,Void Assault,UNL,Unleashed,epic,Epic,Spell,Signature,"Body, Chaos",2,,1,Kha'Zix,"Move a friendly unit, then move an enemy unit. (If they both move to a battlefield you don't control, you're the attacker.)","Riftbound Spell: Void Assault. Move a friendly unit, then move an enemy unit. (If they both move to a battlefield you don't control, you're the attacker.)",莺之歌,portrait,https://cmsassets.rgpub.io/sanity/images/dsfx7636/game_data_live/0b79108a9492fb34866cc63815b57bfab8a5aeae-744x1039.png?accountingTag=RB
unl-203-219,UNL-203/219,203,Keeper of the Hammer,UNL,Unleashed,rare,Rare,Legend,,"Body, Order",,,,Poppy,"When you hold, gain 1 XP.
Spend 3 XP, :rb_exhaust:: Draw 1.","Riftbound Legend: Keeper of the Hammer. When you hold, gain 1 XP.
Spend 3 XP, [T]: Draw 1.",Pandart Studio,portrait,https://cmsassets.rgpub.io/sanity/images/dsfx7636/game_data_live/ee1393b9bace7bfea4e87405b793bb5462305ed0-744x1039.png?accountingTag=RB
unl-204-219,UNL-204/219,204,Keeper's Verdict,UNL,Unleashed,epic,Epic,Spell,Signature,"Body, Order",2,,2,Poppy,"[Action] (Play on your turn or in showdowns.)
Choose an enemy unit at a battlefield. Its owner places it on the top or bottom of their Main Deck.","Riftbound Spell: Keeper's Verdict. [Action] (Play on your turn or in showdowns.)
Choose an enemy unit at a battlefield. Its owner places it on the top or bottom of their Main Deck.",莺之歌,portrait,https://cmsassets.rgpub.io/sanity/images/dsfx7636/game_data_live/90dcafd8ca6cedd534416232ebd29c451f12107c-744x1039.png?accountingTag=RB
unl-205-219,UNL-205/219,205,Abandoned Hall,UNL,Unleashed,uncommon,Uncommon,Battlefield,,Colorless,,,,,"When a player plays a spell, they may give a unit they control here +1 :rb_might: this turn.","Riftbound Battlefield: Abandoned Hall. When a player plays a spell, they may give a unit they control here +1 [S] this turn.",Envar Studio,landscape,https://cmsassets.rgpub.io/sanity/images/dsfx7636/game_data_live/7447b04d1e78192509e89e5ff3556368ea5c471a-1039x744.png?accountingTag=RB
unl-206-219,UNL-206/219,206,Altar of Blood,UNL,Unleashed,uncommon,Uncommon,Battlefield,,Colorless,,,,,"If a unit here would die during combat, its controller may pay :rb_rune_rainbow::rb_rune_rainbow::rb_rune_rainbow: to heal it, exhaust it, and recall it instead.","Riftbound Battlefield: Altar of Blood. If a unit here would die during combat, its controller may pay [A][A][A] to heal it, exhaust it, and recall it instead.",Kudos Productions,landscape,https://cmsassets.rgpub.io/sanity/images/dsfx7636/game_data_live/a17e5bb639866671772dc514a6096a5863712f71-1039x744.png?accountingTag=RB
unl-207-219,UNL-207/219,207,Amateur Recital,UNL,Unleashed,uncommon,Uncommon,Battlefield,,Colorless,,,,,"When you hold here, you may move a unit at a battlefield to its base.","Riftbound Battlefield: Amateur Recital. When you hold here, you may move a unit at a battlefield to its base.",Envar Studio,landscape,https://cmsassets.rgpub.io/sanity/images/dsfx7636/game_data_live/9372a1574aa077e8b02cc6f00a1add060ae3b520-1039x744.png?accountingTag=RB
unl-208-219,UNL-208/219,208,Black Flame Altar,UNL,Unleashed,uncommon,Uncommon,Battlefield,,Colorless,,,,,Units here with [Temporary] have [Shield]. (+1 :rb_might: while they're defenders.),Riftbound Battlefield: Black Flame Altar. Units here with [Temporary] have [Shield]. (+1 [S] while they're defenders.),Envar Studio,landscape,https://cmsassets.rgpub.io/sanity/images/dsfx7636/game_data_live/8cd4edde3e59c8edc8cdcea626fc443c5ed6e1f2-1039x744.png?accountingTag=RB
unl-209-219,UNL-209/219,209,Dusk Rose Lab,UNL,Unleashed,uncommon,Uncommon,Battlefield,,Colorless,,,,,"At the start of your Beginning Phase, you may kill a unit you control here to draw 1. (This happens before scoring.)","Riftbound Battlefield: Dusk Rose Lab. At the start of your Beginning Phase, you may kill a unit you control here to draw 1. (This happens before scoring.)",Envar Studio,landscape,https://cmsassets.rgpub.io/sanity/images/dsfx7636/game_data_live/fa81c474ff29b9d2c42dd4e64a5789bf793e5221-1039x744.png?accountingTag=RB
unl-210-219,UNL-210/219,210,Forbidding Waste,UNL,Unleashed,uncommon,Uncommon,Battlefield,,Colorless,,,,,"While a unit here is defending alone, it has -2 :rb_might:. (It's alone if there are no other friendly units here.)","Riftbound Battlefield: Forbidding Waste. While a unit here is defending alone, it has -2 [S]. (It's alone if there are no other friendly units here.)",Six More Vodka,landscape,https://cmsassets.rgpub.io/sanity/images/dsfx7636/game_data_live/83dbc88d462da85be9398c790e88ff13da8637d4-1039x744.png?accountingTag=RB
unl-211-219,UNL-211/219,211,Forgotten Library,UNL,Unleashed,uncommon,Uncommon,Battlefield,,Colorless,,,,,"While you control this battlefield, when you play a spell, if you spent :rb_energy_4: or more, [Predict]. (Look at the top card of your Main Deck. You may recycle it.)","Riftbound Battlefield: Forgotten Library. While you control this battlefield, when you play a spell, if you spent [4] or more, [Predict]. (Look at the top card of your Main Deck. You may recycle it.)",Chris Kintner,landscape,https://cmsassets.rgpub.io/sanity/images/dsfx7636/game_data_live/a7905fb94abe453f05a4108cf5424fd1ca50f6de-1039x744.png?accountingTag=RB
unl-212-219,UNL-212/219,212,Frozen Fortress,UNL,Unleashed,uncommon,Uncommon,Battlefield,,Colorless,,,,,"At the start of each player's Beginning Phase, deal 1 to each unit here. (This happens before scoring.)","Riftbound Battlefield: Frozen Fortress. At the start of each player's Beginning Phase, deal 1 to each unit here. (This happens before scoring.)",Kudos Productions,landscape,https://cmsassets.rgpub.io/sanity/images/dsfx7636/game_data_live/b5e33fdb4ddc8c73e03bca648862fc080aa8bbcf-1039x744.png?accountingTag=RB
unl-213-219,UNL-213/219,213,Gardens of Becoming,UNL,Unleashed,uncommon,Uncommon,Battlefield,,Colorless,,,,,"Units here have "":rb_exhaust:: Gain 1 XP.""","Riftbound Battlefield: Gardens of Becoming. Units here have ""[T]: Gain 1 XP.""",Polar Engine Studio,landscape,https://cmsassets.rgpub.io/sanity/images/dsfx7636/game_data_live/0497a44ab302ea055b6f1f0d00a36c8023ed2344-1039x744.png?accountingTag=RB
unl-214-219,UNL-214/219,214,Ripper's Bay,UNL,Unleashed,uncommon,Uncommon,Battlefield,,Colorless,,,,,"When a unit here is returned to a player's hand, that player may pay :rb_energy_1: to channel 1 rune exhausted.","Riftbound Battlefield: Ripper's Bay. When a unit here is returned to a player's hand, that player may pay [1] to channel 1 rune exhausted.",MAR Studio,landscape,https://cmsassets.rgpub.io/sanity/images/dsfx7636/game_data_live/f6d0540edbabcdb7d5a6859ce2f820f744cb498c-1039x744.png?accountingTag=RB
unl-215-219,UNL-215/219,215,Star Spring,UNL,Unleashed,uncommon,Uncommon,Battlefield,,Colorless,,,,,"The first time a player plays a non-token unit here each turn, they may move another unit they control here to its base.","Riftbound Battlefield: Star Spring. The first time a player plays a non-token unit here each turn, they may move another unit they control here to its base.",Six More Vodka,landscape,https://cmsassets.rgpub.io/sanity/images/dsfx7636/game_data_live/0c4fe88ffb5c1b02b58b2c6b4f02de441ac451d6-1039x744.png?accountingTag=RB
unl-216-219,UNL-216/219,216,The Academy,UNL,Unleashed,uncommon,Uncommon,Battlefield,,Colorless,,,,,"When you hold here, give your next spell this turn [Repeat] equal to its base cost. (You may pay the additional cost to repeat the spell's effect.)","Riftbound Battlefield: The Academy. When you hold here, give your next spell this turn [Repeat] equal to its base cost. (You may pay the additional cost to repeat the spell's effect.)",Six More Vodka,landscape,https://cmsassets.rgpub.io/sanity/images/dsfx7636/game_data_live/82646c995f3d0b897ce97f7b68c35f5fd9384b8e-1039x744.png?accountingTag=RB
unl-217-219,UNL-217/219,217,Trapping Grounds,UNL,Unleashed,uncommon,Uncommon,Battlefield,,Colorless,,,,,"When you conquer here, if you assigned 3 or more excess damage, play a 1 :rb_might: Bird unit token with [Deflect].","Riftbound Battlefield: Trapping Grounds. When you conquer here, if you assigned 3 or more excess damage, play a 1 [S] Bird unit token with [Deflect].",Kudos Productions,landscape,https://cmsassets.rgpub.io/sanity/images/dsfx7636/game_data_live/234bb01e24892aefa024ae402f6ee7703ccdbbd4-1039x744.png?accountingTag=RB
unl-218-219,UNL-218/219,218,Valley of Idols,UNL,Unleashed,uncommon,Uncommon,Battlefield,,Colorless,,,,,"When a player plays a unit here, they may pay :rb_energy_1: to [Buff] it. (Give it a +1 :rb_might: buff if it doesn't have one.)","Riftbound Battlefield: Valley of Idols. When a player plays a unit here, they may pay [1] to [Buff] it. (Give it a +1 [S] buff if it doesn't have one.)",Caravan Studio,landscape,https://cmsassets.rgpub.io/sanity/images/dsfx7636/game_data_live/4191aa2fda9e754a7f5421edc94bd829f5795650-1039x744.png?accountingTag=RB
unl-219-219,UNL-219/219,219,Vaults of Helia,UNL,Unleashed,uncommon,Uncommon,Battlefield,,Colorless,,,,,"When you hold here, your non-token units cost :rb_energy_1: more to play this turn.","Riftbound Battlefield: Vaults of Helia. When you hold here, your non-token units cost [1] more to play this turn.",Six More Vodka,landscape,https://cmsassets.rgpub.io/sanity/images/dsfx7636/game_data_live/9fc7b9a8294665881eece0dacaf3fc70e39f19e4-1039x744.png?accountingTag=RB
unl-220-219,UNL-220/219,220,Pouty Poro,UNL,Unleashed,common,Common,Unit,,Fury,2,2,,Poro,[Deflect],Riftbound Unit: Pouty Poro. [Deflect],FOREDAWN,portrait,https://cmsassets.rgpub.io/sanity/images/dsfx7636/game_data_live/0c91b90d91c4f988aa9942dd9e06a634a66c6975-744x1039.png?accountingTag=RB
unl-221-219,UNL-221/219,221,Lonely Poro,UNL,Unleashed,common,Common,Unit,,Calm,2,2,,"Poro, Freljord","[Deathknell][>] If I died alone, draw 1.","Riftbound Unit: Lonely Poro. [Deathknell][>] If I died alone, draw 1.",FOREDAWN,portrait,https://cmsassets.rgpub.io/sanity/images/dsfx7636/game_data_live/82b7043ef6519a4c7e2eb7d45cb6ae91dfd749ca-744x1039.png?accountingTag=RB
unl-222-219,UNL-222/219,222,Plundering Poro,UNL,Unleashed,common,Common,Unit,,Mind,2,2,,"Poro, Pirate, Bilgewater","When I conquer, play a Gold gear token exhausted.","Riftbound Unit: Plundering Poro. When I conquer, play a Gold gear token exhausted.",FOREDAWN,portrait,https://cmsassets.rgpub.io/sanity/images/dsfx7636/game_data_live/c6c996fcead364682a031f32948a084101d83493-744x1039.png?accountingTag=RB
unl-223-219,UNL-223/219,223,Veteran Poro,UNL,Unleashed,common,Common,Unit,,Body,2,2,,"Poro, Freljord",[Weaponmaster],Riftbound Unit: Veteran Poro. [Weaponmaster],FOREDAWN,portrait,https://cmsassets.rgpub.io/sanity/images/dsfx7636/game_data_live/337f38fae6a4d801fc14abcda2a7d09c3e7e6ae3-744x1039.png?accountingTag=RB
unl-224-219,UNL-224/219,224,Mystic Poro,UNL,Unleashed,common,Common,Unit,,Chaos,2,2,,Poro,[Vision],Riftbound Unit: Mystic Poro. [Vision],FOREDAWN,portrait,https://cmsassets.rgpub.io/sanity/images/dsfx7636/game_data_live/2fdb5e1ff9aae4137910fa59065b69ef17144752-744x1039.png?accountingTag=RB
unl-225-219,UNL-225/219,225,Daring Poro,UNL,Unleashed,common,Common,Unit,,Order,2,2,,Poro,[Assault],Riftbound Unit: Daring Poro. [Assault],FOREDAWN,portrait,https://cmsassets.rgpub.io/sanity/images/dsfx7636/game_data_live/9b097e8f9866788e0de2bfada48627c752d3e4b9-744x1039.png?accountingTag=RB
unl-226-star-219,UNL-226*/219,226,Virtuoso,UNL,Unleashed,rare,Rare,Legend,,"Fury, Mind",,,,Jhin,"When you play a spell, if you spent :rb_energy_4: or more, you may banish it. Then, if there are four spells banished with me, put each in its trash, channel 4 runes, and draw 1.","Riftbound Legend: Virtuoso. When you play a spell, if you spent [4] or more, you may banish it. Then, if there are four spells banished with me, put each in its trash, channel 4 runes, and draw 1.",Blaine Burgos,portrait,https://cmsassets.rgpub.io/sanity/images/dsfx7636/game_data_live/94fb0a4944da2427ce615dd2c311a2c9bc781fd2-744x1039.png?accountingTag=RB
unl-226-219,UNL-226/219,226,Virtuoso,UNL,Unleashed,rare,Rare,Legend,,"Fury, Mind",,,,Jhin,"When you play a spell, if you spent :rb_energy_4: or more, you may banish it. Then, if there are four spells banished with me, put each in its trash, channel 4 runes, and draw 1.","Riftbound Legend: Virtuoso. When you play a spell, if you spent [4] or more, you may banish it. Then, if there are four spells banished with me, put each in its trash, channel 4 runes, and draw 1.",Blaine Burgos,portrait,https://cmsassets.rgpub.io/sanity/images/dsfx7636/game_data_live/47f10693258104e9373396165e335014bf5783a2-744x1039.png?accountingTag=RB
unl-227-219,UNL-227/219,227,Pridestalker,UNL,Unleashed,rare,Rare,Legend,,"Fury, Body",,,,Rengar,"When you play a unit, give a unit +1 :rb_might: this turn.","Riftbound Legend: Pridestalker. When you play a unit, give a unit +1 [S] this turn.",Duy Nguyen,portrait,https://cmsassets.rgpub.io/sanity/images/dsfx7636/game_data_live/1f80a016015ebc77bd3d23ce471e364d70698279-744x1039.png?accountingTag=RB
unl-227-star-219,UNL-227*/219,227,Pridestalker,UNL,Unleashed,rare,Rare,Legend,,"Fury, Body",,,,Rengar,"When you play a unit, give a unit +1 :rb_might: this turn.","Riftbound Legend: Pridestalker. When you play a unit, give a unit +1 [S] this turn.",Duy Nguyen,portrait,https://cmsassets.rgpub.io/sanity/images/dsfx7636/game_data_live/9bfffdcab9899c4b0d94ab31d138edd7d2f8e4f1-744x1039.png?accountingTag=RB
unl-228-219,UNL-228/219,228,Bloodharbor Ripper,UNL,Unleashed,rare,Rare,Legend,,"Fury, Chaos",,,,Pyke,":rb_energy_1:, :rb_exhaust:: Return a friendly unit at a battlefield to its owner's hand. Play a Gold gear token exhausted.","Riftbound Legend: Bloodharbor Ripper. [1], [T]: Return a friendly unit at a battlefield to its owner's hand. Play a Gold gear token exhausted.",Kindlejack,portrait,https://cmsassets.rgpub.io/sanity/images/dsfx7636/game_data_live/b4095d98aff998fda5a08d4c32e97a2a66ccf1e6-744x1039.png?accountingTag=RB
unl-228-star-219,UNL-228*/219,228,Bloodharbor Ripper,UNL,Unleashed,rare,Rare,Legend,,"Fury, Chaos",,,,Pyke,":rb_energy_1:, :rb_exhaust:: Return a friendly unit at a battlefield to its owner's hand. Play a Gold gear token exhausted.","Riftbound Legend: Bloodharbor Ripper. [1], [T]: Return a friendly unit at a battlefield to its owner's hand. Play a Gold gear token exhausted.",Kindlejack,portrait,https://cmsassets.rgpub.io/sanity/images/dsfx7636/game_data_live/75ff8f0b0a4ea110dd4af5b14c23da804481387a-744x1039.png?accountingTag=RB
unl-229-star-219,UNL-229*/219,229,Piltover Enforcer,UNL,Unleashed,rare,Rare,Legend,,"Fury, Order",,,,Vi,"When you conquer, if you assigned 3 or more excess damage, you may exhaust me to ready a unit.","Riftbound Legend: Piltover Enforcer. When you conquer, if you assigned 3 or more excess damage, you may exhaust me to ready a unit.",Jonathan Santoro,portrait,https://cmsassets.rgpub.io/sanity/images/dsfx7636/game_data_live/0febae9c611339d9ed65c7ebe43237b5ec42c9a3-744x1039.png?accountingTag=RB
unl-229-219,UNL-229/219,229,Piltover Enforcer,UNL,Unleashed,rare,Rare,Legend,,"Fury, Order",,,,Vi,"When you conquer, if you assigned 3 or more excess damage, you may exhaust me to ready a unit.","Riftbound Legend: Piltover Enforcer. When you conquer, if you assigned 3 or more excess damage, you may exhaust me to ready a unit.",Jonathan Santoro,portrait,https://cmsassets.rgpub.io/sanity/images/dsfx7636/game_data_live/08c48ad82381bb5830a0b413d7a2f25dd2b20d76-744x1039.png?accountingTag=RB
unl-230-star-219,UNL-230*/219,230,Bashful Bloom,UNL,Unleashed,rare,Rare,Legend,,"Calm, Mind",,,,Lillia,":rb_energy_4:, :rb_exhaust:: Play a ready 3 :rb_might: Sprite unit token with [Temporary]. This ability costs :rb_energy_1: less for each friendly unit with [Temporary].","Riftbound Legend: Bashful Bloom. [4], [T]: Play a ready 3 [S] Sprite unit token with [Temporary]. This ability costs [1] less for each friendly unit with [Temporary].",Oussama Agazzoum,portrait,https://cmsassets.rgpub.io/sanity/images/dsfx7636/game_data_live/8d270600e9ec7472cbb51eb56ad0799b7be38c7b-744x1039.png?accountingTag=RB
unl-230-219,UNL-230/219,230,Bashful Bloom,UNL,Unleashed,rare,Rare,Legend,,"Calm, Mind",,,,Lillia,":rb_energy_4:, :rb_exhaust:: Play a ready 3 :rb_might: Sprite unit token with [Temporary]. This ability costs :rb_energy_1: less for each friendly unit with [Temporary].","Riftbound Legend: Bashful Bloom. [4], [T]: Play a ready 3 [S] Sprite unit token with [Temporary]. This ability costs [1] less for each friendly unit with [Temporary].",Oussama Agazzoum,portrait,https://cmsassets.rgpub.io/sanity/images/dsfx7636/game_data_live/5099aa2938091dfcc54277877e320a7f83aeeec1-744x1039.png?accountingTag=RB
unl-231-219,UNL-231/219,231,Wuju Master,UNL,Unleashed,rare,Rare,Legend,,"Calm, Body",,,,Master Yi,"[Level 6][>] Your units have +1 :rb_might:.
[Level 11][>] Your units enter ready.","Riftbound Legend: Wuju Master. [Level 6][>] Your units have +1 [S].
[Level 11][>] Your units enter ready.",Shawn Lee,portrait,https://cmsassets.rgpub.io/sanity/images/dsfx7636/game_data_live/557e41d84ac36ffa2bf805deda159f45e0a815f9-744x1039.png?accountingTag=RB
unl-231-star-219,UNL-231*/219,231,Wuju Master,UNL,Unleashed,rare,Rare,Legend,,"Calm, Body",,,,Master Yi,"[Level 6][>] Your units have +1 :rb_might:.
[Level 11][>] Your units enter ready.","Riftbound Legend: Wuju Master. [Level 6][>] Your units have +1 [S].
[Level 11][>] Your units enter ready.",Shawn Lee,portrait,https://cmsassets.rgpub.io/sanity/images/dsfx7636/game_data_live/ebc612b2bf6003be8019930e059f0ac119997bc8-744x1039.png?accountingTag=RB
unl-232-star-219,UNL-232*/219,232,Gloomist,UNL,Unleashed,rare,Rare,Legend,,"Calm, Chaos",,,,Vex,"When you or an ally hold, you may exhaust me to draw 1.","Riftbound Legend: Gloomist. When you or an ally hold, you may exhaust me to draw 1.",Hozure,portrait,https://cmsassets.rgpub.io/sanity/images/dsfx7636/game_data_live/748c7cb9574c8805d7fdbaba0f2471af06cceae3-744x1039.png?accountingTag=RB
unl-232-219,UNL-232/219,232,Gloomist,UNL,Unleashed,rare,Rare,Legend,,"Calm, Chaos",,,,Vex,"When you or an ally hold, you may exhaust me to draw 1.","Riftbound Legend: Gloomist. When you or an ally hold, you may exhaust me to draw 1.",Hozure,portrait,https://cmsassets.rgpub.io/sanity/images/dsfx7636/game_data_live/d044ea46fa38cff80c39fdb0b890dd7226c22b89-744x1039.png?accountingTag=RB
unl-233-219,UNL-233/219,233,Green Father,UNL,Unleashed,rare,Rare,Legend,,"Calm, Order",,,,Ivern,"When you conquer or hold, you may exhaust me to replace that battlefield with a Brush battlefield token.","Riftbound Legend: Green Father. When you conquer or hold, you may exhaust me to replace that battlefield with a Brush battlefield token.",Michelle Mauk,portrait,https://cmsassets.rgpub.io/sanity/images/dsfx7636/game_data_live/d200178cde5075990f7ca1856675d02c4c2538be-744x1039.png?accountingTag=RB
unl-233-star-219,UNL-233*/219,233,Green Father,UNL,Unleashed,rare,Rare,Legend,,"Calm, Order",,,,Ivern,"When you conquer or hold, you may exhaust me to replace that battlefield with a Brush battlefield token.","Riftbound Legend: Green Father. When you conquer or hold, you may exhaust me to replace that battlefield with a Brush battlefield token.",Michelle Mauk,portrait,https://cmsassets.rgpub.io/sanity/images/dsfx7636/game_data_live/76283fb4384cf39408489f35d00827e0d5b1f9bb-744x1039.png?accountingTag=RB
unl-234-star-219,UNL-234*/219,234,Scorn of the Moon,UNL,Unleashed,rare,Rare,Legend,,"Mind, Chaos",,,,Diana,[Reaction][>] :rb_exhaust:: [Add] :rb_energy_1:. Spend this Energy only during showdowns.,Riftbound Legend: Scorn of the Moon. [Reaction][>] [T]: [Add] [1]. Spend this Energy only during showdowns.,Lisha Du,portrait,https://cmsassets.rgpub.io/sanity/images/dsfx7636/game_data_live/9782a99fcb36b09adc5d97cdc29595682f26220d-744x1039.png?accountingTag=RB
unl-234-219,UNL-234/219,234,Scorn of the Moon,UNL,Unleashed,rare,Rare,Legend,,"Mind, Chaos",,,,Diana,[Reaction][>] :rb_exhaust:: [Add] :rb_energy_1:. Spend this Energy only during showdowns.,Riftbound Legend: Scorn of the Moon. [Reaction][>] [T]: [Add] [1]. Spend this Energy only during showdowns.,Lisha Du,portrait,https://cmsassets.rgpub.io/sanity/images/dsfx7636/game_data_live/8bd4006c34aa020211e501e3cb7ee14ab5b4c41f-744x1039.png?accountingTag=RB
unl-235-219,UNL-235/219,235,Deceiver,UNL,Unleashed,rare,Rare,Legend,,"Mind, Order",,,,LeBlanc,"When you conquer or hold, you may discard 1 and exhaust me to play a ready Reflection unit token there. It becomes a copy of another unit there. Give it [Temporary].","Riftbound Legend: Deceiver. When you conquer or hold, you may discard 1 and exhaust me to play a ready Reflection unit token there. It becomes a copy of another unit there. Give it [Temporary].",Valentine Tran,portrait,https://cmsassets.rgpub.io/sanity/images/dsfx7636/game_data_live/656450f89be4dc253438a4e0af7f7638ed5f90b2-744x1039.png?accountingTag=RB
unl-235-star-219,UNL-235*/219,235,Deceiver,UNL,Unleashed,rare,Rare,Legend,,"Mind, Order",,,,LeBlanc,"When you conquer or hold, you may discard 1 and exhaust me to play a ready Reflection unit token there. It becomes a copy of another unit there. Give it [Temporary].","Riftbound Legend: Deceiver. When you conquer or hold, you may discard 1 and exhaust me to play a ready Reflection unit token there. It becomes a copy of another unit there. Give it [Temporary].",Valentine Tran,portrait,https://cmsassets.rgpub.io/sanity/images/dsfx7636/game_data_live/78a3153e914b2124cdc918f3134a8087b342caf7-744x1039.png?accountingTag=RB
unl-236-219,UNL-236/219,236,Voidreaver,UNL,Unleashed,rare,Rare,Legend,,"Body, Chaos",,,,Kha'Zix,"When you win a combat, gain 1 XP.
Spend 1 XP, :rb_exhaust:: [Buff] a unit.
Spend 2 XP, :rb_exhaust:: Move an exhausted friendly unit from a battlefield to its base.","Riftbound Legend: Voidreaver. When you win a combat, gain 1 XP.
Spend 1 XP, [T]: [Buff] a unit.
Spend 2 XP, [T]: Move an exhausted friendly unit from a battlefield to its base.",Jeffrey Chen,portrait,https://cmsassets.rgpub.io/sanity/images/dsfx7636/game_data_live/ffed0102adcae6fe01d173042487ea85ebe899bc-744x1039.png?accountingTag=RB
unl-236-star-219,UNL-236*/219,236,Voidreaver,UNL,Unleashed,rare,Rare,Legend,,"Body, Chaos",,,,Kha'Zix,"When you win a combat, gain 1 XP.
Spend 1 XP, :rb_exhaust:: [Buff] a unit.
Spend 2 XP, :rb_exhaust:: Move an exhausted friendly unit from a battlefield to its base.","Riftbound Legend: Voidreaver. When you win a combat, gain 1 XP.
Spend 1 XP, [T]: [Buff] a unit.
Spend 2 XP, [T]: Move an exhausted friendly unit from a battlefield to its base.",Jeffrey Chen,portrait,https://cmsassets.rgpub.io/sanity/images/dsfx7636/game_data_live/e3bff5dc4489376697823d056b42eba7b90566b6-744x1039.png?accountingTag=RB
unl-237-star-219,UNL-237*/219,237,Keeper of the Hammer,UNL,Unleashed,rare,Rare,Legend,,"Body, Order",,,,Poppy,"When you hold, gain 1 XP.
Spend 3 XP, :rb_exhaust:: Draw 1.","Riftbound Legend: Keeper of the Hammer. When you hold, gain 1 XP.
Spend 3 XP, [T]: Draw 1.",KK Zhang,portrait,https://cmsassets.rgpub.io/sanity/images/dsfx7636/game_data_live/c2b3ae8c4beac316128a8b7b1704a221abedec8e-744x1039.png?accountingTag=RB
unl-237-219,UNL-237/219,237,Keeper of the Hammer,UNL,Unleashed,rare,Rare,Legend,,"Body, Order",,,,Poppy,"When you hold, gain 1 XP.
Spend 3 XP, :rb_exhaust:: Draw 1.","Riftbound Legend: Keeper of the Hammer. When you hold, gain 1 XP.
Spend 3 XP, [T]: Draw 1.",KK Zhang,portrait,https://cmsassets.rgpub.io/sanity/images/dsfx7636/game_data_live/41321ddb3b1c63492285d1c3d067ee42ade502e4-744x1039.png?accountingTag=RB
unl-238-219,UNL-238/219,238,Baron Nashor,UNL,Unleashed,epic,Epic,Unit,,Chaos,10,12,3,The Void,"As you play me, add the Baron Pit battlefield token to the board if it's not there already. If you do, I enter there.
I can't be chosen by enemy spells and abilities.
Other friendly units have +2 :rb_might:.","Riftbound Unit: Baron Nashor. As you play me, add the Baron Pit battlefield token to the board if it's not there already. If you do, I enter there.
I can't be chosen by enemy spells and abilities.
Other friendly units have +2 [S].",張漁 ·ZHANG YU,portrait,https://cmsassets.rgpub.io/sanity/images/dsfx7636/game_data_live/7e8d207a8057b97f9059ea6025a16e59229dc54d-744x1039.png?accountingTag=RB
ven-001-166,VEN-001/166,1,Baccai Sandspinner,VEN,Vendetta,common,Common,Unit,,Fury,6,6,,Shurima,"[Empower] :rb_energy_5:. This ability costs :rb_energy_3: less if you control 4 or fewer runes. (Pay the cost: Empower me. Use only if not Empowered.)
[Empowered][>] I have [Deflect] and [Assault 2]. (Opponents must pay :rb_rune_rainbow: to choose me with a spell or ability. +2 :rb_might: while I'm an attacker.)","Riftbound Unit: Baccai Sandspinner. [Empower] [5]. This ability costs [3] less if you control 4 or fewer runes. (Pay the cost: Empower me. Use only if not Empowered.)
[Empowered][>] I have [Deflect] and [Assault 2]. (Opponents must pay [A] to choose me with a spell or ability. +2 [S] while I'm an attacker.)",Kudos Productions,portrait,https://cmsassets.rgpub.io/sanity/images/dsfx7636/game_data_live/d8abab7f0df7c8ec9fff8c8dfa71c732e1ce2e6a-744x1039.png?accountingTag=RB
ven-r01,VEN-R01,1,Fury Rune,VEN,Vendetta,common,Common,Rune,Basic,Fury,,,,,[NO TEXT],Riftbound Rune: Fury Rune. [NO TEXT],Greg Ghielmetti & Leah Chen,portrait,https://cmsassets.rgpub.io/sanity/images/dsfx7636/game_data_live/f95ed6ba0c4d4d357c45bf5bdb1a8e540af1f85f-744x1039.png?accountingTag=RB
ven-sp1-006,VEN-SP1/006,1,"Kai'Sa, Survivor",VEN,Vendetta,epic,Epic,Unit,Champion,Fury,4,4,,Kai'Sa,"[Accelerate]
When I conquer, draw 1.","Riftbound Unit: Kai'Sa, Survivor. [Accelerate]
When I conquer, draw 1.",Wild Rift Splash Team,portrait,https://cmsassets.rgpub.io/sanity/images/dsfx7636/game_data_live/a14d1be8f014a331f60885013d81a1a8f5c8c076-744x1039.png?accountingTag=RB
ven-002-166,VEN-002/166,2,Blade Twirler,VEN,Vendetta,common,Common,Unit,,Fury,4,4,,"Yordle, Ionia","The first time I move each turn, choose a player. They [Burn 1]. (They put the top card of their Main Deck into their trash.)","Riftbound Unit: Blade Twirler. The first time I move each turn, choose a player. They [Burn 1]. (They put the top card of their Main Deck into their trash.)",Six More Vodka,portrait,https://cmsassets.rgpub.io/sanity/images/dsfx7636/game_data_live/b222082d5d38630c4d2542ed24c0442881e3de18-744x1039.png?accountingTag=RB
ven-r02,VEN-R02,2,Calm Rune,VEN,Vendetta,common,Common,Rune,Basic,Calm,,,,,[NO TEXT],Riftbound Rune: Calm Rune. [NO TEXT],Greg Ghielmetti & Leah Chen,portrait,https://cmsassets.rgpub.io/sanity/images/dsfx7636/game_data_live/9b70aa1b334728a3e8beeea0c9154a2d0f79b1eb-744x1039.png?accountingTag=RB
ven-sp2-006,VEN-SP2/006,2,"Sona, Harmonious",VEN,Vendetta,epic,Epic,Unit,Champion,Calm,4,4,1,Sona,"At the end of your turn, if I'm at a battlefield, ready up to 4 friendly runes.","Riftbound Unit: Sona, Harmonious. At the end of your turn, if I'm at a battlefield, ready up to 4 friendly runes.",Wild Rift Splash Team,portrait,https://cmsassets.rgpub.io/sanity/images/dsfx7636/game_data_live/2cc800fbd0011dd084426445ebb1c2831420063d-744x1039.png?accountingTag=RB
ven-sp3-006,VEN-SP3/006,3,"Ahri, Inquisitive",VEN,Vendetta,epic,Epic,Unit,Champion,Mind,3,3,1,"Ahri, Ionia","When I attack or defend, give an enemy unit here -2 :rb_might: this turn, to a minimum of 1 :rb_might:.","Riftbound Unit: Ahri, Inquisitive. When I attack or defend, give an enemy unit here -2 [S] this turn, to a minimum of 1 [S].",Wild Rift Splash Team,portrait,https://cmsassets.rgpub.io/sanity/images/dsfx7636/game_data_live/e8d1993018d8317494cbaab4e4dd738c2e80740d-744x1039.png?accountingTag=RB
ven-003-166,VEN-003/166,3,Brittle Steel,VEN,Vendetta,common,Common,Spell,,Fury,2,,1,,"Kill a gear.
[Flow] :rb_energy_4::rb_rune_fury: (You may play this from your trash for its Flow cost. Then banish it.)","Riftbound Spell: Brittle Steel. Kill a gear.
[Flow] [4][C] (You may play this from your trash for its Flow cost. Then banish it.)",Six More Vodka,portrait,https://cmsassets.rgpub.io/sanity/images/dsfx7636/game_data_live/2264ab788558ec69b1b6ed3e03ce69a3f63bdbb7-744x1039.png?accountingTag=RB
ven-r03,VEN-R03,3,Mind Rune,VEN,Vendetta,common,Common,Rune,Basic,Mind,,,,,[NO TEXT],Riftbound Rune: Mind Rune. [NO TEXT],Greg Ghielmetti & Leah Chen,portrait,https://cmsassets.rgpub.io/sanity/images/dsfx7636/game_data_live/33df1c56c6e76f9cb783c19161f16fcdbdc20f98-744x1039.png?accountingTag=RB
ven-r04,VEN-R04,4,Body Rune,VEN,Vendetta,common,Common,Rune,Basic,Body,,,,,[NO TEXT],Riftbound Rune: Body Rune. [NO TEXT],Greg Ghielmetti & Leah Chen,portrait,https://cmsassets.rgpub.io/sanity/images/dsfx7636/game_data_live/3313c73c5b31daa482073bfefbf4d2255a89d7d0-744x1039.png?accountingTag=RB
ven-004-166,VEN-004/166,4,Dune Surfer,VEN,Vendetta,common,Common,Unit,,Fury,3,3,,Shurima,You ignore [Tank] while assigning combat damage here.,Riftbound Unit: Dune Surfer. You ignore [Tank] while assigning combat damage here.,Dao Trong Le,portrait,https://cmsassets.rgpub.io/sanity/images/dsfx7636/game_data_live/acab9ec71d58f1e109cd8879c0fef0bdeb866432-744x1039.png?accountingTag=RB
ven-t04,VEN-T04,4,Recruit (NX),VEN,Vendetta,common,Common,Unit,Token,Colorless,,1,,Recruit,,Riftbound Unit: Recruit (NX).,Six More Vodka,portrait,https://cmsassets.rgpub.io/sanity/images/dsfx7636/game_data_live/08b9ccf225fc2ae9eb9b5668e5361b09789210ee-744x1039.png?accountingTag=RB
ven-sp4-006,VEN-SP4/006,4,"Sett, Brawler",VEN,Vendetta,epic,Epic,Unit,Champion,Body,5,4,1,Sett,"When you play me or when I conquer, buff me.
Spend my buff: Give me +4 :rb_might: this turn.","Riftbound Unit: Sett, Brawler. When you play me or when I conquer, buff me.
Spend my buff: Give me +4 [S] this turn.",Wild Rift Splash Team,portrait,https://cmsassets.rgpub.io/sanity/images/dsfx7636/game_data_live/075f83adf06b41c42c78addd11cfc73fbdb8aabb-744x1039.png?accountingTag=RB
ven-r05,VEN-R05,5,Chaos Rune,VEN,Vendetta,common,Common,Rune,Basic,Chaos,,,,,[NO TEXT],Riftbound Rune: Chaos Rune. [NO TEXT],Greg Ghielmetti & Leah Chen,portrait,https://cmsassets.rgpub.io/sanity/images/dsfx7636/game_data_live/3861fc566891a70c21cf3d3075adec716deb7080-744x1039.png?accountingTag=RB
ven-sp5-006,VEN-SP5/006,5,"Ezreal, Prodigy",VEN,Vendetta,epic,Epic,Unit,Champion,Chaos,3,3,1,"Ezreal, Piltover","When you play me, discard 1, then draw 2.
Optional additional costs you pay cost :rb_energy_1: or :rb_rune_rainbow: less.","Riftbound Unit: Ezreal, Prodigy. When you play me, discard 1, then draw 2.
Optional additional costs you pay cost [1] or [A] less.",Wild Rift Splash Team,portrait,https://cmsassets.rgpub.io/sanity/images/dsfx7636/game_data_live/fd4beecca19d4e84ead0852acce83d4c34ac1b4c-744x1039.png?accountingTag=RB
ven-005-166,VEN-005/166,5,Forsaken Baccai,VEN,Vendetta,common,Common,Unit,,Fury,2,2,,Shurima,"If you control fewer runes than an opponent at the start of your Beginning Phase, give me +1 :rb_might: this turn.","Riftbound Unit: Forsaken Baccai. If you control fewer runes than an opponent at the start of your Beginning Phase, give me +1 [S] this turn.",Kudos Productions,portrait,https://cmsassets.rgpub.io/sanity/images/dsfx7636/game_data_live/33d3e7840280e2780687057f08f30312a56d230f-744x1039.png?accountingTag=RB
ven-sp6-006,VEN-SP6/006,6,"Lux, Crownguard",VEN,Vendetta,epic,Epic,Unit,Champion,Order,4,2,,Lux,:rb_exhaust:: [Reaction] — [Add] :rb_energy_2:. Spend this Energy only to play spells.,"Riftbound Unit: Lux, Crownguard. [T]: [Reaction] — [Add] [2]. Spend this Energy only to play spells.",Envar Studio,portrait,https://cmsassets.rgpub.io/sanity/images/dsfx7636/game_data_live/b9778ec229e052268ea66213ca2dbf60612b2862-744x1039.png?accountingTag=RB
ven-006-166,VEN-006/166,6,Oasis Raider,VEN,Vendetta,common,Common,Unit,,Fury,4,4,,Shurima,"If you control fewer runes than an opponent at the start of your Beginning Phase, give me +2 :rb_might: and [Ganking] this turn. (I can move from battlefield to battlefield.)","Riftbound Unit: Oasis Raider. If you control fewer runes than an opponent at the start of your Beginning Phase, give me +2 [S] and [Ganking] this turn. (I can move from battlefield to battlefield.)",JiHun Lee,portrait,https://cmsassets.rgpub.io/sanity/images/dsfx7636/game_data_live/d44355b9b129054e63b6f2c8de30518fe87b6295-744x1039.png?accountingTag=RB
ven-r06,VEN-R06,6,Order Rune,VEN,Vendetta,common,Common,Rune,Basic,Order,,,,,[NO TEXT],Riftbound Rune: Order Rune. [NO TEXT],Greg Ghielmetti & Leah Chen,portrait,https://cmsassets.rgpub.io/sanity/images/dsfx7636/game_data_live/71e7d71ebadb81ccad7ca4cb8b3fb85d2f5fd4bf-744x1039.png?accountingTag=RB
ven-007-166,VEN-007/166,7,Punching Poro,VEN,Vendetta,common,Common,Unit,,Fury,2,2,,"Poro, Ionia","[Empower] — Discard 1 (Pay the cost: Empower me. Use only if not Empowered.)
[Empowered][>] I have +1 :rb_might:.","Riftbound Unit: Punching Poro. [Empower] — Discard 1 (Pay the cost: Empower me. Use only if not Empowered.)
[Empowered][>] I have +1 [S].",Six More Vodka,portrait,https://cmsassets.rgpub.io/sanity/images/dsfx7636/game_data_live/03b9a8e704e0f09b686d89d4c2d79f100f212b0f-744x1039.png?accountingTag=RB
ven-008-166,VEN-008/166,8,Ruthless Strike,VEN,Vendetta,common,Common,Spell,,Fury,3,,,,"[Action] (Play on your turn or in showdowns.)
As an additional cost to play this, you may discard 1.
Deal 3 to a unit at a battlefield. If you paid the additional cost, deal 5 to it instead.","Riftbound Spell: Ruthless Strike. [Action] (Play on your turn or in showdowns.)
As an additional cost to play this, you may discard 1.
Deal 3 to a unit at a battlefield. If you paid the additional cost, deal 5 to it instead.",Kudos Productions,portrait,https://cmsassets.rgpub.io/sanity/images/dsfx7636/game_data_live/90293ef9407950d171f5fdd040da289a0f6da487-744x1039.png?accountingTag=RB
ven-009-166,VEN-009/166,9,Baccai Reaper,VEN,Vendetta,uncommon,Uncommon,Unit,,Fury,3,4,1,Shurima,"When I attack, you may pay :rb_rune_fury: to give me [Assault 2] this turn. (+2 :rb_might: while I'm an attacker.)","Riftbound Unit: Baccai Reaper. When I attack, you may pay [C] to give me [Assault 2] this turn. (+2 [S] while I'm an attacker.)",Kudos Productions,portrait,https://cmsassets.rgpub.io/sanity/images/dsfx7636/game_data_live/14c473be38b3ec40503f44555db9a4168a45bfb4-744x1039.png?accountingTag=RB
ven-010-166,VEN-010/166,10,Consuming Curse,VEN,Vendetta,uncommon,Uncommon,Spell,,Fury,2,,,,"[Action] (Play on your turn or in showdowns.)
Deal 2 to a unit at a battlefield. This deals 1 Bonus Damage for each card with this name in your trash.","Riftbound Spell: Consuming Curse. [Action] (Play on your turn or in showdowns.)
Deal 2 to a unit at a battlefield. This deals 1 Bonus Damage for each card with this name in your trash.",Kudos Productions,portrait,https://cmsassets.rgpub.io/sanity/images/dsfx7636/game_data_live/4254a96c88275f09c2c41653d46702125bc24d9f-744x1039.png?accountingTag=RB
ven-011-166,VEN-011/166,11,Pendulum Blade,VEN,Vendetta,uncommon,Uncommon,Gear,,Fury,3,,,Equipment,[Equip] :rb_rune_fury: (:rb_rune_fury:: Attach this to a unit you control.),Riftbound Gear: Pendulum Blade. [Equip] [C] ([C]: Attach this to a unit you control.),Kudos Productions,portrait,https://cmsassets.rgpub.io/sanity/images/dsfx7636/game_data_live/857a5cee28f403454b1825dd112c07e9ac06b8a4-744x1039.png?accountingTag=RB
ven-012-166,VEN-012/166,12,Perfect Execution,VEN,Vendetta,uncommon,Uncommon,Spell,,Fury,3,,1,,"Ready a unit and give it [Assault 3] this turn. (+3 :rb_might: while it's an attacker.)
[Flow] :rb_energy_3::rb_rune_fury: (You may play this from your trash for its Flow cost. Then banish it.)","Riftbound Spell: Perfect Execution. Ready a unit and give it [Assault 3] this turn. (+3 [S] while it's an attacker.)
[Flow] [3][C] (You may play this from your trash for its Flow cost. Then banish it.)",莺之歌,portrait,https://cmsassets.rgpub.io/sanity/images/dsfx7636/game_data_live/cb13c46f8c3872678b87f68891d9f4a416ba8080-744x1039.png?accountingTag=RB
ven-013-166,VEN-013/166,13,Shadow Assassin,VEN,Vendetta,uncommon,Uncommon,Unit,,Fury,5,5,,Ionia,I enter ready if you have a card with my name in your trash.,Riftbound Unit: Shadow Assassin. I enter ready if you have a card with my name in your trash.,JiHun Lee,portrait,https://cmsassets.rgpub.io/sanity/images/dsfx7636/game_data_live/d5c1aed33b6aa109ff2baea8b3e0c146af750dcc-744x1039.png?accountingTag=RB
ven-014-166,VEN-014/166,14,Shadow Fiend,VEN,Vendetta,uncommon,Uncommon,Unit,,Fury,2,2,,Ionia,"[Empower] :rb_energy_2::rb_rune_fury: (:rb_energy_2::rb_rune_fury:: Empower me. Use only if not Empowered.)
[Empowered][>] I have [Assault 3]. (+3 :rb_might: while I'm an attacker.)","Riftbound Unit: Shadow Fiend. [Empower] [2][C] ([2][C]: Empower me. Use only if not Empowered.)
[Empowered][>] I have [Assault 3]. (+3 [S] while I'm an attacker.)",Six More Vodka,portrait,https://cmsassets.rgpub.io/sanity/images/dsfx7636/game_data_live/3bbeed15ac517c2e39c039e376553ce7e1c65f0c-744x1039.png?accountingTag=RB
ven-015-166,VEN-015/166,15,Decree of Rage,VEN,Vendetta,rare,Rare,Spell,,Fury,1,,1,,"[Action] (Play on your turn or in showdowns.)
This can't be countered.
Deal 4 to an enemy Calm (:rb_rune_calm:) unit.","Riftbound Spell: Decree of Rage. [Action] (Play on your turn or in showdowns.)
This can't be countered.
Deal 4 to an enemy Calm ([G]) unit.",Envar Studio,portrait,https://cmsassets.rgpub.io/sanity/images/dsfx7636/game_data_live/320d9f52a4f22fa3405bb9da82c4d02451d7c133-744x1039.png?accountingTag=RB
ven-016-166,VEN-016/166,16,Eclipse Dragon,VEN,Vendetta,rare,Rare,Unit,,Fury,8,8,,"Dragon, Mount Targon","[Accelerate] (You may pay :rb_energy_1::rb_rune_fury: as an additional cost to have me enter ready.)
When I move, if you control 4 or fewer runes, draw 1.","Riftbound Unit: Eclipse Dragon. [Accelerate] (You may pay [1][C] as an additional cost to have me enter ready.)
When I move, if you control 4 or fewer runes, draw 1.",Six More Vodka,portrait,https://cmsassets.rgpub.io/sanity/images/dsfx7636/game_data_live/6b7ea97973ced0e0631554ff07c726fe0a257a3c-744x1039.png?accountingTag=RB
ven-017-166,VEN-017/166,17,"Morgana, Vindictive",VEN,Vendetta,rare,Rare,Unit,Champion,Fury,5,5,1,"Demacia, Morgana","[Ambush] (You may play me as a [Reaction] to a battlefield where you have units.)
When you play me, deal damage to a unit equal to the damage marked on it.","Riftbound Unit: Morgana, Vindictive. [Ambush] (You may play me as a [Reaction] to a battlefield where you have units.)
When you play me, deal damage to a unit equal to the damage marked on it.",Envar Studio,portrait,https://cmsassets.rgpub.io/sanity/images/dsfx7636/game_data_live/04f3ff3a25b08c9af33090e7a533396583f5e433-744x1039.png?accountingTag=RB
ven-018-166,VEN-018/166,18,Rage Amplifier,VEN,Vendetta,rare,Rare,Gear,,Fury,4,,1,,"[Empower] :rb_energy_6::rb_rune_fury: (:rb_energy_6::rb_rune_fury:: Empower this. Use only if not Empowered.)
Your units have +1 :rb_might:. If I'm [Empowered], they have +2 :rb_might: instead.","Riftbound Gear: Rage Amplifier. [Empower] [6][C] ([6][C]: Empower this. Use only if not Empowered.)
Your units have +1 [S]. If I'm [Empowered], they have +2 [S] instead.",Kudos Productions,portrait,https://cmsassets.rgpub.io/sanity/images/dsfx7636/game_data_live/83a7cd497dd42f535f8f0adc72c3c4324f9aec14-744x1039.png?accountingTag=RB
ven-019a-166,VEN-019a/166,19,"Renekton, Rage Fueled",VEN,Vendetta,rare,Rare,Unit,Champion,Fury,6,6,,Renekton,"[Accelerate]
When I attack, if you control 4 or fewer runes, deal 2 to all enemy units here.","Riftbound Unit: Renekton, Rage Fueled. [Accelerate]
When I attack, if you control 4 or fewer runes, deal 2 to all enemy units here.",League Splash Team,portrait,https://cmsassets.rgpub.io/sanity/images/dsfx7636/game_data_live/cf5a7294a9ebd2d5a8727078efbfd2cf84f12e3e-744x1039.png?accountingTag=RB
ven-019-166,VEN-019/166,19,"Renekton, Rage Fueled",VEN,Vendetta,rare,Rare,Unit,Champion,Fury,6,6,,"Shurima, Renekton","[Accelerate] (You may pay :rb_energy_1::rb_rune_fury: as an additional cost to have me enter ready.)
When I attack, if you control 4 or fewer runes, deal 2 to all enemy units here.","Riftbound Unit: Renekton, Rage Fueled. [Accelerate] (You may pay [1][C] as an additional cost to have me enter ready.)
When I attack, if you control 4 or fewer runes, deal 2 to all enemy units here.",Six More Vodka,portrait,https://cmsassets.rgpub.io/sanity/images/dsfx7636/game_data_live/2f6eb3e8328048ad52617c8639ecbe2c287efa36-744x1039.png?accountingTag=RB
ven-020-166,VEN-020/166,20,Twilight Reveler,VEN,Vendetta,rare,Rare,Unit,,Fury,3,3,,Ionia,"When I attack, ready another friendly unit.","Riftbound Unit: Twilight Reveler. When I attack, ready another friendly unit.",Kudos Productions,portrait,https://cmsassets.rgpub.io/sanity/images/dsfx7636/game_data_live/c9b3acfc3f996d784d1b5f98ab87ba4d1c6136ce-744x1039.png?accountingTag=RB
ven-021a-166,VEN-021a/166,21,"Akali, Deadly Weapon",VEN,Vendetta,epic,Epic,Unit,Champion,Fury,3,3,,Akali,"[Empower] :rb_energy_2::rb_rune_fury:
When I move, you may deal 1 to a unit at a battlefield I moved to or from. If I'm [Empowered], deal 2 instead.
[Empowered][>] I have +1 :rb_might:..","Riftbound Unit: Akali, Deadly Weapon. [Empower] [2][C]
When I move, you may deal 1 to a unit at a battlefield I moved to or from. If I'm [Empowered], deal 2 instead.
[Empowered][>] I have +1 [S]..",Wild Rift Splash Team,portrait,https://cmsassets.rgpub.io/sanity/images/dsfx7636/game_data_live/92d8ad4bc4724da89f32348f290600f632f24e9e-744x1039.png?accountingTag=RB
ven-021-166,VEN-021/166,21,"Akali, Deadly Weapon",VEN,Vendetta,epic,Epic,Unit,Champion,Fury,3,3,,"Ionia, Akali","[Empower] :rb_energy_2::rb_rune_fury: (:rb_energy_2::rb_rune_fury:: Empower me. Use only if not Empowered.)
When I move, you may deal 1 to a unit at a battlefield I moved to or from. If I'm [Empowered], deal 2 instead.
[Empowered][>] I have +1 :rb_might:.","Riftbound Unit: Akali, Deadly Weapon. [Empower] [2][C] ([2][C]: Empower me. Use only if not Empowered.)
When I move, you may deal 1 to a unit at a battlefield I moved to or from. If I'm [Empowered], deal 2 instead.
[Empowered][>] I have +1 [S].",莺之歌,portrait,https://cmsassets.rgpub.io/sanity/images/dsfx7636/game_data_live/564e5f35ae39b6604290e83f39ffb61c2b2b9175-744x1039.png?accountingTag=RB
ven-022-166,VEN-022/166,22,Endless Riches,VEN,Vendetta,epic,Epic,Gear,,Fury,5,,1,,"When you play this, banish your hand and trash, then [Burn 7].
Skip your Draw Phase.
You may play cards from your trash.
If a card would go to your trash from anywhere other than your Main Deck, banish it instead.","Riftbound Gear: Endless Riches. When you play this, banish your hand and trash, then [Burn 7].
Skip your Draw Phase.
You may play cards from your trash.
If a card would go to your trash from anywhere other than your Main Deck, banish it instead.",Kudos Productions,portrait,https://cmsassets.rgpub.io/sanity/images/dsfx7636/game_data_live/e2c33bf55162086acd458775a5db3d976f137b61-744x1039.png?accountingTag=RB
ven-023-166,VEN-023/166,23,"Zed, From the Shadows",VEN,Vendetta,epic,Epic,Unit,Champion,Fury,4,4,1,"Ionia, Zed","You may discard 1 as an additional cost to play me.
When you play me, if you paid the additional cost, play a 0 :rb_might: Shadow Clone unit token. (It has ""When I attack, you may banish a unit from your trash. If you do, give me [Assault 4] this turn."")","Riftbound Unit: Zed, From the Shadows. You may discard 1 as an additional cost to play me.
When you play me, if you paid the additional cost, play a 0 [S] Shadow Clone unit token. (It has ""When I attack, you may banish a unit from your trash. If you do, give me [Assault 4] this turn."")",Six More Vodka,portrait,https://cmsassets.rgpub.io/sanity/images/dsfx7636/game_data_live/06793f17adbd827e468db40d644eb273a3932c7e-744x1039.png?accountingTag=RB
ven-023a-166,VEN-023a/166,23,"Zed, From the Shadows",VEN,Vendetta,epic,Epic,Unit,Champion,Fury,4,4,1,Zed,"You may discard 1 as an additional cost to play me.
When you play me, if you paid the additional cost, play a 0 :rb_might: Shadow Clone unit token.","Riftbound Unit: Zed, From the Shadows. You may discard 1 as an additional cost to play me.
When you play me, if you paid the additional cost, play a 0 [S] Shadow Clone unit token.",League Splash Team,portrait,https://cmsassets.rgpub.io/sanity/images/dsfx7636/game_data_live/dcf031bd69c4880c33d68f73dde8e391a6059be7-744x1039.png?accountingTag=RB
ven-024-166,VEN-024/166,24,Affectionate Poro,VEN,Vendetta,common,Common,Unit,,Calm,3,3,,"Poro, Noxus","When a combat that I was in ends, if I haven't been dealt damage this turn, draw 1.","Riftbound Unit: Affectionate Poro. When a combat that I was in ends, if I haven't been dealt damage this turn, draw 1.",Six More Vodka,portrait,https://cmsassets.rgpub.io/sanity/images/dsfx7636/game_data_live/aa5fdc995322af38f540629fcf695f1080a14afb-744x1039.png?accountingTag=RB
ven-025-166,VEN-025/166,25,Esteemed Hierophant,VEN,Vendetta,common,Common,Unit,,Calm,5,5,,Shurima,"While you control 7 or more runes, prevent all damage that enemy spells and abilities would deal to me.","Riftbound Unit: Esteemed Hierophant. While you control 7 or more runes, prevent all damage that enemy spells and abilities would deal to me.",Kudos Productions,portrait,https://cmsassets.rgpub.io/sanity/images/dsfx7636/game_data_live/b47621d2b8efcee4d17de40b16c61fa06e404a2a-744x1039.png?accountingTag=RB
ven-026-166,VEN-026/166,26,Field Musicians,VEN,Vendetta,common,Common,Unit,,Calm,4,3,,Ionia,"When you play me, give a unit +3 :rb_might: this turn.","Riftbound Unit: Field Musicians. When you play me, give a unit +3 [S] this turn.",Six More Vodka,portrait,https://cmsassets.rgpub.io/sanity/images/dsfx7636/game_data_live/e880946b6c99023d9fb1e9aa7d23a0c673b0f6ac-744x1039.png?accountingTag=RB
ven-027-166,VEN-027/166,27,Hand Hammer,VEN,Vendetta,common,Common,Gear,,Calm,2,,,Equipment,[Equip] :rb_rune_calm: (:rb_rune_calm:: Attach this to a unit you control.),Riftbound Gear: Hand Hammer. [Equip] [C] ([C]: Attach this to a unit you control.),Kudos Productions,portrait,https://cmsassets.rgpub.io/sanity/images/dsfx7636/game_data_live/524fedb9116db0eb62380c03e0853c342c53daeb-744x1039.png?accountingTag=RB
ven-028-166,VEN-028/166,28,Mournful Witness,VEN,Vendetta,common,Common,Unit,,Calm,2,2,,"Fae, Ionia","When a combat that I was in ends, empower me. (I become Empowered if I'm not already.)
[Empowered][>] I have +2 :rb_might:.","Riftbound Unit: Mournful Witness. When a combat that I was in ends, empower me. (I become Empowered if I'm not already.)
[Empowered][>] I have +2 [S].",Kudos Productions,portrait,https://cmsassets.rgpub.io/sanity/images/dsfx7636/game_data_live/2f31651fc37a3e8bc562d0a361c509c0998d82c8-744x1039.png?accountingTag=RB
ven-029-166,VEN-029/166,29,Ol' Poro,VEN,Vendetta,common,Common,Unit,,Calm,2,4,,"Poro, Bandle City","I can't be played on your first, second, or third turns.","Riftbound Unit: Ol' Poro. I can't be played on your first, second, or third turns.",Kudos Productions,portrait,https://cmsassets.rgpub.io/sanity/images/dsfx7636/game_data_live/267fdc483ff8c740779f23eb8f965105feb030cd-744x1039.png?accountingTag=RB
ven-030-166,VEN-030/166,30,Serene Ascetic,VEN,Vendetta,common,Common,Unit,,Calm,3,3,,Ionia,"[Empower] :rb_energy_3: (:rb_energy_3:: Empower me. Use only if not Empowered.)
[Empowered][>] I have [Deflect] and [Shield 3]. (Opponents must pay :rb_rune_rainbow: to choose me with a spell or ability.+3 :rb_might: while I'm a defender.)","Riftbound Unit: Serene Ascetic. [Empower] [3] ([3]: Empower me. Use only if not Empowered.)
[Empowered][>] I have [Deflect] and [Shield 3]. (Opponents must pay [A] to choose me with a spell or ability.+3 [S] while I'm a defender.)",Kudos Productions,portrait,https://cmsassets.rgpub.io/sanity/images/dsfx7636/game_data_live/7acc2f9fcdec5d2649e4a50dc3c96aeb31b87916-744x1039.png?accountingTag=RB
ven-031-166,VEN-031/166,31,Twilight Shroud,VEN,Vendetta,common,Common,Spell,,Calm,1,,,,"Give a friendly unit +1 :rb_might: this turn. It can't be chosen by enemy spells and abilities this turn.
[Flow] :rb_energy_2: (You may play this from your trash for its Flow cost. Then banish it.)","Riftbound Spell: Twilight Shroud. Give a friendly unit +1 [S] this turn. It can't be chosen by enemy spells and abilities this turn.
[Flow] [2] (You may play this from your trash for its Flow cost. Then banish it.)",小牛设计,portrait,https://cmsassets.rgpub.io/sanity/images/dsfx7636/game_data_live/0bd93298503d6b1b2f6faf7e97ab494e6e26db76-744x1039.png?accountingTag=RB
ven-032-166,VEN-032/166,32,Frostcoat Mother,VEN,Vendetta,uncommon,Uncommon,Unit,,Calm,3,3,,"Dog, Freljord","[Empower] :rb_energy_12:. This ability costs :rb_energy_1: less for each rune you control. (Pay the cost: Empower me. Use only if not Empowered.)
[Empowered][>] I have +3 :rb_might:.","Riftbound Unit: Frostcoat Mother. [Empower] [12]. This ability costs [1] less for each rune you control. (Pay the cost: Empower me. Use only if not Empowered.)
[Empowered][>] I have +3 [S].",Caravan Studio,portrait,https://cmsassets.rgpub.io/sanity/images/dsfx7636/game_data_live/38e2b4f12346a1af420f875c0a5f922c56c4140f-744x1039.png?accountingTag=RB
ven-033-166,VEN-033/166,33,Pakaa Protector,VEN,Vendetta,uncommon,Uncommon,Unit,,Calm,5,4,,"Cat, Shurima","When I move, reveal the top card of your Main Deck. If it's a unit, draw it. Otherwise, put it in your trash and give me +2 :rb_might: this turn.","Riftbound Unit: Pakaa Protector. When I move, reveal the top card of your Main Deck. If it's a unit, draw it. Otherwise, put it in your trash and give me +2 [S] this turn.",Bubble Cat Studio,portrait,https://cmsassets.rgpub.io/sanity/images/dsfx7636/game_data_live/ab3be32adadb72831c07750d8defc7918fd32d96-744x1039.png?accountingTag=RB
ven-034-166,VEN-034/166,34,Resonating Strike,VEN,Vendetta,uncommon,Uncommon,Spell,,Calm,2,,1,,"[Hidden] (Hide now for :rb_rune_rainbow: to react with later for :rb_energy_0:.)
[Reaction] (Play on your turn or in showdowns.)
Choose a battlefield you control and a unit you control at a different location. Move that unit to that battlefield and give it +2 :rb_might: this turn.","Riftbound Spell: Resonating Strike. [Hidden] (Hide now for [A] to react with later for [0].)
[Reaction] (Play on your turn or in showdowns.)
Choose a battlefield you control and a unit you control at a different location. Move that unit to that battlefield and give it +2 [S] this turn.",Kudos Productions,portrait,https://cmsassets.rgpub.io/sanity/images/dsfx7636/game_data_live/1a625de128019d65d41dd0af4f8d189d5de530a5-744x1039.png?accountingTag=RB
ven-035-166,VEN-035/166,35,Sanction,VEN,Vendetta,uncommon,Uncommon,Spell,,Calm,3,,1,,"[Reaction] (Play any time, even before spells and abilities resolve.)
Choose one —Empower a unit. Disempower it at end of turn.Disempower a unit that's [Empowered]. Empower it at end of turn.","Riftbound Spell: Sanction. [Reaction] (Play any time, even before spells and abilities resolve.)
Choose one —
- Empower a unit. Disempower it at end of turn.
- Disempower a unit that's [Empowered]. Empower it at end of turn.",Wild Blue Studios,portrait,https://cmsassets.rgpub.io/sanity/images/dsfx7636/game_data_live/daef24792dddefd0971b34d01bd60bc3b11adcca-744x1039.png?accountingTag=RB
ven-036-166,VEN-036/166,36,Sandstone Chimera,VEN,Vendetta,uncommon,Uncommon,Unit,,Calm,7,8,2,Shurima,"While I'm at a battlefield, players only channel 1 rune at the start of their Channel Phase.","Riftbound Unit: Sandstone Chimera. While I'm at a battlefield, players only channel 1 rune at the start of their Channel Phase.",Kudos Productions,portrait,https://cmsassets.rgpub.io/sanity/images/dsfx7636/game_data_live/7a483e91e2bbb81bc8f66697bd610427b080b45c-744x1039.png?accountingTag=RB
ven-037-166,VEN-037/166,37,Tomb-Raider Barbara,VEN,Vendetta,uncommon,Uncommon,Unit,,Calm,4,4,,Shurima,"When you play me, if you control 7 or more runes, choose an enemy gear. If it's [Empowered], disempower it. Otherwise, kill it.","Riftbound Unit: Tomb-Raider Barbara. When you play me, if you control 7 or more runes, choose an enemy gear. If it's [Empowered], disempower it. Otherwise, kill it.",Caravan Studio,portrait,https://cmsassets.rgpub.io/sanity/images/dsfx7636/game_data_live/31d0c16ecaa0bd8522d13d6dd5d940be8111f118-744x1039.png?accountingTag=RB
ven-038a-166,VEN-038a/166,38,"Akali, Silent",VEN,Vendetta,rare,Rare,Unit,Champion,Calm,4,4,1,Akali,"I can't be chosen by enemy spells and abilities unless I'm in combat.
When I move to a battlefield, give me +2 :rb_might: this turn.","Riftbound Unit: Akali, Silent. I can't be chosen by enemy spells and abilities unless I'm in combat.
When I move to a battlefield, give me +2 [S] this turn.",League Splash Team,portrait,https://cmsassets.rgpub.io/sanity/images/dsfx7636/game_data_live/6924311aab46a74aa2c54030c053427725860ea8-744x1039.png?accountingTag=RB
ven-038-166,VEN-038/166,38,"Akali, Silent",VEN,Vendetta,rare,Rare,Unit,Champion,Calm,4,4,1,"Ionia, Akali","I can't be chosen by enemy spells and abilities unless I'm in combat.
When I move to a battlefield, give me +2 :rb_might: this turn.","Riftbound Unit: Akali, Silent. I can't be chosen by enemy spells and abilities unless I'm in combat.
When I move to a battlefield, give me +2 [S] this turn.",League Splash Team,portrait,https://cmsassets.rgpub.io/sanity/images/dsfx7636/game_data_live/f1a4d73853194a3dde02c51b083d197af89d2bda-744x1039.png?accountingTag=RB
ven-039-166,VEN-039/166,39,Crumbling Sands,VEN,Vendetta,rare,Rare,Spell,,Calm,1,,1,,"[Reaction] (Play any time, even before spells and abilities resolve.)
Counter a spell if an opponent has played another spell this turn.","Riftbound Spell: Crumbling Sands. [Reaction] (Play any time, even before spells and abilities resolve.)
Counter a spell if an opponent has played another spell this turn.",Kudos Productions,portrait,https://cmsassets.rgpub.io/sanity/images/dsfx7636/game_data_live/0d7491bdb2e9d18f64a5b53a16623b26a7cac6a1-744x1039.png?accountingTag=RB
ven-040-166,VEN-040/166,40,Decree of Focus,VEN,Vendetta,rare,Rare,Spell,,Calm,1,,,,"[Reaction] (Play any time, even before spells and abilities resolve.)
Choose a friendly unit that's in combat with an enemy Fury (:rb_rune_fury:) unit or that's being chosen by an enemy Fury spell. Give it +4 :rb_might: this turn.","Riftbound Spell: Decree of Focus. [Reaction] (Play any time, even before spells and abilities resolve.)
Choose a friendly unit that's in combat with an enemy Fury ([R]) unit or that's being chosen by an enemy Fury spell. Give it +4 [S] this turn.",Envar Studio,portrait,https://cmsassets.rgpub.io/sanity/images/dsfx7636/game_data_live/3f9a1b209cfd6097bac6fa9aec57531e300ef511-744x1039.png?accountingTag=RB
ven-041-166,VEN-041/166,41,"Riven, Shattered",VEN,Vendetta,rare,Rare,Unit,Champion,Calm,3,3,1,"Noxus, Riven","[Weaponmaster] (When you play me, you may [Equip] one of your Equipment to me for :rb_rune_rainbow: less, even if it's already attached.)
When I attack, choose an enemy unit here. Deal 2 to it for each Equipment attached to me.","Riftbound Unit: Riven, Shattered. [Weaponmaster] (When you play me, you may [Equip] one of your Equipment to me for [A] less, even if it's already attached.)
When I attack, choose an enemy unit here. Deal 2 to it for each Equipment attached to me.",Envar Studio,portrait,https://cmsassets.rgpub.io/sanity/images/dsfx7636/game_data_live/8c16a53ee243e468f3c337de4354668665f3b386-744x1039.png?accountingTag=RB
ven-042-166,VEN-042/166,42,"Shen, Scourge of Shadows",VEN,Vendetta,rare,Rare,Unit,Champion,Calm,5,6,1,"Shen, Ionia","When I hold, if there is exactly one other unit you control here, draw 1.","Riftbound Unit: Shen, Scourge of Shadows. When I hold, if there is exactly one other unit you control here, draw 1.",Six More Vodka,portrait,https://cmsassets.rgpub.io/sanity/images/dsfx7636/game_data_live/bbe849918c7f4189379ae8957dd427a3f272a1a6-744x1039.png?accountingTag=RB
ven-042a-166,VEN-042a/166,42,"Shen, Scourge of Shadows",VEN,Vendetta,rare,Rare,Unit,Champion,Calm,5,6,1,Shen,"When I hold, if there is exactly one other unit you control here, draw 1.","Riftbound Unit: Shen, Scourge of Shadows. When I hold, if there is exactly one other unit you control here, draw 1.",League Splash Team,portrait,https://cmsassets.rgpub.io/sanity/images/dsfx7636/game_data_live/a4bac7b94b87fbb3227ecdccd9e2aa1231b655c8-744x1039.png?accountingTag=RB
ven-043-166,VEN-043/166,43,Steel Paws,VEN,Vendetta,rare,Rare,Unit,,Calm,1,0,,"Cat, Piltover","[Deflect] (Opponents must pay :rb_rune_rainbow: to choose me with a spell or ability.)
[Empower] :rb_energy_7: (:rb_energy_7:: Empower me. Use only if not Empowered.)
[Empowered][>] I have +7 :rb_might:.","Riftbound Unit: Steel Paws. [Deflect] (Opponents must pay [A] to choose me with a spell or ability.)
[Empower] [7] ([7]: Empower me. Use only if not Empowered.)
[Empowered][>] I have +7 [S].",Six More Vodka,portrait,https://cmsassets.rgpub.io/sanity/images/dsfx7636/game_data_live/79d9b6583ed8e7d5a1486f1c15b66b19fb7f69a5-744x1039.png?accountingTag=RB
ven-044-166,VEN-044/166,44,Astral Heron,VEN,Vendetta,epic,Epic,Unit,,Calm,7,7,,"Bird, Mount Targon","When you play your first card each turn, if I'm at a battlefield, your next card costs :rb_energy_2::rb_rune_rainbow::rb_rune_rainbow: less.","Riftbound Unit: Astral Heron. When you play your first card each turn, if I'm at a battlefield, your next card costs [2][A][A] less.",Kudos Productions,portrait,https://cmsassets.rgpub.io/sanity/images/dsfx7636/game_data_live/b1ce87efc9a1a7e2438c53e034a7f92caaa67ed6-744x1039.png?accountingTag=RB
ven-045-166,VEN-045/166,45,Helm of Suppression,VEN,Vendetta,epic,Epic,Gear,,Calm,4,,1,,"[Empower] :rb_energy_4::rb_rune_calm: (:rb_energy_4::rb_rune_calm:: Empower this. Use only if not Empowered.)
Opponents' spells cost :rb_energy_1: more. If this is [Empowered], they cost :rb_energy_1::rb_rune_rainbow: more instead.","Riftbound Gear: Helm of Suppression. [Empower] [4][C] ([4][C]: Empower this. Use only if not Empowered.)
Opponents' spells cost [1] more. If this is [Empowered], they cost [1][A] more instead.",Kudos Productions,portrait,https://cmsassets.rgpub.io/sanity/images/dsfx7636/game_data_live/ecfe67bbdc04f5c16a845ccc7a1b8d534195ca70-744x1039.png?accountingTag=RB
ven-046-166,VEN-046/166,46,"Nasus, Ascended",VEN,Vendetta,epic,Epic,Unit,Champion,Calm,8,8,1,"Dog, Shurima, Nasus","[Deflect 2] (Opponents must pay :rb_rune_rainbow::rb_rune_rainbow: to choose me with a spell or ability.)
[Empower] :rb_energy_8: (:rb_energy_8:: Empower me. Use only if not Empowered.)
[Empowered][>] When I conquer, you score 1 point.","Riftbound Unit: Nasus, Ascended. [Deflect 2] (Opponents must pay [A][A] to choose me with a spell or ability.)
[Empower] [8] ([8]: Empower me. Use only if not Empowered.)
[Empowered][>] When I conquer, you score 1 point.",Six More Vodka,portrait,https://cmsassets.rgpub.io/sanity/images/dsfx7636/game_data_live/4d9e9cc17be6aebf33ee1db42b515ad87ba8ee8c-744x1039.png?accountingTag=RB
ven-046a-166,VEN-046a/166,46,"Nasus, Ascended",VEN,Vendetta,epic,Epic,Unit,Champion,Calm,8,8,1,"Dog, Nasus","[Deflect 2]
[Empower] :rb_energy_8:
[Empowered][>] When I conquer, you score 1 point.","Riftbound Unit: Nasus, Ascended. [Deflect 2]
[Empower] [8]
[Empowered][>] When I conquer, you score 1 point.",League Splash Team,portrait,https://cmsassets.rgpub.io/sanity/images/dsfx7636/game_data_live/014103b536a1c5aa2397f0952323375ac9b73d60-744x1039.png?accountingTag=RB
ven-047-166,VEN-047/166,47,Apprentice Mage,VEN,Vendetta,common,Common,Unit,,Mind,3,3,,Bilgewater,"[Empower] :rb_energy_2: (:rb_energy_2:: Empower me. Use only if not Empowered.)
When I become [Empowered], [Predict 2]. (Look at the top 2 cards of your Main Deck. Recycle any of them and put the rest back in any order.)
[Empowered][>] I have +1 :rb_might:.","Riftbound Unit: Apprentice Mage. [Empower] [2] ([2]: Empower me. Use only if not Empowered.)
When I become [Empowered], [Predict 2]. (Look at the top 2 cards of your Main Deck. Recycle any of them and put the rest back in any order.)
[Empowered][>] I have +1 [S].",Envar Studio,portrait,https://cmsassets.rgpub.io/sanity/images/dsfx7636/game_data_live/6e650b9680864a949299cbe2ef7d06d1d22c7d18-744x1039.png?accountingTag=RB
ven-048-166,VEN-048/166,48,Cloud Drake,VEN,Vendetta,common,Common,Unit,,Mind,6,5,,"Dragon, Demacia","When you play me, draw 1.","Riftbound Unit: Cloud Drake. When you play me, draw 1.",Wild Blue Studios,portrait,https://cmsassets.rgpub.io/sanity/images/dsfx7636/game_data_live/cb0dbff1058e8c59fa041dd242aa9b43d92eae14-744x1039.png?accountingTag=RB
ven-049-166,VEN-049/166,49,Dredge Up,VEN,Vendetta,common,Common,Spell,,Mind,2,,,,"Draw 1.
[Flow] :rb_energy_2: (You may play this from your trash for its Flow cost. Then banish it.)","Riftbound Spell: Dredge Up. Draw 1.
[Flow] [2] (You may play this from your trash for its Flow cost. Then banish it.)",Kudos Productions,portrait,https://cmsassets.rgpub.io/sanity/images/dsfx7636/game_data_live/cf561c8a0f8debde66b66d3e74ce861d0ce388ae-744x1039.png?accountingTag=RB
ven-050-166,VEN-050/166,50,Grumpy Rockbear,VEN,Vendetta,common,Common,Unit,,Mind,4,4,,Shurima,"[Empower] :rb_energy_12:. This ability costs :rb_energy_1: less for each rune you control. (Pay the cost: Empower me. Use only if not Empowered.)
[Empowered][>] I have [Deflect] and [Shield 3]. (Opponents must pay :rb_rune_rainbow: to choose me with a spell or ability.+3 :rb_might: while I'm a defender.)","Riftbound Unit: Grumpy Rockbear. [Empower] [12]. This ability costs [1] less for each rune you control. (Pay the cost: Empower me. Use only if not Empowered.)
[Empowered][>] I have [Deflect] and [Shield 3]. (Opponents must pay [A] to choose me with a spell or ability.+3 [S] while I'm a defender.)",Dao Trong Le,portrait,https://cmsassets.rgpub.io/sanity/images/dsfx7636/game_data_live/2f7f3759c59746486a5f91b8452302fa59eddde6-744x1039.png?accountingTag=RB
ven-051-166,VEN-051/166,51,Iterative Design,VEN,Vendetta,common,Common,Spell,,Mind,4,,,,"Play a 3 :rb_might: Mech unit token.
[Flow] :rb_energy_2::rb_rune_mind: (You may play this from your trash for its Flow cost. Then banish it.)","Riftbound Spell: Iterative Design. Play a 3 [S] Mech unit token.
[Flow] [2][C] (You may play this from your trash for its Flow cost. Then banish it.)",Kudos Productions,portrait,https://cmsassets.rgpub.io/sanity/images/dsfx7636/game_data_live/8d85a05075f95b63832ed7aa15620041eacb49d3-744x1039.png?accountingTag=RB
ven-052-166,VEN-052/166,52,Mesmerize,VEN,Vendetta,common,Common,Spell,,Mind,1,,1,,"[Reaction] (Play any time, even before spells and abilities resolve.)
Choose one —Return a friendly unit to its owner's hand.Give an enemy unit -2 :rb_might: this turn.","Riftbound Spell: Mesmerize. [Reaction] (Play any time, even before spells and abilities resolve.)
Choose one —
- Return a friendly unit to its owner's hand.
- Give an enemy unit -2 [S] this turn.",小牛设计,portrait,https://cmsassets.rgpub.io/sanity/images/dsfx7636/game_data_live/854ceafc3f20c7e2d38c83170cb73232116f3d58-744x1039.png?accountingTag=RB
ven-053-166,VEN-053/166,53,Otterpus,VEN,Vendetta,uncommon,Uncommon,Unit,,Mind,2,2,,Bandle City,"If a player would score 1 point from conquering or holding during their first or second turn, they draw 1 instead.","Riftbound Unit: Otterpus. If a player would score 1 point from conquering or holding during their first or second turn, they draw 1 instead.",Kudos Productions,portrait,https://cmsassets.rgpub.io/sanity/images/dsfx7636/game_data_live/62f77b80a6d8f28a92c039595baf5943c4e055f0-744x1039.png?accountingTag=RB
ven-054-166,VEN-054/166,54,Questionable Tome,VEN,Vendetta,common,Common,Gear,,Mind,3,,,,"[Empower] —  :rb_exhaust: (Pay the cost: Empower me. Use only if not Empowered.)
Disempower this, :rb_energy_1:, :rb_exhaust:: Draw 1.","Riftbound Gear: Questionable Tome. [Empower] —  [T] (Pay the cost: Empower me. Use only if not Empowered.)
Disempower this, [1], [T]: Draw 1.",Kudos Productions,portrait,https://cmsassets.rgpub.io/sanity/images/dsfx7636/game_data_live/07bb606d7cbcb218496b78a4fef354abb99875dc-744x1039.png?accountingTag=RB
ven-055-166,VEN-055/166,55,Applied Researchers,VEN,Vendetta,uncommon,Uncommon,Unit,,Mind,4,4,,Shurima,"[Empower] :rb_energy_3: (:rb_energy_3:: Empower me. Use only if not Empowered.)
[Empowered][>] Your spells cost :rb_energy_1::rb_rune_rainbow: less, to a minimum of :rb_energy_1:.","Riftbound Unit: Applied Researchers. [Empower] [3] ([3]: Empower me. Use only if not Empowered.)
[Empowered][>] Your spells cost [1][A] less, to a minimum of [1].",Polar Engine Studio,portrait,https://cmsassets.rgpub.io/sanity/images/dsfx7636/game_data_live/67a5f67bad4d4201b14760206a34c838d7a1e4dc-744x1039.png?accountingTag=RB
ven-056-166,VEN-056/166,56,Clairvoyance,VEN,Vendetta,uncommon,Uncommon,Spell,,Mind,7,,,,"[Reaction] (Play any time, even before spells and abilities resolve.)
[Predict 5]. (Look at the top 5 cards of your Main Deck. Recycle any of them and put the rest back in any order.)
Draw 2.","Riftbound Spell: Clairvoyance. [Reaction] (Play any time, even before spells and abilities resolve.)
[Predict 5]. (Look at the top 5 cards of your Main Deck. Recycle any of them and put the rest back in any order.)
Draw 2.",Max Grecke,portrait,https://cmsassets.rgpub.io/sanity/images/dsfx7636/game_data_live/f43cb85d4939cc6ea1ed67b1c6526eef912cf9a6-744x1039.png?accountingTag=RB
ven-057-166,VEN-057/166,57,Covert Informant,VEN,Vendetta,uncommon,Uncommon,Unit,,Mind,3,4,1,Noxus,"[Empower] :rb_energy_3: (:rb_energy_3:: Empower me. Use only if not Empowered.)
[Empowered][>] When I move, draw 1.","Riftbound Unit: Covert Informant. [Empower] [3] ([3]: Empower me. Use only if not Empowered.)
[Empowered][>] When I move, draw 1.",Grafit Studio,portrait,https://cmsassets.rgpub.io/sanity/images/dsfx7636/game_data_live/ff33454bf980a5c884b63e524c6580408e9b94e3-744x1039.png?accountingTag=RB
ven-058-166,VEN-058/166,58,Patched Porobot,VEN,Vendetta,common,Common,Unit,,Mind,2,2,,"Mech, Poro, Piltover","(I enter exhausted.)
When you play me, if you control 3 or more other gear, draw 1.","Riftbound Unit, Gear: Patched Porobot. (I enter exhausted.)
When you play me, if you control 3 or more other gear, draw 1.",Six More Vodka,portrait,https://cmsassets.rgpub.io/sanity/images/dsfx7636/game_data_live/7667d7e0c902782c38221e9326d1bb98181ec17f-744x1039.png?accountingTag=RB
ven-059-166,VEN-059/166,59,Shock Blast,VEN,Vendetta,uncommon,Uncommon,Spell,,Mind,3,,1,,"[Action] (Play on your turn or in showdowns.)
This costs :rb_energy_2: less if you control something that's [Empowered].
Deal 4 to a unit at a battlefield.","Riftbound Spell: Shock Blast. [Action] (Play on your turn or in showdowns.)
This costs [2] less if you control something that's [Empowered].
Deal 4 to a unit at a battlefield.",Kudos Productions,portrait,https://cmsassets.rgpub.io/sanity/images/dsfx7636/game_data_live/a8b976725e4722dcbf327cde9f92625cb516150e-744x1039.png?accountingTag=RB
ven-060-166,VEN-060/166,60,Sky Cruiser,VEN,Vendetta,uncommon,Uncommon,Unit,,Mind,4,3,1,Piltover,"Discard a gear, :rb_energy_1:, :rb_exhaust:: Deal 4 to a unit at a battlefield.","Riftbound Unit: Sky Cruiser. Discard a gear, [1], [T]: Deal 4 to a unit at a battlefield.",Kudos Productions,portrait,https://cmsassets.rgpub.io/sanity/images/dsfx7636/game_data_live/4a99fbe995f6d5d71c1c46e1c38f64a9f9d7c3e9-744x1039.png?accountingTag=RB
ven-061-166,VEN-061/166,61,Decree of Insight,VEN,Vendetta,rare,Rare,Spell,,Mind,1,,,,"[Reaction] (Play any time, even before spells and abilities resolve.)
Ignore [Deflect] while paying this spell's cost.
Give an enemy Body (:rb_rune_body:) unit -5 :rb_might: this turn.","Riftbound Spell: Decree of Insight. [Reaction] (Play any time, even before spells and abilities resolve.)
Ignore [Deflect] while paying this spell's cost.
Give an enemy Body ([O]) unit -5 [S] this turn.",Envar Studio,portrait,https://cmsassets.rgpub.io/sanity/images/dsfx7636/game_data_live/da019355562b207814be6aec55bccf415bd416df-744x1039.png?accountingTag=RB
ven-062-166,VEN-062/166,62,Hextech Formula,VEN,Vendetta,rare,Rare,Gear,,Mind,2,,,,"This enters exhausted.
:rb_exhaust:: Empower another gear. (It becomes Empowered if it's not already.)","Riftbound Gear: Hextech Formula. This enters exhausted.
[T]: Empower another gear. (It becomes Empowered if it's not already.)",Kudos Productions,portrait,https://cmsassets.rgpub.io/sanity/images/dsfx7636/game_data_live/95f4ee0625dda4213847e6649465397be03c8bd1-744x1039.png?accountingTag=RB
ven-063-166,VEN-063/166,63,"Nasus, Guardian of Knowledge",VEN,Vendetta,rare,Rare,Unit,Champion,Mind,5,6,1,"Dog, Shurima, Nasus","Once each turn, when an enemy unit here dies, channel 1 rune exhausted.","Riftbound Unit: Nasus, Guardian of Knowledge. Once each turn, when an enemy unit here dies, channel 1 rune exhausted.",Six More Vodka,portrait,https://cmsassets.rgpub.io/sanity/images/dsfx7636/game_data_live/aa96dbb8b4d72db7e47a72ce652ad542f55bf31d-744x1039.png?accountingTag=RB
ven-063a-166,VEN-063a/166,63,"Nasus, Guardian of Knowledge",VEN,Vendetta,rare,Rare,Unit,Champion,Mind,5,6,1,"Dog, Nasus","Once each turn, when an enemy unit here dies, channel 1 rune exhausted.","Riftbound Unit: Nasus, Guardian of Knowledge. Once each turn, when an enemy unit here dies, channel 1 rune exhausted.",League Splash Team,portrait,https://cmsassets.rgpub.io/sanity/images/dsfx7636/game_data_live/c6bfe2146a52c3d8dd0230904435369ff29bac0e-744x1039.png?accountingTag=RB
ven-064-166,VEN-064/166,64,Plaza Guardian,VEN,Vendetta,rare,Rare,Unit,,Mind,10,8,,"Mech, Piltover","I cost :rb_energy_1: less for each gear you control.
[Deflect] (Opponents must pay :rb_rune_rainbow: to choose me with a spell or ability.)","Riftbound Unit: Plaza Guardian. I cost [1] less for each gear you control.
[Deflect] (Opponents must pay [A] to choose me with a spell or ability.)",Six More Vodka,portrait,https://cmsassets.rgpub.io/sanity/images/dsfx7636/game_data_live/3fc86ed4d23604dbb3c7de211eb6a9c36bd9176d-744x1039.png?accountingTag=RB
ven-065-166,VEN-065/166,65,"Swain, Visionary",VEN,Vendetta,rare,Rare,Unit,Champion,Mind,6,6,1,"Noxus, Swain, Demon","[Vision] (When you play me, look at the top card of your Main Deck. You may recycle it.)
When I conquer, if you've played a non-token unit, a non-token gear, and a spell this turn, you score 1 point.","Riftbound Unit: Swain, Visionary. [Vision] (When you play me, look at the top card of your Main Deck. You may recycle it.)
When I conquer, if you've played a non-token unit, a non-token gear, and a spell this turn, you score 1 point.",Six More Vodka,portrait,https://cmsassets.rgpub.io/sanity/images/dsfx7636/game_data_live/66d8ec4322d6734719451bb3e004b7d2ec71af87-744x1039.png?accountingTag=RB
ven-066-166,VEN-066/166,66,Temporal Breach,VEN,Vendetta,rare,Rare,Spell,,Mind,2,,1,,"[Hidden] (Hide now for :rb_rune_rainbow: to react with later for :rb_energy_0:.)
Banish a unit, then its owner plays it to the same location, ignoring its cost.","Riftbound Spell: Temporal Breach. [Hidden] (Hide now for [A] to react with later for [0].)
Banish a unit, then its owner plays it to the same location, ignoring its cost.",Kudos Productions,portrait,https://cmsassets.rgpub.io/sanity/images/dsfx7636/game_data_live/7c670dc3d997c52b90d67043989b53c67a72f4c4-744x1039.png?accountingTag=RB
ven-067-166,VEN-067/166,67,Bottled Constellation,VEN,Vendetta,epic,Epic,Gear,,Mind,10,,2,,"At the start of your Main Phase, you may kill 3 other friendly units and/or gear to score 1 point.","Riftbound Gear: Bottled Constellation. At the start of your Main Phase, you may kill 3 other friendly units and/or gear to score 1 point.",Kudos Productions,portrait,https://cmsassets.rgpub.io/sanity/images/dsfx7636/game_data_live/2068b7c202cab7f877c331a7bad0531d6a8f0d73-744x1039.png?accountingTag=RB
ven-068-166,VEN-068/166,68,"Jayce, Brilliant Inventor",VEN,Vendetta,epic,Epic,Unit,Champion,Mind,6,6,1,"Jayce, Piltover","When you play me or the first time you play a non-token gear each turn, you may ready something besides me that's exhausted.","Riftbound Unit: Jayce, Brilliant Inventor. When you play me or the first time you play a non-token gear each turn, you may ready something besides me that's exhausted.",Pandart Studio,portrait,https://cmsassets.rgpub.io/sanity/images/dsfx7636/game_data_live/123e949085a63fdb6e1590ff0e519cab5758688b-744x1039.png?accountingTag=RB
ven-068a-166,VEN-068a/166,68,"Jayce, Brilliant Inventor",VEN,Vendetta,epic,Epic,Unit,Champion,Mind,6,6,1,Jayce,"When you play me or the first time you play a non-token gear each turn, you may ready something besides me that's exhausted.","Riftbound Unit: Jayce, Brilliant Inventor. When you play me or the first time you play a non-token gear each turn, you may ready something besides me that's exhausted.",League Splash Team,portrait,https://cmsassets.rgpub.io/sanity/images/dsfx7636/game_data_live/77439053c7f0cb76ff470d7ecaa57871448b1faf-744x1039.png?accountingTag=RB
ven-069-166,VEN-069/166,69,"Mel, Newly Awakened",VEN,Vendetta,epic,Epic,Unit,Champion,Mind,4,4,1,"Noxus, Mel","When you play me, draw 1.
[Empower] :rb_energy_3: (:rb_energy_3:: Empower me. Use only if not Empowered.)
[Empowered][>] Your spells and abilities can't be countered. If a spell or ability you control would give -:rb_might: to a unit it chooses, it gives an additional -1 :rb_might:.","Riftbound Unit: Mel, Newly Awakened. When you play me, draw 1.
[Empower] [3] ([3]: Empower me. Use only if not Empowered.)
[Empowered][>] Your spells and abilities can't be countered. If a spell or ability you control would give -[S] to a unit it chooses, it gives an additional -1 [S].",Pandart Studio,portrait,https://cmsassets.rgpub.io/sanity/images/dsfx7636/game_data_live/7d794234d8efef9ad647046d1e2cd3736441899f-744x1039.png?accountingTag=RB
ven-069a-166,VEN-069a/166,69,"Mel, Newly Awakened",VEN,Vendetta,epic,Epic,Unit,Champion,Mind,4,4,1,Mel,"When you play me, draw 1.
[Empower] :rb_energy_3:
[Empowered][>] Your spells and abilities can't be countered. If a spell or ability you control would give -:rb_might: to a unit it chooses, it gives an additional -1 :rb_might:.","Riftbound Unit: Mel, Newly Awakened. When you play me, draw 1.
[Empower] [3]
[Empowered][>] Your spells and abilities can't be countered. If a spell or ability you control would give -[S] to a unit it chooses, it gives an additional -1 [S].",Envar Studio,portrait,https://cmsassets.rgpub.io/sanity/images/dsfx7636/game_data_live/2781dd135b5f42527df3bacee59ccee8684236fa-744x1039.png?accountingTag=RB
ven-070-166,VEN-070/166,70,Brutal Hunter,VEN,Vendetta,common,Common,Unit,,Body,3,4,1,Noxus,"[Empower] :rb_energy_3: (:rb_energy_3:: Empower me. Use only if not Empowered.)
[Empowered][>] I have +2 :rb_might: and [Ganking]. (I can move from battlefield to battlefield.)","Riftbound Unit: Brutal Hunter. [Empower] [3] ([3]: Empower me. Use only if not Empowered.)
[Empowered][>] I have +2 [S] and [Ganking]. (I can move from battlefield to battlefield.)",Six More Vodka,portrait,https://cmsassets.rgpub.io/sanity/images/dsfx7636/game_data_live/54122304a3bb1f989faf124cb74fd7d41b029681-744x1039.png?accountingTag=RB
ven-071-166,VEN-071/166,71,Fretful Feline,VEN,Vendetta,common,Common,Unit,,Body,6,5,,"Cat, Piltover","When I become ready, give me +2 :rb_might: this turn.","Riftbound Unit: Fretful Feline. When I become ready, give me +2 [S] this turn.",Six More Vodka,portrait,https://cmsassets.rgpub.io/sanity/images/dsfx7636/game_data_live/24370c9e33705b393c40f426e221ae851a65dd05-744x1039.png?accountingTag=RB
ven-072-166,VEN-072/166,72,Guttural Roar,VEN,Vendetta,common,Common,Spell,,Body,2,,,,"[Action] (Play on your turn or in showdowns.)
Give a unit +2 :rb_might: this turn. If it's [Empowered], give it +4 :rb_might: this turn instead.","Riftbound Spell: Guttural Roar. [Action] (Play on your turn or in showdowns.)
Give a unit +2 [S] this turn. If it's [Empowered], give it +4 [S] this turn instead.",Kudos Productions,portrait,https://cmsassets.rgpub.io/sanity/images/dsfx7636/game_data_live/891f0f85b039b16593865c74b90b0640a312e59b-744x1039.png?accountingTag=RB
ven-073-166,VEN-073/166,73,Jagged Cutlass,VEN,Vendetta,common,Common,Gear,,Body,3,,,Equipment,Equip :rb_rune_body: (:rb_rune_body:: Attach this to a unit you control.),Riftbound Gear: Jagged Cutlass. Equip [C] ([C]: Attach this to a unit you control.),Kudos Productions,portrait,https://cmsassets.rgpub.io/sanity/images/dsfx7636/game_data_live/22aae23e1ac1797beb50f3f735becfe65b51ee02-744x1039.png?accountingTag=RB
ven-074-166,VEN-074/166,74,Legion Marauder,VEN,Vendetta,common,Common,Unit,,Body,2,2,,"Trifarian, Noxus","[Empower] — :rb_energy_1: or :rb_rune_body: (Pay either cost: Empower me. Use only if not Empowered.)
[Empowered][>] I have +1 :rb_might:.","Riftbound Unit: Legion Marauder. [Empower] — [1] or [C] (Pay either cost: Empower me. Use only if not Empowered.)
[Empowered][>] I have +1 [S].",Six More Vodka,portrait,https://cmsassets.rgpub.io/sanity/images/dsfx7636/game_data_live/15ec9e813e58c9ba96f37e78f09faaaa184ecdad-744x1039.png?accountingTag=RB
ven-075-166,VEN-075/166,75,Platewyrm Egg,VEN,Vendetta,common,Common,Gear,,Body,3,,,,"This enters exhausted.
[Empower] — :rb_energy_1:, :rb_exhaust: (Pay the cost: Empower this. Use only if not Empowered.)
[Reaction][>] :rb_exhaust:: [Add] :rb_energy_1:. If this is [Empowered], [Add] :rb_energy_2: instead.","Riftbound Gear: Platewyrm Egg. This enters exhausted.
[Empower] — [1], [T] (Pay the cost: Empower this. Use only if not Empowered.)
[Reaction][>] [T]: [Add] [1]. If this is [Empowered], [Add] [2] instead.",Kudos Productions,portrait,https://cmsassets.rgpub.io/sanity/images/dsfx7636/game_data_live/f6a3940440a38e34fe306947d663018dd2df7ca8-744x1039.png?accountingTag=RB
ven-076-166,VEN-076/166,76,Repair Specialist,VEN,Vendetta,common,Common,Unit,,Body,3,3,,Zaun,I have [Assault] equal to the number of gear you control. (+1 :rb_might: while I'm an attacker for each instance of Assault.),Riftbound Unit: Repair Specialist. I have [Assault] equal to the number of gear you control. (+1 [S] while I'm an attacker for each instance of Assault.),Dao Trong Le,portrait,https://cmsassets.rgpub.io/sanity/images/dsfx7636/game_data_live/b1ef578e372e64afbce717384fb8a3b7fd841fc8-744x1039.png?accountingTag=RB
ven-077-166,VEN-077/166,77,Tools of Empire,VEN,Vendetta,common,Common,Gear,,Body,4,,,,"[Empower] :rb_energy_2: (:rb_energy_2:: Empower this. Use only if not Empowered.)
:rb_exhaust:: Give a unit +2 :rb_might: this turn. If this is [Empowered], give that unit +4 :rb_might: this turn instead.","Riftbound Gear: Tools of Empire. [Empower] [2] ([2]: Empower this. Use only if not Empowered.)
[T]: Give a unit +2 [S] this turn. If this is [Empowered], give that unit +4 [S] this turn instead.",Wild Blue Studios,portrait,https://cmsassets.rgpub.io/sanity/images/dsfx7636/game_data_live/c4f511ca650143e3f5267e272513e4dcf9cba04f-744x1039.png?accountingTag=RB
ven-078-166,VEN-078/166,78,Baccai Witherclaw,VEN,Vendetta,uncommon,Uncommon,Unit,,Body,4,4,,Shurima,"[Empower] :rb_energy_1::rb_rune_rainbow::rb_rune_rainbow: (:rb_energy_1::rb_rune_rainbow::rb_rune_rainbow:: Empower me. Use only if not Empowered.)
[Empowered][>] I have +2 :rb_might:.
[Empowered][>][>>][Deathknell][>] Channel 2 runes exhausted. (When I die while Empowered, get the effect.)","Riftbound Unit: Baccai Witherclaw. [Empower] [1][A][A] ([1][A][A]: Empower me. Use only if not Empowered.)
[Empowered][>] I have +2 [S].
[Empowered][>][>>][Deathknell][>] Channel 2 runes exhausted. (When I die while Empowered, get the effect.)",Will Gist,portrait,https://cmsassets.rgpub.io/sanity/images/dsfx7636/game_data_live/fa41ae964411e63643025f7d8914627849ff57a8-744x1039.png?accountingTag=RB
ven-079-166,VEN-079/166,79,Dame the Despoiler,VEN,Vendetta,uncommon,Uncommon,Unit,,Body,5,5,,Noxus,"[Empower] :rb_energy_5::rb_rune_body: (:rb_energy_5::rb_rune_body:: Empower me. Use only if not Empowered.)
[Empowered][>] When I attack or defend, choose a unit here. Increase my Might to its Might this turn, then give me +1 :rb_might: this turn.","Riftbound Unit: Dame the Despoiler. [Empower] [5][C] ([5][C]: Empower me. Use only if not Empowered.)
[Empowered][>] When I attack or defend, choose a unit here. Increase my Might to its Might this turn, then give me +1 [S] this turn.",Kudos Productions,portrait,https://cmsassets.rgpub.io/sanity/images/dsfx7636/game_data_live/7c45dc79e72efc8ddf8c5b20d83474e23dc66e5e-744x1039.png?accountingTag=RB
ven-080-166,VEN-080/166,80,Noxian Demolitionist,VEN,Vendetta,uncommon,Uncommon,Unit,,Body,2,1,,Noxus,"When I conquer, you may kill a gear with Energy cost no more than my Might.","Riftbound Unit: Noxian Demolitionist. When I conquer, you may kill a gear with Energy cost no more than my Might.",Dao Trong Le,portrait,https://cmsassets.rgpub.io/sanity/images/dsfx7636/game_data_live/a8c9a1b0eefc89106aa154ce3958c82d86e70940-744x1039.png?accountingTag=RB
ven-081-166,VEN-081/166,81,Onslaught,VEN,Vendetta,uncommon,Uncommon,Spell,,Body,4,,,,"Give a unit +6 :rb_might: this turn.
[Flow] :rb_energy_4: (You may play this from your trash for its Flow cost. Then banish it.)","Riftbound Spell: Onslaught. Give a unit +6 [S] this turn.
[Flow] [4] (You may play this from your trash for its Flow cost. Then banish it.)",Kudos Productions,portrait,https://cmsassets.rgpub.io/sanity/images/dsfx7636/game_data_live/6a1ef90c64e07b3f561e34c8d43ff5f64db925d8-744x1039.png?accountingTag=RB
ven-082-166,VEN-082/166,82,Profiteer,VEN,Vendetta,uncommon,Uncommon,Unit,,Body,4,4,,Shurima,"When you play me, you may disempower something you control to empower a legend, unit, or gear.","Riftbound Unit: Profiteer. When you play me, you may disempower something you control to empower a legend, unit, or gear.",Grafit Studio,portrait,https://cmsassets.rgpub.io/sanity/images/dsfx7636/game_data_live/27955854d3f04ed95e87152f066f99671af2f9f1-744x1039.png?accountingTag=RB
ven-083-166,VEN-083/166,83,Rampage,VEN,Vendetta,uncommon,Uncommon,Spell,,Body,3,,,,"As you play this, you may pay :rb_rune_body: as an additional cost.
Choose a friendly unit and an enemy unit. If you paid the additional cost, give the friendly unit +2 :rb_might: this turn. They deal damage equal to their Mights to each other.","Riftbound Spell: Rampage. As you play this, you may pay [C] as an additional cost.
Choose a friendly unit and an enemy unit. If you paid the additional cost, give the friendly unit +2 [S] this turn. They deal damage equal to their Mights to each other.",Kudos Productions,portrait,https://cmsassets.rgpub.io/sanity/images/dsfx7636/game_data_live/3c85ae2c6bd5b2644651564fad0f86ad19c5709a-744x1039.png?accountingTag=RB
ven-084-166,VEN-084/166,84,"Ambessa, The Wolf",VEN,Vendetta,rare,Rare,Unit,Champion,Body,4,4,,"Noxus, Ambessa","[Empower] :rb_energy_3::rb_rune_body: (:rb_energy_3::rb_rune_body:: Empower me. Use only if not Empowered.)
[Empowered][>] I have +3 :rb_might: and can't be dealt damage unless I'm in combat.","Riftbound Unit: Ambessa, The Wolf. [Empower] [3][C] ([3][C]: Empower me. Use only if not Empowered.)
[Empowered][>] I have +3 [S] and can't be dealt damage unless I'm in combat.",Pandart Studio,portrait,https://cmsassets.rgpub.io/sanity/images/dsfx7636/game_data_live/3907dc56d3a639e62f5222eaa0fd589c7a582da6-744x1039.png?accountingTag=RB
ven-084a-166,VEN-084a/166,84,"Ambessa, The Wolf",VEN,Vendetta,rare,Rare,Unit,Champion,Body,4,4,,Ambessa,"[Empower] :rb_energy_3::rb_rune_body:
[Empowered][>] I have +3 :rb_might: and can't be dealt damage unless I'm in combat.","Riftbound Unit: Ambessa, The Wolf. [Empower] [3][C]
[Empowered][>] I have +3 [S] and can't be dealt damage unless I'm in combat.",League Splash Team,portrait,https://cmsassets.rgpub.io/sanity/images/dsfx7636/game_data_live/df72c64b97738a217508ee8ee6e6297000607a97-744x1039.png?accountingTag=RB
ven-085-166,VEN-085/166,85,Decree of Strength,VEN,Vendetta,rare,Rare,Spell,,Body,1,,,,Choose an opponent. They reveal their hand and you choose a Mind (:rb_rune_mind:) card from it. They recycle that card.,Riftbound Spell: Decree of Strength. Choose an opponent. They reveal their hand and you choose a Mind ([B]) card from it. They recycle that card.,Envar Studio,portrait,https://cmsassets.rgpub.io/sanity/images/dsfx7636/game_data_live/12106889f9f76914421f38e8958a248462637a22-744x1039.png?accountingTag=RB
ven-086-166,VEN-086/166,86,"Gangplank, Naval",VEN,Vendetta,rare,Rare,Unit,Champion,Body,6,6,,"Bilgewater, Gangplank","[Empower] :rb_rune_body::rb_rune_body: (:rb_rune_body::rb_rune_body:: Empower me. Use only if not Empowered.)
[Empowered][>] If a spell or ability that chooses me would stun me, give me -:rb_might:, or return me to hand, give me +3 :rb_might: instead.","Riftbound Unit: Gangplank, Naval. [Empower] [C][C] ([C][C]: Empower me. Use only if not Empowered.)
[Empowered][>] If a spell or ability that chooses me would stun me, give me -[S], or return me to hand, give me +3 [S] instead.",Six More Vodka,portrait,https://cmsassets.rgpub.io/sanity/images/dsfx7636/game_data_live/f270a3ecc4850594513c45d145f2b855152e2cb7-744x1039.png?accountingTag=RB
ven-087-166,VEN-087/166,87,Hextech Disc,VEN,Vendetta,rare,Rare,Gear,,Body,4,,1,,"[Empower] — :rb_exhaust: (Pay the cost: Empower this. Use only if not Empowered.)
Disempower this, :rb_energy_1:, :rb_exhaust:: Play a 3 :rb_might: Mech unit token to your base.","Riftbound Gear: Hextech Disc. [Empower] — [T] (Pay the cost: Empower this. Use only if not Empowered.)
Disempower this, [1], [T]: Play a 3 [S] Mech unit token to your base.",Polar Engine Studio,portrait,https://cmsassets.rgpub.io/sanity/images/dsfx7636/game_data_live/36acfeb7da10f1254e962b7bacda3e6ea559fe53-744x1039.png?accountingTag=RB
ven-088-166,VEN-088/166,88,"Jayce, Hammer in Hand",VEN,Vendetta,rare,Rare,Unit,Champion,Body,4,5,1,"Jayce, Piltover","When I become ready, choose one to give me this turn —[Assault 2] (+2 :rb_might: while I'm an attacker.)[Deflect 2] (Opponents must pay :rb_rune_rainbow::rb_rune_rainbow: to choose me with a spell or ability.)[Ganking] (I can move from battlefield to battlefield.)","Riftbound Unit: Jayce, Hammer in Hand. When I become ready, choose one to give me this turn —
- [Assault 2] (+2 [S] while I'm an attacker.)
- [Deflect 2] (Opponents must pay [A][A] to choose me with a spell or ability.)
- [Ganking] (I can move from battlefield to battlefield.)",League of Legends,portrait,https://cmsassets.rgpub.io/sanity/images/dsfx7636/game_data_live/2dcecc0aab2b62e48388177cc27d220fd70b8a78-744x1039.png?accountingTag=RB
ven-088a-166,VEN-088a/166,88,"Jayce, Hammer in Hand",VEN,Vendetta,rare,Rare,Unit,Champion,Body,4,5,1,Jayce,"When I become ready, choose one to give me this turn —[Assault 2][Deflect 2][Ganking]","Riftbound Unit: Jayce, Hammer in Hand. When I become ready, choose one to give me this turn —
- [Assault 2]
- [Deflect 2]
- [Ganking]",League Splash Team,portrait,https://cmsassets.rgpub.io/sanity/images/dsfx7636/game_data_live/69539dc4cfa14f1cfe9dc8b49c67344eca176a32-744x1039.png?accountingTag=RB
ven-089-166,VEN-089/166,89,Wild Claw,VEN,Vendetta,rare,Rare,Spell,,Body,7,,1,,"Look at the top 5 cards of your Main Deck. You may banish a unit or gear from among them and play it, reducing its Energy cost by :rb_energy_5:. Recycle the rest. Then you may do this: Empower it. (It becomes Empowered if it's not already.)","Riftbound Spell: Wild Claw. Look at the top 5 cards of your Main Deck. You may banish a unit or gear from among them and play it, reducing its Energy cost by [5]. Recycle the rest. Then you may do this: Empower it. (It becomes Empowered if it's not already.)",Kudos Productions,portrait,https://cmsassets.rgpub.io/sanity/images/dsfx7636/game_data_live/a58871b08a51efb8ce33f399fe4d168fd25b596a-744x1039.png?accountingTag=RB
ven-090-166,VEN-090/166,90,Cataclysmic Duel,VEN,Vendetta,epic,Epic,Spell,,Body,8,,3,,Each player chooses a unit they control. Kill the rest.,Riftbound Spell: Cataclysmic Duel. Each player chooses a unit they control. Kill the rest.,Kudos Productions,portrait,https://cmsassets.rgpub.io/sanity/images/dsfx7636/game_data_live/1fb5fcd8ca8be36b5aba234040b7428aab682576-744x1039.png?accountingTag=RB
ven-091-166,VEN-091/166,91,Corrupted Dragon,VEN,Vendetta,epic,Epic,Unit,,Body,10,10,2,"Dragon, Shadow Isles","If your score is not within 3 points of the Victory Score, I enter ready.
When I attack, you may move any number of enemy units here each with 5 :rb_might: or less to their base.","Riftbound Unit: Corrupted Dragon. If your score is not within 3 points of the Victory Score, I enter ready.
When I attack, you may move any number of enemy units here each with 5 [S] or less to their base.",Envar Studio,portrait,https://cmsassets.rgpub.io/sanity/images/dsfx7636/game_data_live/6000c549047967e619d47bdbd2f265e5bb8b5b19-744x1039.png?accountingTag=RB
ven-092-166,VEN-092/166,92,"Renekton, Brute",VEN,Vendetta,epic,Epic,Unit,Champion,Body,5,4,,"Shurima, Renekton",":rb_energy_1:: Give me +1 :rb_might: this turn.
When my Might becomes 10 or more, empower me. (I become Empowered if I'm not already.)
[Empowered][>] I have [Deflect] and [Ganking]. (Opponents must pay :rb_rune_rainbow: to choose me with a spell or ability. I can move from battlefield to battlefield.)","Riftbound Unit: Renekton, Brute. [1]: Give me +1 [S] this turn.
When my Might becomes 10 or more, empower me. (I become Empowered if I'm not already.)
[Empowered][>] I have [Deflect] and [Ganking]. (Opponents must pay [A] to choose me with a spell or ability. I can move from battlefield to battlefield.)",Six More Vodka,portrait,https://cmsassets.rgpub.io/sanity/images/dsfx7636/game_data_live/0b4340e30e46f1784b31b9a110903825b7428a94-744x1039.png?accountingTag=RB
ven-092a-166,VEN-092a/166,92,"Renekton, Brute",VEN,Vendetta,epic,Epic,Unit,Champion,Body,5,4,,Renekton,":rb_energy_1:: Give me +1 :rb_might: this turn.
When my Might becomes 10 or more, empower me.
[Empowered][>] I have [Deflect] and [Ganking].","Riftbound Unit: Renekton, Brute. [1]: Give me +1 [S] this turn.
When my Might becomes 10 or more, empower me.
[Empowered][>] I have [Deflect] and [Ganking].",League Splash Team,portrait,https://cmsassets.rgpub.io/sanity/images/dsfx7636/game_data_live/ba4078d7df5cd5f661aa0c606794036338b64864-744x1039.png?accountingTag=RB
ven-093-166,VEN-093/166,93,Kinkou Lifeblade,VEN,Vendetta,common,Common,Unit,,Chaos,4,4,,Ionia,"[Empower] :rb_energy_2: (:rb_energy_2:: Empower me. Use only if not Empowered.)
[Empowered][>] I have +1 :rb_might: and [Ganking]. (I can move from battlefield to battlefield.)","Riftbound Unit: Kinkou Lifeblade. [Empower] [2] ([2]: Empower me. Use only if not Empowered.)
[Empowered][>] I have +1 [S] and [Ganking]. (I can move from battlefield to battlefield.)",Six More Vodka,portrait,https://cmsassets.rgpub.io/sanity/images/dsfx7636/game_data_live/18e925b4291231a2045e60d062bd174950316c1d-744x1039.png?accountingTag=RB
ven-094-166,VEN-094/166,94,Mask Mother,VEN,Vendetta,uncommon,Uncommon,Unit,,Chaos,3,3,,"Spirit, Shadow Isles","When you discard me, you may pay :rb_energy_1: to give a friendly unit +2 :rb_might: this turn.","Riftbound Unit: Mask Mother. When you discard me, you may pay [1] to give a friendly unit +2 [S] this turn.",Wild Blue Studios,portrait,https://cmsassets.rgpub.io/sanity/images/dsfx7636/game_data_live/21cf578371a75f6e2661d44f4d7389d8732c133e-744x1039.png?accountingTag=RB
ven-095-166,VEN-095/166,95,Shadow Order Disciple,VEN,Vendetta,common,Common,Unit,,Chaos,2,2,,Ionia,"When I move, you may [Burn 1] to give me +1 :rb_might: this turn. (To Burn 1, put the top card of your Main Deck into your trash.)","Riftbound Unit: Shadow Order Disciple. When I move, you may [Burn 1] to give me +1 [S] this turn. (To Burn 1, put the top card of your Main Deck into your trash.)",Kudos Productions,portrait,https://cmsassets.rgpub.io/sanity/images/dsfx7636/game_data_live/f85fb8b46a29360f9850826df11202ff8221fec8-744x1039.png?accountingTag=RB
ven-096-166,VEN-096/166,96,Shadowblade Lurker,VEN,Vendetta,common,Common,Unit,,Chaos,5,5,,Ionia,I cost :rb_energy_2: less for each card with my name in your trash.,Riftbound Unit: Shadowblade Lurker. I cost [2] less for each card with my name in your trash.,Six More Vodka,portrait,https://cmsassets.rgpub.io/sanity/images/dsfx7636/game_data_live/f42e9286c968db8cd37fb2911617b8c78de7d516-744x1040.png?accountingTag=RB
ven-097-166,VEN-097/166,97,Spiderling,VEN,Vendetta,common,Common,Unit,,Chaos,3,1,,"Shadow Isles, Spider","[Hidden] (Hide now for :rb_rune_rainbow: to react with later for :rb_energy_0:.)
I have +1 :rb_might: for each other unit you control here with my name.
Your deck can have any number of cards named Spiderling.","Riftbound Unit: Spiderling. [Hidden] (Hide now for [A] to react with later for [0].)
I have +1 [S] for each other unit you control here with my name.
Your deck can have any number of cards named Spiderling.",Six More Vodka,portrait,https://cmsassets.rgpub.io/sanity/images/dsfx7636/game_data_live/fadf12e6e52eb5c70c65b479438f999f49d825fc-744x1039.png?accountingTag=RB
ven-098-166,VEN-098/166,98,Stargazer,VEN,Vendetta,common,Common,Unit,,Chaos,5,4,,Mount Targon,"Spells with [Flow] you play from your trash cost :rb_energy_2: less, to a minimum of :rb_energy_1:.","Riftbound Unit: Stargazer. Spells with [Flow] you play from your trash cost [2] less, to a minimum of [1].",Six More Vodka,portrait,https://cmsassets.rgpub.io/sanity/images/dsfx7636/game_data_live/72ef8764cb3909940f0ca4bd8b31cdceed241af0-744x1039.png?accountingTag=RB
ven-099-166,VEN-099/166,99,Tornado Warrior,VEN,Vendetta,common,Common,Unit,,Chaos,3,3,,"Yordle, Bandle City","[Hidden] (Hide now for :rb_rune_rainbow: to react with later for :rb_energy_0:.)
When you play me from face down, you may empower something here. Disempower it at end of turn.","Riftbound Unit: Tornado Warrior. [Hidden] (Hide now for [A] to react with later for [0].)
When you play me from face down, you may empower something here. Disempower it at end of turn.",Kudos Productions,portrait,https://cmsassets.rgpub.io/sanity/images/dsfx7636/game_data_live/f9b2ffecc997670713bffd3168e5578b5fb7a014-744x1039.png?accountingTag=RB
ven-100-166,VEN-100/166,100,Up from the Deep,VEN,Vendetta,common,Common,Spell,,Chaos,3,,,,"Play two 1 :rb_might: Tentacle unit tokens from Bilgewater.
[Flow] :rb_energy_3: (You may play this from your trash for its Flow cost. Then banish it.)","Riftbound Spell: Up from the Deep. Play two 1 [S] Tentacle unit tokens from Bilgewater.
[Flow] [3] (You may play this from your trash for its Flow cost. Then banish it.)",Kudos Productions,portrait,https://cmsassets.rgpub.io/sanity/images/dsfx7636/game_data_live/245942e8b2bf073d5d6d57074474ec273557f4df-744x1039.png?accountingTag=RB
ven-101-166,VEN-101/166,101,Gust Monk,VEN,Vendetta,uncommon,Uncommon,Unit,,Chaos,2,2,,"Yordle, Bandle City","You may pay :rb_energy_1: as an additional cost to play me.
When you play me, if you paid the additional cost, banish a card from any trash to give a unit [Assault 2] this turn. (+2 :rb_might: while it's an attacker.)","Riftbound Unit: Gust Monk. You may pay [1] as an additional cost to play me.
When you play me, if you paid the additional cost, banish a card from any trash to give a unit [Assault 2] this turn. (+2 [S] while it's an attacker.)",Kudos Productions,portrait,https://cmsassets.rgpub.io/sanity/images/dsfx7636/game_data_live/93a194c0c1f055c0b3bc3c0717cbe488749fed92-744x1039.png?accountingTag=RB
ven-102-166,VEN-102/166,102,Ravenbloom Prefect,VEN,Vendetta,common,Common,Unit,,Chaos,3,3,,Noxus,"When an opponent plays a gear, you may banish me to banish it.","Riftbound Unit: Ravenbloom Prefect. When an opponent plays a gear, you may banish me to banish it.",Polar Engine Studio,portrait,https://cmsassets.rgpub.io/sanity/images/dsfx7636/game_data_live/57ecb26880ea084ea16b785c9a563ff298ee6a42-744x1039.png?accountingTag=RB
ven-103-166,VEN-103/166,103,Shadows of the Past,VEN,Vendetta,uncommon,Uncommon,Spell,,Chaos,3,,1,,Return up to 2 units from trashes to their owners' hands.,Riftbound Spell: Shadows of the Past. Return up to 2 units from trashes to their owners' hands.,Kudos Productions,portrait,https://cmsassets.rgpub.io/sanity/images/dsfx7636/game_data_live/25e2130938a893833fcb8e29287adbd230c3b67f-744x1039.png?accountingTag=RB
ven-104-166,VEN-104/166,104,Tail-Cloaked Matriarch,VEN,Vendetta,uncommon,Uncommon,Unit,,Chaos,4,4,,Ionia,"[Empower] :rb_energy_2::rb_rune_chaos: (:rb_energy_2::rb_rune_chaos:: Empower me. Use only if not Empowered.)
When I become [Empowered], you may choose a unit in your trash with Energy cost no more than :rb_energy_3: and Power cost no more than :rb_rune_rainbow:. Play it to your base, ignoring its cost.","Riftbound Unit: Tail-Cloaked Matriarch. [Empower] [2][C] ([2][C]: Empower me. Use only if not Empowered.)
When I become [Empowered], you may choose a unit in your trash with Energy cost no more than [3] and Power cost no more than [A]. Play it to your base, ignoring its cost.",Six More Vodka,portrait,https://cmsassets.rgpub.io/sanity/images/dsfx7636/game_data_live/91a04e2131245c81c2eac486e63925592b0e253a-744x1039.png?accountingTag=RB
ven-105-166,VEN-105/166,105,Twilight Step,VEN,Vendetta,uncommon,Uncommon,Spell,,Chaos,2,,1,,"Move a unit with 3 :rb_might: or less.
[Flow] :rb_energy_4::rb_rune_chaos: (You may play this from your trash for its Flow cost. Then banish it.)","Riftbound Spell: Twilight Step. Move a unit with 3 [S] or less.
[Flow] [4][C] (You may play this from your trash for its Flow cost. Then banish it.)",Kudos Productions,portrait,https://cmsassets.rgpub.io/sanity/images/dsfx7636/game_data_live/1c5c10009a9fb2605df5db1ff12647a47ac07d98-744x1039.png?accountingTag=RB
ven-106-166,VEN-106/166,106,Wind and Ghosts,VEN,Vendetta,uncommon,Uncommon,Spell,,Chaos,3,,1,,"[Action] (Play on your turn or in showdowns.)
Choose a unit at a battlefield. If it has 3 :rb_might: or less, banish it. Otherwise, return it to its owner's hand.","Riftbound Spell: Wind and Ghosts. [Action] (Play on your turn or in showdowns.)
Choose a unit at a battlefield. If it has 3 [S] or less, banish it. Otherwise, return it to its owner's hand.",Kudos Productions,portrait,https://cmsassets.rgpub.io/sanity/images/dsfx7636/game_data_live/ef118660422af84f6183d375b68ce1872acb1e2e-744x1039.png?accountingTag=RB
ven-107-166,VEN-107/166,107,Decree of Discord,VEN,Vendetta,rare,Rare,Spell,,Chaos,1,,1,,Return any number of enemy Order (:rb_rune_order:) units with total Might 5 or less to their owners' hands.,Riftbound Spell: Decree of Discord. Return any number of enemy Order ([Y]) units with total Might 5 or less to their owners' hands.,Envar Studio,portrait,https://cmsassets.rgpub.io/sanity/images/dsfx7636/game_data_live/b0e82842acddb99c47af6793dab48164caf498c2-744x1039.png?accountingTag=RB
ven-108-166,VEN-108/166,108,Forgotten Relic,VEN,Vendetta,rare,Rare,Gear,,Chaos,5,,,,"When you play this or at the start of your Beginning Phase, [Burn 1]. When you burn a unit this way, do this: Give a friendly unit +:rb_might: equal to the burned card's Might this turn. (To Burn 1, put the top card of your Main Deck into your trash.)","Riftbound Gear: Forgotten Relic. When you play this or at the start of your Beginning Phase, [Burn 1]. When you burn a unit this way, do this: Give a friendly unit +[S] equal to the burned card's Might this turn. (To Burn 1, put the top card of your Main Deck into your trash.)",Wild Blue Studios,portrait,https://cmsassets.rgpub.io/sanity/images/dsfx7636/game_data_live/e249b3c2a7f652dfb7549604f600792df11835b4-744x1039.png?accountingTag=RB
ven-109-166,VEN-109/166,109,"Illaoi, Prophet of the Great Kraken",VEN,Vendetta,rare,Rare,Unit,Champion,Chaos,6,4,,"Bilgewater, Illaoi","When you play me or when I score, play a :rb_energy_1: :rb_might: Tentacle unit token from Bilgewater.
I have +1 :rb_might: for each token unit you control.","Riftbound Unit: Illaoi, Prophet of the Great Kraken. When you play me or when I score, play a [1] [S] Tentacle unit token from Bilgewater.
I have +1 [S] for each token unit you control.",Michal Ivan,portrait,https://cmsassets.rgpub.io/sanity/images/dsfx7636/game_data_live/86fccf469e67fb89312e0c860842e2801a8b12e7-744x1039.png?accountingTag=RB
ven-110a-166,VEN-110a/166,110,"Mel, Defiant Soul",VEN,Vendetta,rare,Rare,Unit,Champion,Chaos,5,4,,Mel,"[Empower] — Discard a spell
When I become [Empowered], banish an enemy unit at a battlefield with 3 :rb_might: or less.","Riftbound Unit: Mel, Defiant Soul. [Empower] — Discard a spell
When I become [Empowered], banish an enemy unit at a battlefield with 3 [S] or less.",League Splash Team,portrait,https://cmsassets.rgpub.io/sanity/images/dsfx7636/game_data_live/0495d07746d71cdd1aeae8f7fd5a0b78da0817fb-744x1039.png?accountingTag=RB
ven-110-166,VEN-110/166,110,"Mel, Defiant Soul",VEN,Vendetta,rare,Rare,Unit,Champion,Chaos,5,4,,"Noxus, Mel","[Empower] — Discard a spell (Pay the cost: Empower me. Use only if not Empowered.)
When I become [Empowered], banish an enemy unit at a battlefield with 3 :rb_might: or less.","Riftbound Unit: Mel, Defiant Soul. [Empower] — Discard a spell (Pay the cost: Empower me. Use only if not Empowered.)
When I become [Empowered], banish an enemy unit at a battlefield with 3 [S] or less.",Pandart Studio,portrait,https://cmsassets.rgpub.io/sanity/images/dsfx7636/game_data_live/214567717b4f0156ff06c923e1603234cb52db61-744x1039.png?accountingTag=RB
ven-111-166,VEN-111/166,111,Minah Swiftfoot,VEN,Vendetta,rare,Rare,Unit,,Chaos,6,6,1,Ionia,"When I move to a battlefield, choose one —Each player discards 1.Each player draws 1.","Riftbound Unit: Minah Swiftfoot. When I move to a battlefield, choose one —
- Each player discards 1.
- Each player draws 1.",Six More Vodka,portrait,https://cmsassets.rgpub.io/sanity/images/dsfx7636/game_data_live/30b6e4a44bcadaa53168bd4ac043fbf2136f5eb3-744x1039.png?accountingTag=RB
ven-112a-166,VEN-112a/166,112,"Zed, Without a Sound",VEN,Vendetta,rare,Rare,Unit,Champion,Chaos,5,5,,Zed,"When I conquer, play a 0 :rb_might: Shadow Clone unit token to your base.
[Action][>] :rb_energy_1::rb_rune_chaos:: Move me and a Shadow Clone you control to each other's locations.","Riftbound Unit: Zed, Without a Sound. When I conquer, play a 0 [S] Shadow Clone unit token to your base.
[Action][>] [1][C]: Move me and a Shadow Clone you control to each other's locations.",League Splash Team,portrait,https://cmsassets.rgpub.io/sanity/images/dsfx7636/game_data_live/a9828930a4b5ab7aa98d8199f00e1fde59fd20e3-744x1039.png?accountingTag=RB
ven-112-166,VEN-112/166,112,"Zed, Without a Sound",VEN,Vendetta,rare,Rare,Unit,Champion,Chaos,5,5,,"Ionia, Zed","When I conquer, play a 0 :rb_might: Shadow Clone unit token to your base. (It has ""When I attack, you may banish a unit from your trash. If you do, give me [Assault 4] this turn."")
[Action][>] :rb_energy_1::rb_rune_chaos:: Move me and a Shadow Clone you control to each other's locations.","Riftbound Unit: Zed, Without a Sound. When I conquer, play a 0 [S] Shadow Clone unit token to your base. (It has ""When I attack, you may banish a unit from your trash. If you do, give me [Assault 4] this turn."")
[Action][>] [1][C]: Move me and a Shadow Clone you control to each other's locations.",Six More Vodka,portrait,https://cmsassets.rgpub.io/sanity/images/dsfx7636/game_data_live/be97ca6a33e25b85a04ec1b3a163b31f141776cf-744x1039.png?accountingTag=RB
ven-113a-166,VEN-113a/166,113,"Kennen, Storm of Shuriken",VEN,Vendetta,epic,Epic,Unit,Champion,Chaos,3,4,1,"Yordle, Ionia, Kennen","When you play me, [Burn 2].
When I conquer, give a spell in your trash [Flow] equal to its cost this turn.","Riftbound Unit: Kennen, Storm of Shuriken. When you play me, [Burn 2].
When I conquer, give a spell in your trash [Flow] equal to its cost this turn.",Wild Rift Splash Team,portrait,https://cmsassets.rgpub.io/sanity/images/dsfx7636/game_data_live/000c73937c370cd3572facc9b313b4eb2d26eee8-744x1039.png?accountingTag=RB
ven-113-166,VEN-113/166,113,"Kennen, Storm of Shuriken",VEN,Vendetta,epic,Epic,Unit,Champion,Chaos,3,4,1,"Yordle, Kennen","When you play me, [Burn 2]. (Put the top 2 cards of your Main Deck into your trash.)
When I conquer, give a spell in your trash [Flow] equal to its cost this turn. (You may play it from your trash for its Flow cost. Then banish it.)","Riftbound Unit: Kennen, Storm of Shuriken. When you play me, [Burn 2]. (Put the top 2 cards of your Main Deck into your trash.)
When I conquer, give a spell in your trash [Flow] equal to its cost this turn. (You may play it from your trash for its Flow cost. Then banish it.)",Six More Vodka,portrait,https://cmsassets.rgpub.io/sanity/images/dsfx7636/game_data_live/2f27c99f3df2940940dddd65105e5e42bbeeab3d-744x1039.png?accountingTag=RB
ven-114-166,VEN-114/166,114,Kharox,VEN,Vendetta,epic,Epic,Unit,,Chaos,6,5,,"Spirit, Shadow Isles","[Empower] :rb_energy_6::rb_rune_chaos::rb_rune_chaos: (:rb_energy_6::rb_rune_chaos::rb_rune_chaos:: Empower me. Use only if not Empowered.)
When I become [Empowered], choose an opponent. They [Burn 3]. Then you may do this: Choose a unit in their trash and play it, ignoring its cost. (To Burn 3, they put the top 3 cards of their Main Deck into their trash.)","Riftbound Unit: Kharox. [Empower] [6][C][C] ([6][C][C]: Empower me. Use only if not Empowered.)
When I become [Empowered], choose an opponent. They [Burn 3]. Then you may do this: Choose a unit in their trash and play it, ignoring its cost. (To Burn 3, they put the top 3 cards of their Main Deck into their trash.)",Six More Vodka,portrait,https://cmsassets.rgpub.io/sanity/images/dsfx7636/game_data_live/2453848e7069e994498c828d72c33df6905f38e5-744x1039.png?accountingTag=RB
ven-115-166,VEN-115/166,115,Ocean Drake,VEN,Vendetta,epic,Epic,Unit,,Chaos,8,7,2,"Dragon, Ionia","You may play me to an open battlefield.
When you play me, you may return a non-Dragon unit to its owner's hand.","Riftbound Unit: Ocean Drake. You may play me to an open battlefield.
When you play me, you may return a non-Dragon unit to its owner's hand.",Caravan Studio,portrait,https://cmsassets.rgpub.io/sanity/images/dsfx7636/game_data_live/bd93cc3c9165204cd3e830fc2022384bad7517be-744x1039.png?accountingTag=RB
ven-116-166,VEN-116/166,116,Dragon Form,VEN,Vendetta,uncommon,Uncommon,Spell,,Order,3,,,,"Choose a unit. Its base Might becomes 5 this turn.
[Flow] :rb_energy_3: (You may play this from your trash for its Flow cost. Then banish it.)","Riftbound Spell: Dragon Form. Choose a unit. Its base Might becomes 5 this turn.
[Flow] [3] (You may play this from your trash for its Flow cost. Then banish it.)",Kudos Productions,portrait,https://cmsassets.rgpub.io/sanity/images/dsfx7636/game_data_live/ded9b54d93d7c3ade8a1d65c8ac66a13d1246329-744x1039.png?accountingTag=RB
ven-117-166,VEN-117/166,117,Disciple of Shen,VEN,Vendetta,common,Common,Unit,,Order,2,1,,Ionia,"[Hidden] (Hide now for :rb_rune_rainbow: to react with later for :rb_energy_0:.)
I have [Shield 3] while I'm at a battlefield with exactly one other unit you control. (+3 :rb_might: while I'm a defender.)","Riftbound Unit: Disciple of Shen. [Hidden] (Hide now for [A] to react with later for [0].)
I have [Shield 3] while I'm at a battlefield with exactly one other unit you control. (+3 [S] while I'm a defender.)",Six More Vodka,portrait,https://cmsassets.rgpub.io/sanity/images/dsfx7636/game_data_live/de5b6316d65297e67a97d12d7c70974f7d3ce7d6-744x1039.png?accountingTag=RB
ven-118-166,VEN-118/166,118,Horns of the Dragon,VEN,Vendetta,common,Common,Unit,,Order,6,6,,Ionia,[Tank] (I must be assigned combat damage first.),Riftbound Unit: Horns of the Dragon. [Tank] (I must be assigned combat damage first.),JiHun Lee,portrait,https://cmsassets.rgpub.io/sanity/images/dsfx7636/game_data_live/a7b3cb9f4175e71bc8fb60e69c55a0ea3f26fe8f-744x1039.png?accountingTag=RB
ven-119-166,VEN-119/166,119,Keeper of Law,VEN,Vendetta,common,Common,Unit,,Order,5,5,1,Shurima,I cost :rb_energy_2::rb_rune_order: less if you control a battlefield with exactly two units there.,Riftbound Unit: Keeper of Law. I cost [2][C] less if you control a battlefield with exactly two units there.,Envar Studio,portrait,https://cmsassets.rgpub.io/sanity/images/dsfx7636/game_data_live/42b965736c715293da57ec23472684506f49ba7f-744x1039.png?accountingTag=RB
ven-120-166,VEN-120/166,120,"Masa, Crashing Thunder",VEN,Vendetta,common,Common,Unit,,Order,4,4,,"Yordle, Bandle City","You may pay :rb_rune_order: as an additional cost to play me.
When you play me, if you paid the additional cost, [Stun] an enemy unit at a battlefield. (It doesn't deal combat damage this turn.)","Riftbound Unit: Masa, Crashing Thunder. You may pay [C] as an additional cost to play me. 
When you play me, if you paid the additional cost, [Stun] an enemy unit at a battlefield. (It doesn't deal combat damage this turn.)",Kudos Productions,portrait,https://cmsassets.rgpub.io/sanity/images/dsfx7636/game_data_live/c02046374935d38a8e4bb28a8192dfc46e2596a0-744x1039.png?accountingTag=RB
ven-121-166,VEN-121/166,121,Reluctant Leader,VEN,Vendetta,common,Common,Unit,,Order,4,3,1,Ionia,"When you play another unit, give me +2 :rb_might: this turn.","Riftbound Unit: Reluctant Leader. When you play another unit, give me +2 [S] this turn.",Six More Vodka,portrait,https://cmsassets.rgpub.io/sanity/images/dsfx7636/game_data_live/d70352ba57ae548c405614ec6ba2bb17d7a19a44-744x1039.png?accountingTag=RB
ven-122-166,VEN-122/166,122,Solari Sunhawk,VEN,Vendetta,common,Common,Unit,,Order,3,3,,"Bird, Mount Targon","[Empower] :rb_energy_2: (:rb_energy_2:: Empower me. Use only if not Empowered.)
[Empowered][>] I have +1 :rb_might: and [Deflect 2]. (Opponents must pay :rb_rune_rainbow::rb_rune_rainbow: to choose me with a spell or ability.)","Riftbound Unit: Solari Sunhawk. [Empower] [2] ([2]: Empower me. Use only if not Empowered.)
[Empowered][>] I have +1 [S] and [Deflect 2]. (Opponents must pay [A][A] to choose me with a spell or ability.)",Kudos Productions,portrait,https://cmsassets.rgpub.io/sanity/images/dsfx7636/game_data_live/1aaf389ca46bd9122233aadcfd23fee8f9cdfdc9-744x1039.png?accountingTag=RB
ven-123-166,VEN-123/166,123,Soulspinner,VEN,Vendetta,common,Common,Unit,,Order,3,3,,"Shadow Isles, Spider",[Ambush] (You may play me as a [Reaction] to a battlefield where you have units.),Riftbound Unit: Soulspinner. [Ambush] (You may play me as a [Reaction] to a battlefield where you have units.),Wild Blue Studios,portrait,https://cmsassets.rgpub.io/sanity/images/dsfx7636/game_data_live/9a23a1f2c83751c2a715049be32c2482ea10454d-744x1039.png?accountingTag=RB
ven-124-166,VEN-124/166,124,Escaped Grayback,VEN,Vendetta,uncommon,Uncommon,Unit,,Order,3,3,,Noxus,"[Empower] — Kill a friendly unit (Pay the cost: Empower me. Use only if not Empowered.)
[Empowered][>] I have +2 :rb_might:.","Riftbound Unit: Escaped Grayback. [Empower] — Kill a friendly unit (Pay the cost: Empower me. Use only if not Empowered.)
[Empowered][>] I have +2 [S].",Michal Ivan,portrait,https://cmsassets.rgpub.io/sanity/images/dsfx7636/game_data_live/253d782f8f6d4056eebecf9617e6858fdb2e712d-744x1039.png?accountingTag=RB
ven-125-166,VEN-125/166,125,Hungry Wolf,VEN,Vendetta,uncommon,Uncommon,Unit,,Order,4,4,,"Dog, Freljord",:rb_rune_order:: Ready me and give me +1 :rb_might: this turn. Use only if you've chosen an enemy unit this turn and only once each turn.,Riftbound Unit: Hungry Wolf. [C]: Ready me and give me +1 [S] this turn. Use only if you've chosen an enemy unit this turn and only once each turn.,Six More Vodka,portrait,https://cmsassets.rgpub.io/sanity/images/dsfx7636/game_data_live/464b4e2edfd526a3b72a80ab05bc9630b7057c22-744x1039.png?accountingTag=RB
ven-126-166,VEN-126/166,126,Ki Barrier,VEN,Vendetta,uncommon,Uncommon,Spell,,Order,2,,1,,"[Reaction] (Play any time, even before spells and abilities resolve.)
Choose a unit. Prevent the next 7 damage that would be dealt to it this turn. (Opponents can assign it extra combat damage to kill it.)","Riftbound Spell: Ki Barrier. [Reaction] (Play any time, even before spells and abilities resolve.)
Choose a unit. Prevent the next 7 damage that would be dealt to it this turn. (Opponents can assign it extra combat damage to kill it.)",Kudos Productions,portrait,https://cmsassets.rgpub.io/sanity/images/dsfx7636/game_data_live/10fa1b5646489adb8ae70ff41a63ff856d8f20d1-744x1039.png?accountingTag=RB
ven-127-166,VEN-127/166,127,Lacerate,VEN,Vendetta,common,Common,Spell,,Order,2,,1,,"Choose a unit. If it's [Empowered], disempower it. Then kill it if it has 3 :rb_might: or less.
[Flow] :rb_energy_4::rb_rune_order::rb_rune_order: (You may play this from your trash for its Flow cost. Then banish it.)","Riftbound Spell: Lacerate. Choose a unit. If it's [Empowered], disempower it. Then kill it if it has 3 [S] or less.
[Flow] [4][C][C] (You may play this from your trash for its Flow cost. Then banish it.)",Polar Engine Studio,portrait,https://cmsassets.rgpub.io/sanity/images/dsfx7636/game_data_live/f21bbd09545d949f095756281e5506128eb4809d-744x1039.png?accountingTag=RB
ven-128-166,VEN-128/166,128,Noxian Emissary,VEN,Vendetta,uncommon,Uncommon,Unit,,Order,2,2,,Noxus,"[Empower] :rb_energy_1::rb_rune_order: (:rb_energy_1::rb_rune_order:: Empower me. Use only if not Empowered.)
[Empowered][>][>>][Deathknell][>] Play two 1 :rb_might: Recruit unit tokens to your base. (When I die while Empowered, get the effect.)","Riftbound Unit: Noxian Emissary. [Empower] [1][C] ([1][C]: Empower me. Use only if not Empowered.)
[Empowered][>][>>][Deathknell][>] Play two 1 [S] Recruit unit tokens to your base. (When I die while Empowered, get the effect.)",Six More Vodka,portrait,https://cmsassets.rgpub.io/sanity/images/dsfx7636/game_data_live/0720c25776670ef32dcc504b14378890991798be-744x1039.png?accountingTag=RB
ven-129-166,VEN-129/166,129,Sacred Protector,VEN,Vendetta,uncommon,Uncommon,Unit,,Order,4,6,1,"Fae, Ionia",I don't deal combat damage unless I'm at a battlefield with exactly one other unit you control.,Riftbound Unit: Sacred Protector. I don't deal combat damage unless I'm at a battlefield with exactly one other unit you control.,Kudos Productions,portrait,https://cmsassets.rgpub.io/sanity/images/dsfx7636/game_data_live/a93887af1128d19cdec798611ffdd29900ac5d85-744x1039.png?accountingTag=RB
ven-130-166,VEN-130/166,130,Aurok General,VEN,Vendetta,rare,Rare,Unit,,Order,5,5,,"Trifarian, Noxus","[Empower] :rb_energy_3::rb_rune_order: (:rb_energy_3::rb_rune_order:: Empower me. Use only if not Empowered.)
[Empowered][>] Your units that are [Empowered] have +2 :rb_might: (including me).","Riftbound Unit: Aurok General. [Empower] [3][C] ([3][C]: Empower me. Use only if not Empowered.)
[Empowered][>] Your units that are [Empowered] have +2 [S] (including me).",Slawomir Maniak,portrait,https://cmsassets.rgpub.io/sanity/images/dsfx7636/game_data_live/2324531e93383ce0d7efbe67cbf7ee226127dea2-744x1039.png?accountingTag=RB
ven-131-166,VEN-131/166,131,Decree of Unity,VEN,Vendetta,rare,Rare,Spell,,Order,2,,1,,Kill an enemy Chaos (:rb_rune_chaos:) unit or gear.,Riftbound Spell: Decree of Unity. Kill an enemy Chaos ([P]) unit or gear.,Envar Studio,portrait,https://cmsassets.rgpub.io/sanity/images/dsfx7636/game_data_live/220161ac48f1307e4d74c372d549fea18829a86b-744x1039.png?accountingTag=RB
ven-132-166,VEN-132/166,132,Fallen Feline,VEN,Vendetta,rare,Rare,Unit,,Order,2,3,1,"Cat, Piltover","When you play me, name a spell.
While I'm at a battlefield, opponents can't play spells with that name.","Riftbound Unit: Fallen Feline. When you play me, name a spell.
While I'm at a battlefield, opponents can't play spells with that name.",Dao Trong Le,portrait,https://cmsassets.rgpub.io/sanity/images/dsfx7636/game_data_live/e5d46c6d56dc14670b5e25547eeb1ee3ceca5a80-744x1039.png?accountingTag=RB
ven-133-166,VEN-133/166,133,Glowstone,VEN,Vendetta,rare,Rare,Gear,,Order,2,,,,"[Empower] :rb_rune_rainbow::rb_rune_rainbow: (:rb_rune_rainbow::rb_rune_rainbow:: Empower me. Use only if not Empowered.)
Disempower this, :rb_exhaust:: Choose a player. They gain control of this and recall it. (Send it to their base.)
At the end of your turn, kill this and deal 5 to all units you control.","Riftbound Gear: Glowstone. [Empower] [A][A] ([A][A]: Empower me. Use only if not Empowered.)
Disempower this, [T]: Choose a player. They gain control of this and recall it. (Send it to their base.)
At the end of your turn, kill this and deal 5 to all units you control.",Kudos Productions,portrait,https://cmsassets.rgpub.io/sanity/images/dsfx7636/game_data_live/6426e9c2b168f0dde5430d5bc57108a0cc2bcebb-744x1039.png?accountingTag=RB
ven-134-166,VEN-134/166,134,"Kayle, Justified",VEN,Vendetta,rare,Rare,Unit,Champion,Order,3,3,,"Mount Targon, Kayle","[Empower] :rb_energy_3: (:rb_energy_3:: Empower me.)
I can be [Empowered] up to three times.
I have +2 :rb_might: for each time I'm [Empowered].
While I'm [Empowered] three times, I have [Deflect 3] and [Ganking].","Riftbound Unit: Kayle, Justified. [Empower] [3] ([3]: Empower me.)
I can be [Empowered] up to three times.
I have +2 [S] for each time I'm [Empowered].
While I'm [Empowered] three times, I have [Deflect 3] and [Ganking].",Michal Ivan,portrait,https://cmsassets.rgpub.io/sanity/images/dsfx7636/game_data_live/8ae883f96bb3a5e20d8002ec49cace430aaf2b88-744x1039.png?accountingTag=RB
ven-135a-166,VEN-135a/166,135,"Kennen, Keeper of Balance",VEN,Vendetta,rare,Rare,Unit,Champion,Order,3,2,,"Yordle, Kennen","[Hidden]
When you play me or I attack, you may pay :rb_energy_2: to [Stun] a unit.
While there's a stunned enemy unit here, I have +2 :rb_might:.","Riftbound Unit: Kennen, Keeper of Balance. [Hidden]
When you play me or I attack, you may pay [2] to [Stun] a unit.
While there's a stunned enemy unit here, I have +2 [S].",League Splash Team,portrait,https://cmsassets.rgpub.io/sanity/images/dsfx7636/game_data_live/1d55c475f395c2b1bac63844208687bb9b3232b2-744x1039.png?accountingTag=RB
ven-135-166,VEN-135/166,135,"Kennen, Keeper of Balance",VEN,Vendetta,rare,Rare,Unit,Champion,Order,3,2,,"Yordle, Ionia, Kennen","[Hidden] (Hide now for :rb_rune_rainbow: to react with later for :rb_energy_0:.)
When you play me or I attack, you may pay :rb_energy_2: to [Stun] a unit. (It doesn't deal combat damage this turn.)
While there's a stunned enemy unit here, I have +2 :rb_might:.","Riftbound Unit: Kennen, Keeper of Balance. [Hidden] (Hide now for [A] to react with later for [0].)
When you play me or I attack, you may pay [2] to [Stun] a unit. (It doesn't deal combat damage this turn.)
While there's a stunned enemy unit here, I have +2 [S].",Six More Vodka,portrait,https://cmsassets.rgpub.io/sanity/images/dsfx7636/game_data_live/446ff54c091b07627f826952f45ee40e9976d040-744x1039.png?accountingTag=RB
ven-136a-166,VEN-136a/166,136,"Ambessa, Respected and Feared",VEN,Vendetta,epic,Epic,Unit,Champion,Order,5,5,,Ambessa,"[Empower] :rb_energy_1::rb_rune_order::rb_rune_order:
[Empowered][>] I have [Assault 2].
[Empowered][>] When I attack, kill an enemy unit here with less Might than me.","Riftbound Unit: Ambessa, Respected and Feared. [Empower] [1][C][C]
[Empowered][>] I have [Assault 2].
[Empowered][>] When I attack, kill an enemy unit here with less Might than me.",League Splash Team,portrait,https://cmsassets.rgpub.io/sanity/images/dsfx7636/game_data_live/02a1cfcd6663687d28b98a2de3ba666231c4eeee-744x1039.png?accountingTag=RB
ven-136-166,VEN-136/166,136,"Ambessa, Respected and Feared",VEN,Vendetta,epic,Epic,Unit,Champion,Order,5,5,,"Noxus, Ambessa","[Empower] :rb_energy_1::rb_rune_order::rb_rune_order: (:rb_energy_1::rb_rune_order::rb_rune_order:: Empower me. Use only if not Empowered.)
[Empowered][>] I have [Assault 2]. (+2 :rb_might: while I'm an attacker.)
[Empowered][>] When I attack, kill an enemy unit here with less Might than me.","Riftbound Unit: Ambessa, Respected and Feared. [Empower] [1][C][C] ([1][C][C]: Empower me. Use only if not Empowered.)
[Empowered][>] I have [Assault 2]. (+2 [S] while I'm an attacker.)
[Empowered][>] When I attack, kill an enemy unit here with less Might than me.",Pandart Studio,portrait,https://cmsassets.rgpub.io/sanity/images/dsfx7636/game_data_live/687c273217cd94067be9625a7f85b61d108a6293-744x1039.png?accountingTag=RB
ven-137-166,VEN-137/166,137,Shady Spectacles,VEN,Vendetta,epic,Epic,Gear,,Order,4,,,Equipment,"[Equip] :rb_energy_1::rb_rune_order: (:rb_energy_1::rb_rune_order:: Attach this to a unit you control.)
As this is attached to a unit, choose another friendly unit. The equipped unit becomes a copy of that unit for as long as this is attached to it.","Riftbound Gear: Shady Spectacles. [Equip] [1][C] ([1][C]: Attach this to a unit you control.)
As this is attached to a unit, choose another friendly unit. The equipped unit becomes a copy of that unit for as long as this is attached to it.",Polar Engine Studio,portrait,https://cmsassets.rgpub.io/sanity/images/dsfx7636/game_data_live/e49461109a4116c22af9206719f53fb73aee36d0-744x1039.png?accountingTag=RB
ven-138a-166,VEN-138a/166,138,"Shen, Leader of the Kinkou Order",VEN,Vendetta,epic,Epic,Unit,Champion,Order,6,7,2,"Shen, Ionia","[Shield]
When I hold, if there is exactly one other unit you control here, you score 1 point.","Riftbound Unit: Shen, Leader of the Kinkou Order. [Shield]
When I hold, if there is exactly one other unit you control here, you score 1 point.",League Splash Team,portrait,https://cmsassets.rgpub.io/sanity/images/dsfx7636/game_data_live/bf3f260e47de2887ba16fbc02e9df7f02e57a24a-744x1039.png?accountingTag=RB
ven-138-166,VEN-138/166,138,"Shen, Leader of the Kinkou Order",VEN,Vendetta,epic,Epic,Unit,Champion,Order,6,7,2,"Shen, Ionia","[Shield] (+1 :rb_might: while I'm a defender.)
When I hold, if there is exactly one other unit you control here, you score 1 point.","Riftbound Unit: Shen, Leader of the Kinkou Order. [Shield] (+1 [S] while I'm a defender.)
When I hold, if there is exactly one other unit you control here, you score 1 point.",Pandart Studio,portrait,https://cmsassets.rgpub.io/sanity/images/dsfx7636/game_data_live/b227d9f9abc6f165beffba4eaf3b5819cf06eab4-744x1039.png?accountingTag=RB
ven-139-166,VEN-139/166,139,Rogue Assassin,VEN,Vendetta,rare,Rare,Legend,,"Fury, Calm",,,,Akali,"[Empower] :rb_energy_3::rb_rune_rainbow: (:rb_energy_3::rb_rune_rainbow:: Empower this. Use only if not Empowered.)
[Action][>] :rb_exhaust:: If it's your turn, move a friendly unit in a showdown to base and if I'm [Empowered], ready it.","Riftbound Legend: Rogue Assassin. [Empower] [3][A] ([3][A]: Empower this. Use only if not Empowered.)
[Action][>] [T]: If it's your turn, move a friendly unit in a showdown to base and if I'm [Empowered], ready it.",Envar Studio,portrait,https://cmsassets.rgpub.io/sanity/images/dsfx7636/game_data_live/0d53b477ed43fb9bbed84858443a606b2b51a2b5-744x1039.png?accountingTag=RB
ven-140-166,VEN-140/166,140,Shuriken Flip,VEN,Vendetta,epic,Epic,Spell,Signature,"Fury, Calm",1,,1,Akali,"Deal 2 to up to one enemy unit at a battlefield, then move a friendly unit.
[Flow] :rb_energy_3::rb_rune_rainbow: (You may play this from your trash for its Flow cost. Then banish it.)","Riftbound Spell: Shuriken Flip. Deal 2 to up to one enemy unit at a battlefield, then move a friendly unit.
[Flow] [3][A] (You may play this from your trash for its Flow cost. Then banish it.)",莺之歌,portrait,https://cmsassets.rgpub.io/sanity/images/dsfx7636/game_data_live/bac1ecff92d022e99a3696ad00d020530a1a09e7-744x1039.png?accountingTag=RB
ven-141-166,VEN-141/166,141,Butcher of the Sands,VEN,Vendetta,rare,Rare,Legend,,"Fury, Body",,,,Renekton,"[Reaction][>] :rb_rune_rainbow::rb_rune_rainbow:, :rb_exhaust:: [Add] :rb_energy_2:. Spend this Energy only to play units or activated abilities of units.","Riftbound Legend: Butcher of the Sands. [Reaction][>] [A][A], [T]: [Add] [2]. Spend this Energy only to play units or activated abilities of units.",Envar Studio,portrait,https://cmsassets.rgpub.io/sanity/images/dsfx7636/game_data_live/7620595b36b40a0c3d05c4c5469b016d1c18c6f2-744x1039.png?accountingTag=RB
ven-142-166,VEN-142/166,142,Dominus,VEN,Vendetta,epic,Epic,Spell,Signature,"Fury, Body",4,,,Renekton,"[Action] (Play on your turn or in showdowns.)
This turn, double a unit's Might and give it "":rb_rune_rainbow::rb_rune_rainbow:: Ready me.""","Riftbound Spell: Dominus. [Action] (Play on your turn or in showdowns.)
This turn, double a unit's Might and give it ""[A][A]: Ready me.""",小牛设计,portrait,https://cmsassets.rgpub.io/sanity/images/dsfx7636/game_data_live/0d5ccc8bb0b70473add784a3f4c71e1e8635e2ce-744x1039.png?accountingTag=RB
ven-143-166,VEN-143/166,143,Master of Shadows,VEN,Vendetta,rare,Rare,Legend,,"Fury, Chaos",,,,Zed,"When you banish a card you own, empower me. (I become Empowered if I'm not already.)
[Action][>] Disempower me, :rb_exhaust:: Discard 1, then draw 1.","Riftbound Legend: Master of Shadows. When you banish a card you own, empower me. (I become Empowered if I'm not already.)
[Action][>] Disempower me, [T]: Discard 1, then draw 1.",Envar Studio,portrait,https://cmsassets.rgpub.io/sanity/images/dsfx7636/game_data_live/aa316eb1b01c8d036eaba84b03909027fe69f6e2-744x1039.png?accountingTag=RB
ven-144-166,VEN-144/166,144,Death Mark,VEN,Vendetta,epic,Epic,Spell,Signature,"Fury, Chaos",2,,1,Zed,"[Burn 3]. (Put the top 3 cards of your Main Deck into your trash.)
Play a 0 :rb_might: Shadow Clone unit token. (It has ""When I attack, you may banish a unit from your trash. If you do, give me [Assault 4] this turn."")
[Flow] :rb_energy_1::rb_rune_rainbow::rb_rune_rainbow: (You may play this from your trash for its Flow cost. Then banish it.)","Riftbound Spell: Death Mark. [Burn 3]. (Put the top 3 cards of your Main Deck into your trash.)
Play a 0 [S] Shadow Clone unit token. (It has ""When I attack, you may banish a unit from your trash. If you do, give me [Assault 4] this turn."")
[Flow] [1][A][A] (You may play this from your trash for its Flow cost. Then banish it.)",JunHuan,portrait,https://cmsassets.rgpub.io/sanity/images/dsfx7636/game_data_live/87ccfb8d1c19f402bb37ffa392011ee2f0880aa9-744x1039.png?accountingTag=RB
ven-145-166,VEN-145/166,145,Curator of the Sands,VEN,Vendetta,rare,Rare,Legend,,"Calm, Mind",,,,Nasus,"When you play a unit, gear, or activated ability with Energy cost :rb_energy_7: or more, you may exhaust me to ready up to 2 runes.","Riftbound Legend: Curator of the Sands. When you play a unit, gear, or activated ability with Energy cost [7] or more, you may exhaust me to ready up to 2 runes.",Envar Studio,portrait,https://cmsassets.rgpub.io/sanity/images/dsfx7636/game_data_live/f26a25c5fddba7da788455c3d82b85c5abc7a2eb-744x1039.png?accountingTag=RB
ven-146-166,VEN-146/166,146,Siphoning Strike,VEN,Vendetta,epic,Epic,Spell,Signature,"Calm, Mind",4,,,Nasus,"Deal 4 to a unit at a battlefield. If you control 7 or more runes, deal 7 to it instead. When it dies this turn, channel 1 rune exhausted.","Riftbound Spell: Siphoning Strike. Deal 4 to a unit at a battlefield. If you control 7 or more runes, deal 7 to it instead. When it dies this turn, channel 1 rune exhausted.",Kudos Productions,portrait,https://cmsassets.rgpub.io/sanity/images/dsfx7636/game_data_live/8b28e4a0681eee9b19c29770a5f167e1e68c78cf-744x1039.png?accountingTag=RB
ven-147-166,VEN-147/166,147,Eye of Twilight,VEN,Vendetta,rare,Rare,Legend,,"Calm, Order",,,,Shen,[Action][>] :rb_exhaust:: Give a friendly unit [Tank] this turn. (It must be assigned combat damage first.),Riftbound Legend: Eye of Twilight. [Action][>] [T]: Give a friendly unit [Tank] this turn. (It must be assigned combat damage first.),Envar Studio,portrait,https://cmsassets.rgpub.io/sanity/images/dsfx7636/game_data_live/54388a3124b7e1f0331e5970f952778db5f24500-744x1039.png?accountingTag=RB
ven-148-166,VEN-148/166,148,Shadow Dash,VEN,Vendetta,epic,Epic,Spell,Signature,"Calm, Order",2,,1,Shen,"Move an enemy unit to a battlefield where you have units. If you have exactly two units there, they each get +1 :rb_might: this turn.
[Flow] :rb_energy_5::rb_rune_rainbow::rb_rune_rainbow: (You may play this from your trash for its Flow cost. Then banish it.)","Riftbound Spell: Shadow Dash. Move an enemy unit to a battlefield where you have units. If you have exactly two units there, they each get +1 [S] this turn.
[Flow] [5][A][A] (You may play this from your trash for its Flow cost. Then banish it.)",Polar Engine Studio,portrait,https://cmsassets.rgpub.io/sanity/images/dsfx7636/game_data_live/c95a4862c3af5f3ec1cee1f1ae7291c8724df7a1-744x1039.png?accountingTag=RB
ven-149-166,VEN-149/166,149,Defender of Tomorrow,VEN,Vendetta,rare,Rare,Legend,,"Mind, Body",,,,Jayce,"[Empower] :rb_energy_2::rb_rune_rainbow::rb_rune_rainbow: (:rb_energy_2::rb_rune_rainbow::rb_rune_rainbow:: Empower me. Use only if not Empowered.)
:rb_energy_1:, :rb_exhaust:: Ready a gear.
[Empowered][>] :rb_energy_1:, :rb_exhaust:: Ready 2 gear.","Riftbound Legend: Defender of Tomorrow. [Empower] [2][A][A] ([2][A][A]: Empower me. Use only if not Empowered.)
[1], [T]: Ready a gear. 
[Empowered][>] [1], [T]: Ready 2 gear.",Envar Studio,portrait,https://cmsassets.rgpub.io/sanity/images/dsfx7636/game_data_live/670b7efd367a42beba11c18fb59e240a7c574a57-744x1039.png?accountingTag=RB
ven-150-166,VEN-150/166,150,Acceleration Gate,VEN,Vendetta,epic,Epic,Spell,Signature,"Mind, Body",3,,1,Jayce,"Ready up to 4 units, gear, and/or runes.","Riftbound Spell: Acceleration Gate. Ready up to 4 units, gear, and/or runes.",小牛设计/Kudos Productions,portrait,https://cmsassets.rgpub.io/sanity/images/dsfx7636/game_data_live/31b71a16ee85cf30124fdaa2c575e709a4c83771-744x1039.png?accountingTag=RB
ven-151-166,VEN-151/166,151,Soul's Reflection,VEN,Vendetta,rare,Rare,Legend,,"Mind, Chaos",,,,Mel,"When you empower something else, empower me. (I become Empowered if I'm not already.)
Disempower me, :rb_exhaust:: Give a unit at a battlefield -2 :rb_might: this turn.","Riftbound Legend: Soul's Reflection. When you empower something else, empower me. (I become Empowered if I'm not already.)
Disempower me, [T]: Give a unit at a battlefield -2 [S] this turn.",Envar Studio,portrait,https://cmsassets.rgpub.io/sanity/images/dsfx7636/game_data_live/2e9e60b3f161b41219c40ef0426049634fb7ba1a-744x1039.png?accountingTag=RB
ven-152-166,VEN-152/166,152,Rebuttal,VEN,Vendetta,epic,Epic,Spell,Signature,"Mind, Chaos",1,,1,Mel,"[Reaction] (Play any time, even before spells and abilities resolve.)
Choose a spell with Energy cost no more than :rb_energy_4:.  You may pay :rb_rune_rainbow:. If you do, gain control of it and you may make new choices for it. Otherwise, counter it.","Riftbound Spell: Rebuttal. [Reaction] (Play any time, even before spells and abilities resolve.)
Choose a spell with Energy cost no more than [4].  You may pay [A]. If you do, gain control of it and you may make new choices for it. Otherwise, counter it.",小牛设计,portrait,https://cmsassets.rgpub.io/sanity/images/dsfx7636/game_data_live/2df67fe2ba17f0796ff1f9c03b85d2db48fe954b-744x1039.png?accountingTag=RB
ven-153-166,VEN-153/166,153,Matriarch of War,VEN,Vendetta,rare,Rare,Legend,,"Body, Order",,,,Ambessa,"When you empower something else, empower me. (I become Empowered if I'm not already.)
Disempower me, :rb_rune_rainbow:, :rb_exhaust:: Ready a unit.","Riftbound Legend: Matriarch of War. When you empower something else, empower me. (I become Empowered if I'm not already.)
Disempower me, [A], [T]: Ready a unit.",Envar Studio,portrait,https://cmsassets.rgpub.io/sanity/images/dsfx7636/game_data_live/49e81916d7ae72b24de845223e1798652d26e789-744x1039.png?accountingTag=RB
ven-154-166,VEN-154/166,154,Public Execution,VEN,Vendetta,epic,Epic,Spell,Signature,"Body, Order",2,,1,Ambessa,"Choose a friendly unit. Kill an enemy unit with less Might than it.
[Flow] :rb_energy_5::rb_rune_rainbow::rb_rune_rainbow: (You may play this from your trash for its Flow cost. Then banish it.)","Riftbound Spell: Public Execution. Choose a friendly unit. Kill an enemy unit with less Might than it.
[Flow] [5][A][A] (You may play this from your trash for its Flow cost. Then banish it.)",Polar Engine Studio,portrait,https://cmsassets.rgpub.io/sanity/images/dsfx7636/game_data_live/c8348e2aef6bad5a38d4f71b1b1c277598670286-744x1039.png?accountingTag=RB
ven-155-166,VEN-155/166,155,Heart of the Tempest,VEN,Vendetta,rare,Rare,Legend,,"Order, Chaos",,,,"Yordle, Kennen","When you play a card from anywhere other than your hand, empower me.
[Action][>] Disempower me, :rb_exhaust:: Give a unit [Assault 2] this turn. (+2 :rb_might: while it's an attacker.)","Riftbound Legend: Heart of the Tempest. When you play a card from anywhere other than your hand, empower me.
[Action][>] Disempower me, [T]: Give a unit [Assault 2] this turn. (+2 [S] while it's an attacker.)",Envar Studio,portrait,https://cmsassets.rgpub.io/sanity/images/dsfx7636/game_data_live/0eab83392b310417d2630d50a3bfee3dd02b31c4-744x1039.png?accountingTag=RB
ven-156-166,VEN-156/166,156,Lightning Rush,VEN,Vendetta,epic,Epic,Spell,Signature,"Order, Chaos",1,,,Kennen,"Look at the top 3 cards of your Main Deck. You may choose a card from among them and draw it. Put the rest into your trash.
[Flow] :rb_energy_2::rb_rune_rainbow: (You may play this from your trash for its Flow cost. Then banish it.)","Riftbound Spell: Lightning Rush. Look at the top 3 cards of your Main Deck. You may choose a card from among them and draw it. Put the rest into your trash.
[Flow] [2][A] (You may play this from your trash for its Flow cost. Then banish it.)",Kudos Productions,portrait,https://cmsassets.rgpub.io/sanity/images/dsfx7636/game_data_live/22375e0d2d1a49cb0eb7e31aebf3e73a2e0bba55-744x1039.png?accountingTag=RB
ven-157-166,VEN-157/166,157,Dragon Roost,VEN,Vendetta,uncommon,Uncommon,Battlefield,,Colorless,,,,,"Any player may pay :rb_rune_rainbow::rb_rune_rainbow: as an additional cost to play a Dragon. If they do, they play it to this battlefield.","Riftbound Battlefield: Dragon Roost. Any player may pay [A][A] as an additional cost to play a Dragon. If they do, they play it to this battlefield.",Kudos Productions,landscape,https://cmsassets.rgpub.io/sanity/images/dsfx7636/game_data_live/94558ee0292d92126829036d32495cbf702e5391-1039x744.png?accountingTag=RB
ven-158-166,VEN-158/166,158,"Heisho, Shell of the World",VEN,Vendetta,uncommon,Uncommon,Battlefield,,Colorless,,,,,Players ignore [Deflect] while paying for spells and abilities choosing something here.,"Riftbound Battlefield: Heisho, Shell of the World. Players ignore [Deflect] while paying for spells and abilities choosing something here.",Envar Studio,landscape,https://cmsassets.rgpub.io/sanity/images/dsfx7636/game_data_live/075d4b78c065a96845ac978c86af3a3349cb5501-1039x744.png?accountingTag=RB
ven-159-166,VEN-159/166,159,Kinkou Temple,VEN,Vendetta,uncommon,Uncommon,Battlefield,,Colorless,,,,,Units here with [Tank] have +1 :rb_might:.,Riftbound Battlefield: Kinkou Temple. Units here with [Tank] have +1 [S].,Grafit Studio,landscape,https://cmsassets.rgpub.io/sanity/images/dsfx7636/game_data_live/afef083faa1f3813e5744a552c9873c798bedfd5-1039x744.png?accountingTag=RB
ven-160-166,VEN-160/166,160,Mystic Vortex,VEN,Vendetta,uncommon,Uncommon,Battlefield,,Colorless,,,,,"During showdowns here, cards with [Reaction] cost :rb_rune_rainbow: more to play. (Hidden cards have [Reaction].)","Riftbound Battlefield: Mystic Vortex. During showdowns here, cards with [Reaction] cost [A] more to play. (Hidden cards have [Reaction].)",Caravan Studio,landscape,https://cmsassets.rgpub.io/sanity/images/dsfx7636/game_data_live/55f6fec944c489010464cb554c4661d94518fa75-1039x744.png?accountingTag=RB
ven-161-166,VEN-161/166,161,Piltovan Forge,VEN,Vendetta,uncommon,Uncommon,Battlefield,,Colorless,,,,,"While you control this battlefield, the first friendly gear activated ability played each turn costs :rb_energy_1: less.","Riftbound Battlefield: Piltovan Forge. While you control this battlefield, the first friendly gear activated ability played each turn costs [1] less.",Kudos Productions,landscape,https://cmsassets.rgpub.io/sanity/images/dsfx7636/game_data_live/0cc432b51e80d1734529ef323e601e62e202c2b1-1039x744.png?accountingTag=RB
ven-162-166,VEN-162/166,162,Protective Sands,VEN,Vendetta,uncommon,Uncommon,Battlefield,,Colorless,,,,,"When you conquer here, if you control 4 or fewer runes, you may pay :rb_energy_1: to draw 1.","Riftbound Battlefield: Protective Sands. When you conquer here, if you control 4 or fewer runes, you may pay [1] to draw 1.",Polar Engine Studio,landscape,https://cmsassets.rgpub.io/sanity/images/dsfx7636/game_data_live/a994ae712cdefcbdaf263fbb6ab0723d0f678e99-1039x744.png?accountingTag=RB
ven-163-166,VEN-163/166,163,Risen Altar,VEN,Vendetta,uncommon,Uncommon,Battlefield,,Colorless,,,,,[Empower] costs of your units here cost :rb_energy_1: or :rb_rune_rainbow: less.,Riftbound Battlefield: Risen Altar. [Empower] costs of your units here cost [1] or [A] less.,Kudos Productions,landscape,https://cmsassets.rgpub.io/sanity/images/dsfx7636/game_data_live/47402ed9d5eebb9e38176315bdaf1a556845eef7-1039x744.png?accountingTag=RB
ven-164-166,VEN-164/166,164,Sandswept Tomb,VEN,Vendetta,uncommon,Uncommon,Battlefield,,Colorless,,,,,Each spell that chooses one or more units here that are friendly to it costs :rb_rune_rainbow: less.,Riftbound Battlefield: Sandswept Tomb. Each spell that chooses one or more units here that are friendly to it costs [A] less.,Kudos Productions,landscape,https://cmsassets.rgpub.io/sanity/images/dsfx7636/game_data_live/d77c607878d6815e02796f8bfa8a5696ad5f1a7d-1039x744.png?accountingTag=RB
ven-165-166,VEN-165/166,165,Shadow Temple,VEN,Vendetta,uncommon,Uncommon,Battlefield,,Colorless,,,,,"When you hold here, [Burn 3]. (Put the top 3 cards of your Main Deck into your trash.)","Riftbound Battlefield: Shadow Temple. When you hold here, [Burn 3]. (Put the top 3 cards of your Main Deck into your trash.)",Grafit Studio,landscape,https://cmsassets.rgpub.io/sanity/images/dsfx7636/game_data_live/635a3a0b724a2cfc11938ecbc1d8abddd89d3436-1039x744.png?accountingTag=RB
ven-166-166,VEN-166/166,166,Threshold of the Gray,VEN,Vendetta,uncommon,Uncommon,Battlefield,,Colorless,,,,,"When combat starts here, the attacker and defender each [Add] :rb_energy_1:.","Riftbound Battlefield: Threshold of the Gray. When combat starts here, the attacker and defender each [Add] [1].",Envar Studio,landscape,https://cmsassets.rgpub.io/sanity/images/dsfx7636/game_data_live/5521aac82f036f1070326c743a9f653955d67bb9-1039x744.png?accountingTag=RB
ven-167-166,VEN-167/166,167,"Vi, Destructive",VEN,Vendetta,rare,Rare,Unit,Champion,Fury,2,3,1,Vi,"[Ganking]
Recycle 1 from your trash: Give me +1 :rb_might: this turn.","Riftbound Unit: Vi, Destructive. [Ganking]
Recycle 1 from your trash: Give me +1 [S] this turn.",Grafit Studio,portrait,https://cmsassets.rgpub.io/sanity/images/dsfx7636/game_data_live/dff596efc7413bfdd9cc8e667c46bd4228447de5-744x1039.png?accountingTag=RB
ven-168-166,VEN-168/166,168,"Jinx, Demolitionist",VEN,Vendetta,rare,Rare,Unit,Champion,Fury,3,4,1,Jinx,"[Accelerate]
[Assault 2]
When you play me, discard 2.","Riftbound Unit: Jinx, Demolitionist. [Accelerate]
[Assault 2]
When you play me, discard 2.",Grafit Studio,portrait,https://cmsassets.rgpub.io/sanity/images/dsfx7636/game_data_live/3a7304f3c9897967812940838e978e54e251e545-744x1039.png?accountingTag=RB
ven-169-166,VEN-169/166,169,"Zed, From the Shadows",VEN,Vendetta,epic,Epic,Unit,Champion,Fury,4,4,1,Zed,"You may discard 1 as an additional cost to play me.
When you play me, if you paid the additional cost, play a 0 :rb_might: Shadow Clone unit token.","Riftbound Unit: Zed, From the Shadows. You may discard 1 as an additional cost to play me.
When you play me, if you paid the additional cost, play a 0 [S] Shadow Clone unit token.",华锐,portrait,https://cmsassets.rgpub.io/sanity/images/dsfx7636/game_data_live/5d665b28073066442b35f7b6aed98c83fca23631-744x1039.png?accountingTag=RB
ven-170-166,VEN-170/166,170,"Shen, Scourge of Shadows",VEN,Vendetta,rare,Rare,Unit,Champion,Calm,5,6,1,Shen,"When I hold, if there is exactly one other unit you control here, draw 1.","Riftbound Unit: Shen, Scourge of Shadows. When I hold, if there is exactly one other unit you control here, draw 1.",华锐,portrait,https://cmsassets.rgpub.io/sanity/images/dsfx7636/game_data_live/56d6b54bdc2ae37579da820cec613c127a8843d3-744x1039.png?accountingTag=RB
ven-171-166,VEN-171/166,171,"Riven, Shattered",VEN,Vendetta,rare,Rare,Unit,Champion,Calm,3,3,1,Riven,"[Weaponmaster]
When I attack, choose an enemy unit here. Deal 2 to it for each Equipment attached to me.","Riftbound Unit: Riven, Shattered. [Weaponmaster]
When I attack, choose an enemy unit here. Deal 2 to it for each Equipment attached to me.",Shawn Lee,portrait,https://cmsassets.rgpub.io/sanity/images/dsfx7636/game_data_live/929f7184d11756933729ab4d7e2e88547e6dd49b-744x1039.png?accountingTag=RB
ven-172-166,VEN-172/166,172,"Draven, Showboat",VEN,Vendetta,rare,Rare,Unit,Champion,Fury,5,3,1,Draven,My Might is increased by your points.,"Riftbound Unit: Draven, Showboat. My Might is increased by your points.",Shawn Lee,portrait,https://cmsassets.rgpub.io/sanity/images/dsfx7636/game_data_live/ff8f818d7f59b549af9067e9956f25aec706587c-744x1039.png?accountingTag=RB
ven-173-166,VEN-173/166,173,"Swain, Visionary",VEN,Vendetta,rare,Rare,Unit,Champion,Mind,6,6,1,Swain,"[Vision]
When I conquer, if you've played a non-token unit, a non-token gear, and a spell this turn, you score 1 point.","Riftbound Unit: Swain, Visionary. [Vision]
When I conquer, if you've played a non-token unit, a non-token gear, and a spell this turn, you score 1 point.",JunHuan,portrait,https://cmsassets.rgpub.io/sanity/images/dsfx7636/game_data_live/7f068252d62ab4eea8a779825d84c2c078bbd722-744x1039.png?accountingTag=RB
ven-174-166,VEN-174/166,174,"Irelia, Fervent",VEN,Vendetta,epic,Epic,Unit,Champion,Calm,5,4,,"Irelia, Ionia","[Deflect]
When you choose or ready me, give me +1 :rb_might: this turn.","Riftbound Unit: Irelia, Fervent. [Deflect]
When you choose or ready me, give me +1 [S] this turn.",JunHuan,portrait,https://cmsassets.rgpub.io/sanity/images/dsfx7636/game_data_live/45d83debda443f1bf88e1cf7123eb8b844143124-744x1039.png?accountingTag=RB
ven-175-166,VEN-175/166,175,"Jayce, Man of Progress",VEN,Vendetta,rare,Rare,Unit,Champion,Mind,4,4,,"Jayce, Piltover","When you play me, you may kill a friendly gear. If you do, you may play a gear with Energy cost no more than :rb_energy_7: from hand this turn, ignoring its Energy cost.","Riftbound Unit: Jayce, Man of Progress. When you play me, you may kill a friendly gear. If you do, you may play a gear with Energy cost no more than [7] from hand this turn, ignoring its Energy cost.",莺之歌,portrait,https://cmsassets.rgpub.io/sanity/images/dsfx7636/game_data_live/be6d6a608c5bee9d2012e24d9e6f6f1d1977a37a-744x1039.png?accountingTag=RB
ven-176-166,VEN-176/166,176,"Viktor, Innovator",VEN,Vendetta,rare,Rare,Unit,Champion,Mind,4,3,1,Viktor,"When you play a card on an opponent's turn, play a 1 :rb_might: Recruit unit token to your base.","Riftbound Unit: Viktor, Innovator. When you play a card on an opponent's turn, play a 1 [S] Recruit unit token to your base.",莺之歌,portrait,https://cmsassets.rgpub.io/sanity/images/dsfx7636/game_data_live/0416b4a447494acac41413a4511bb59ce983b4ec-744x1039.png?accountingTag=RB
ven-177-166,VEN-177/166,177,"Renekton, Brute",VEN,Vendetta,epic,Epic,Unit,Champion,Body,5,4,,Renekton,":rb_energy_1:: Give me +1 :rb_might: this turn.
When my Might becomes 10 or more, empower me.
[Empowered][>] I have [Ganking] and [Deflect].","Riftbound Unit: Renekton, Brute. [1]: Give me +1 [S] this turn.
When my Might becomes 10 or more, empower me.
[Empowered][>] I have [Ganking] and [Deflect].",Ziyan Lin,portrait,https://cmsassets.rgpub.io/sanity/images/dsfx7636/game_data_live/49ebe990f1d3631e3c18fc37323c49f49bf159fa-744x1039.png?accountingTag=RB
ven-178-166,VEN-178/166,178,"Nasus, Guardian of Knowledge",VEN,Vendetta,rare,Rare,Unit,Champion,Mind,5,6,1,"Dog, Nasus","Once each turn, when an enemy unit here dies, channel 1 rune exhausted.","Riftbound Unit: Nasus, Guardian of Knowledge. Once each turn, when an enemy unit here dies, channel 1 rune exhausted.",Ziyan Lin,portrait,https://cmsassets.rgpub.io/sanity/images/dsfx7636/game_data_live/3095b4ed4fd647539ed9a80828b8e1ce7f09ae82-744x1039.png?accountingTag=RB
ven-179-166,VEN-179/166,179,"Rengar, Trophy Hunter",VEN,Vendetta,epic,Epic,Unit,Champion,Body,5,6,1,"Cat, Rengar, Ixtal","[Ambush]
I can be played to a battlefield where there are enemy units.","Riftbound Unit: Rengar, Trophy Hunter. [Ambush]
I can be played to a battlefield where there are enemy units.",莺之歌,portrait,https://cmsassets.rgpub.io/sanity/images/dsfx7636/game_data_live/1f16f5b1f980106057606a2faa3cce64fa4850e7-744x1039.png?accountingTag=RB
ven-180-166,VEN-180/166,180,"Kha'Zix, Evolving Hunter",VEN,Vendetta,epic,Epic,Unit,Champion,Body,5,5,1,"Kha'Zix, The Void","[Hunt]
When I attack, you may spend 3 XP to deal damage equal to my Might to an enemy unit here.","Riftbound Unit: Kha'Zix, Evolving Hunter. [Hunt]
When I attack, you may spend 3 XP to deal damage equal to my Might to an enemy unit here.",莺之歌,portrait,https://cmsassets.rgpub.io/sanity/images/dsfx7636/game_data_live/4875b0eb5705f9723118f0895dd702373826bdbc-744x1039.png?accountingTag=RB
ven-181-166,VEN-181/166,181,"Gangplank, Naval",VEN,Vendetta,rare,Rare,Unit,Champion,Body,6,6,,Gangplank,"[Empower] :rb_rune_body::rb_rune_body:
[Empowered][>] If a spell or ability that chooses me would stun me, give me -:rb_might:, or return me to hand, give me +3 :rb_might: instead.","Riftbound Unit: Gangplank, Naval. [Empower] [C][C]
[Empowered][>] If a spell or ability that chooses me would stun me, give me -[S], or return me to hand, give me +3 [S] instead.",Grafit Studio,portrait,https://cmsassets.rgpub.io/sanity/images/dsfx7636/game_data_live/9d9fd99b083fb7104d533ca0eccb43a47c2cc74a-744x1039.png?accountingTag=RB
ven-182-166,VEN-182/166,182,"Illaoi, Prophet of the Great Kraken",VEN,Vendetta,rare,Rare,Unit,Champion,Chaos,6,4,,Illaoi,"When you play me or when I score, play a :rb_energy_1: :rb_might: Tentacle unit token from Bilgewater.
I have +1 :rb_might: for each token unit you control.","Riftbound Unit: Illaoi, Prophet of the Great Kraken. When you play me or when I score, play a [1] [S] Tentacle unit token from Bilgewater.
I have +1 [S] for each token unit you control.",Grafit Studio,portrait,https://cmsassets.rgpub.io/sanity/images/dsfx7636/game_data_live/a50aadbfd6f435433a80b12da9826fa0a6bd8172-744x1039.png?accountingTag=RB
ven-183-166,VEN-183/166,183,"Diana, No Longer Human",VEN,Vendetta,epic,Epic,Unit,Champion,Chaos,4,3,1,"Diana, Mount Targon","[Ambush]
When you play a spell, give me +2 :rb_might: this turn.","Riftbound Unit: Diana, No Longer Human. [Ambush]
When you play a spell, give me +2 [S] this turn.",Naifan Zhang,portrait,https://cmsassets.rgpub.io/sanity/images/dsfx7636/game_data_live/d5a7071e4f1af712c9bf5342ba70fbb2e359483f-744x1039.png?accountingTag=RB
ven-184-166,VEN-184/166,184,"Leona, Determined",VEN,Vendetta,rare,Rare,Unit,Champion,Order,4,4,1,Leona,"[Shield]
When I attack, stun an enemy unit here.","Riftbound Unit: Leona, Determined. [Shield]
When I attack, stun an enemy unit here.",Naifan Zhang,portrait,https://cmsassets.rgpub.io/sanity/images/dsfx7636/game_data_live/92ac39878346a886129b6d339ab3d9e6c722a7eb-744x1039.png?accountingTag=RB
ven-185-166,VEN-185/166,185,"Kayle, Justified",VEN,Vendetta,rare,Rare,Unit,Champion,Order,3,3,,Kayle,"[Empower] :rb_energy_3: (:rb_energy_3:: Empower me.)
I can be [Empowered] up to three times.
I have +2 :rb_might: for each time I’m [Empowered].
While I'm [Empowered] three times, I have [Deflect 3] and [Ganking].","Riftbound Unit: Kayle, Justified. [Empower] [3] ([3]: Empower me.)
I can be [Empowered] up to three times.
I have +2 [S] for each time I’m [Empowered].
While I'm [Empowered] three times, I have [Deflect 3] and [Ganking].",HCuu,portrait,https://cmsassets.rgpub.io/sanity/images/dsfx7636/game_data_live/0fec986bfca86382c61770575ed20e1799b6b830-744x1039.png?accountingTag=RB
ven-186-166,VEN-186/166,186,"Morgana, Vindictive",VEN,Vendetta,rare,Rare,Unit,Champion,Fury,5,5,1,Morgana,"[Ambush]
When you play me, deal damage to a unit equal to the damage marked on it.","Riftbound Unit: Morgana, Vindictive. [Ambush]
When you play me, deal damage to a unit equal to the damage marked on it.",Yuande Wu,portrait,https://cmsassets.rgpub.io/sanity/images/dsfx7636/game_data_live/f5015b3077bbe6fbcdb0437fd47f119040e26ca3-744x1039.png?accountingTag=RB
ven-187-166,VEN-187/166,187,"Ambessa, Respected and Feared",VEN,Vendetta,epic,Epic,Unit,Champion,Order,5,5,,Ambessa,"[Empower] :rb_energy_1::rb_rune_order::rb_rune_order:
[Empowered][>] I have [Assault 2].
[Empowered][>] When I attack, kill an enemy unit here with less Might than me.","Riftbound Unit: Ambessa, Respected and Feared. [Empower] [1][C][C]
[Empowered][>] I have [Assault 2].
[Empowered][>] When I attack, kill an enemy unit here with less Might than me.",蛋费鸡丁,portrait,https://cmsassets.rgpub.io/sanity/images/dsfx7636/game_data_live/17552788c608d9cb044c0a9bf7076d462548875b-744x1039.png?accountingTag=RB
ven-188-166,VEN-188/166,188,"Mel, Defiant Soul",VEN,Vendetta,rare,Rare,Unit,Champion,Chaos,5,4,,Mel,"[Empower] — Discard a spell
When I become [Empowered], banish an enemy unit at a battlefield with 3 :rb_might: or less.","Riftbound Unit: Mel, Defiant Soul. [Empower] — Discard a spell
When I become [Empowered], banish an enemy unit at a battlefield with 3 [S] or less.",Zhongqi Li,portrait,https://cmsassets.rgpub.io/sanity/images/dsfx7636/game_data_live/0dac0b8b724d7d20f3e8c2126856d54d990e4ebc-744x1039.png?accountingTag=RB
ven-189-166,VEN-189/166,189,Rogue Assassin,VEN,Vendetta,rare,Rare,Legend,,"Fury, Calm",,,,Akali,"[Empower] :rb_energy_3::rb_rune_rainbow:
[Action][>] :rb_exhaust:: If it's your turn, move a friendly unit in a showdown to base and if I'm [Empowered], ready it.","Riftbound Legend: Rogue Assassin. [Empower] [3][A]
[Action][>] [T]: If it's your turn, move a friendly unit in a showdown to base and if I'm [Empowered], ready it.",Jessica Oyhenart,portrait,https://cmsassets.rgpub.io/sanity/images/dsfx7636/game_data_live/7b0ec31df147b40bbb83c40644252b48a7619593-744x1039.png?accountingTag=RB
ven-189-star-166,VEN-189*/166,189,Rogue Assassin,VEN,Vendetta,rare,Rare,Legend,,"Fury, Calm",,,,Akali,"[Empower] :rb_energy_3::rb_rune_rainbow:
[Action][>] :rb_exhaust:: If it's your turn, move a friendly unit in a showdown to base and if I'm [Empowered], ready it.","Riftbound Legend: Rogue Assassin. [Empower] [3][A]
[Action][>] [T]: If it's your turn, move a friendly unit in a showdown to base and if I'm [Empowered], ready it.",Jessica Oyhenart,portrait,https://cmsassets.rgpub.io/sanity/images/dsfx7636/game_data_live/d8262e7b24f26d1c9a18b13166d009aaf573e059-744x1039.png?accountingTag=RB
ven-190-166,VEN-190/166,190,Butcher of the Sands,VEN,Vendetta,rare,Rare,Legend,,"Fury, Body",,,,Renekton,"[Reaction][>] :rb_rune_rainbow::rb_rune_rainbow:, :rb_exhaust:: [Add] :rb_energy_2:. Spend this Energy only to play units or activated abilities of units.","Riftbound Legend: Butcher of the Sands. [Reaction][>] [A][A], [T]: [Add] [2]. Spend this Energy only to play units or activated abilities of units.",Edgardo Monteon,portrait,https://cmsassets.rgpub.io/sanity/images/dsfx7636/game_data_live/f5db9db00111d8225e17c3a03d0111b471e74999-744x1040.png?accountingTag=RB
ven-190-star-166,VEN-190*/166,190,Butcher of the Sands,VEN,Vendetta,rare,Rare,Legend,,"Fury, Body",,,,Renekton,"[Reaction][>] :rb_rune_rainbow::rb_rune_rainbow:, :rb_exhaust:: [Add] :rb_energy_2:. Spend this Energy only to play units or activated abilities of units.","Riftbound Legend: Butcher of the Sands. [Reaction][>] [A][A], [T]: [Add] [2]. Spend this Energy only to play units or activated abilities of units.",Edgardo Monteon,portrait,https://cmsassets.rgpub.io/sanity/images/dsfx7636/game_data_live/b9270494d2c18525e766b2ffa23a7c99ad9f994f-744x1039.png?accountingTag=RB
ven-191-166,VEN-191/166,191,Master of Shadows,VEN,Vendetta,rare,Rare,Legend,,"Fury, Chaos",,,,Zed,"When you banish a card you own, empower me.
[Action][>] Disempower me, :rb_exhaust:: Discard 1, then draw 1.","Riftbound Legend: Master of Shadows. When you banish a card you own, empower me.
[Action][>] Disempower me, [T]: Discard 1, then draw 1.",Yh Shen,portrait,https://cmsassets.rgpub.io/sanity/images/dsfx7636/game_data_live/75b7ba57a83af496b26d9fe7e8521f9a851bf464-744x1039.png?accountingTag=RB
ven-191-star-166,VEN-191*/166,191,Master of Shadows,VEN,Vendetta,rare,Rare,Legend,,"Fury, Chaos",,,,Zed,"When you banish a card you own, empower me.
[Action][>] Disempower me, :rb_exhaust:: Discard 1, then draw 1.","Riftbound Legend: Master of Shadows. When you banish a card you own, empower me.
[Action][>] Disempower me, [T]: Discard 1, then draw 1.",Yh Shen,portrait,https://cmsassets.rgpub.io/sanity/images/dsfx7636/game_data_live/a88733f8062c18a7aa51a208b1aef5d0bd030007-744x1039.png?accountingTag=RB
ven-192-166,VEN-192/166,192,Curator of the Sands,VEN,Vendetta,rare,Rare,Legend,,"Calm, Mind",,,,Nasus,"When you play a unit, gear, or activated ability with Energy cost :rb_energy_7: or more, you may exhaust me to ready up to 2 runes.","Riftbound Legend: Curator of the Sands. When you play a unit, gear, or activated ability with Energy cost [7] or more, you may exhaust me to ready up to 2 runes.",Sean Budanio,portrait,https://cmsassets.rgpub.io/sanity/images/dsfx7636/game_data_live/1790b30538781eb2a55b5baee00fff9ed08794aa-744x1039.png?accountingTag=RB
ven-192-star-166,VEN-192*/166,192,Curator of the Sands,VEN,Vendetta,rare,Rare,Legend,,"Calm, Mind",,,,"Dog, Shurima, Nasus","When you play a unit, gear, or activated ability with Energy cost :rb_energy_7: or more, you may exhaust me to ready up to 2 runes.","Riftbound Legend: Curator of the Sands. When you play a unit, gear, or activated ability with Energy cost [7] or more, you may exhaust me to ready up to 2 runes.",Sean Budanio,portrait,https://cmsassets.rgpub.io/sanity/images/dsfx7636/game_data_live/964b5f9718a6648add68d894505e69bd2c5d071a-744x1039.png?accountingTag=RB
ven-193-star-166,VEN-193*/166,193,Eye of Twilight,VEN,Vendetta,rare,Rare,Legend,,"Calm, Order",,,,Shen,[Action][>] :rb_exhaust:: Give a friendly unit [Tank] this turn.,Riftbound Legend: Eye of Twilight. [Action][>] [T]: Give a friendly unit [Tank] this turn.,Oscar Vega,portrait,https://cmsassets.rgpub.io/sanity/images/dsfx7636/game_data_live/1f60702c09f95d2a2af0176c77166092cb8cf6fa-744x1039.png?accountingTag=RB
ven-193-166,VEN-193/166,193,Eye of Twilight,VEN,Vendetta,rare,Rare,Legend,,"Calm, Order",,,,Shen,[Action][>] :rb_exhaust:: Give a friendly unit [Tank] this turn.,Riftbound Legend: Eye of Twilight. [Action][>] [T]: Give a friendly unit [Tank] this turn.,Oscar Vega,portrait,https://cmsassets.rgpub.io/sanity/images/dsfx7636/game_data_live/8c234c7efc30a24dc50c4b76517857bff6e1f906-744x1039.png?accountingTag=RB
ven-194-star-166,VEN-194*/166,194,Defender of Tomorrow,VEN,Vendetta,rare,Rare,Legend,,"Mind, Body",,,,Jayce,"[Empower] :rb_energy_2::rb_rune_rainbow::rb_rune_rainbow:
:rb_energy_1:, :rb_exhaust:: Ready a gear.
[Empowered][>] :rb_energy_1:, :rb_exhaust:: Ready 2 gear.","Riftbound Legend: Defender of Tomorrow. [Empower] [2][A][A]
[1], [T]: Ready a gear. 
[Empowered][>] [1], [T]: Ready 2 gear.",Stella Chen Yui,portrait,https://cmsassets.rgpub.io/sanity/images/dsfx7636/game_data_live/3092eec0739ac28d36e22c3ee005feb75980d001-744x1039.png?accountingTag=RB
ven-194-166,VEN-194/166,194,Defender of Tomorrow,VEN,Vendetta,rare,Rare,Legend,,"Mind, Body",,,,Jayce,"[Empower] :rb_energy_2::rb_rune_rainbow::rb_rune_rainbow:
:rb_energy_1:, :rb_exhaust:: Ready a gear.
[Empowered][>] :rb_energy_1:, :rb_exhaust:: Ready 2 gear.","Riftbound Legend: Defender of Tomorrow. [Empower] [2][A][A]
[1], [T]: Ready a gear. 
[Empowered][>] [1], [T]: Ready 2 gear.",Stella Chen Yui,portrait,https://cmsassets.rgpub.io/sanity/images/dsfx7636/game_data_live/f527eb9b02ce62d808ec82e12ac28af5a6bd75fb-744x1039.png?accountingTag=RB
ven-195-star-166,VEN-195*/166,195,Soul's Reflection,VEN,Vendetta,rare,Rare,Legend,,"Mind, Chaos",,,,Mel,"When you empower something else, empower me.
Disempower me, :rb_exhaust:: Give a unit at a battlefield -2 :rb_might: this turn.","Riftbound Legend: Soul's Reflection. When you empower something else, empower me.
Disempower me, [T]: Give a unit at a battlefield -2 [S] this turn.",Envar Studio,portrait,https://cmsassets.rgpub.io/sanity/images/dsfx7636/game_data_live/174a22326c894454cb5878f4ce3603d43f9e599f-744x1040.png?accountingTag=RB
ven-195-166,VEN-195/166,195,Soul's Reflection,VEN,Vendetta,rare,Rare,Legend,,"Mind, Chaos",,,,Mel,"When you empower something else, empower me.
Disempower me, :rb_exhaust:: Give a unit at a battlefield -2 :rb_might: this turn.","Riftbound Legend: Soul's Reflection. When you empower something else, empower me.
Disempower me, [T]: Give a unit at a battlefield -2 [S] this turn.",Envar Studio,portrait,https://cmsassets.rgpub.io/sanity/images/dsfx7636/game_data_live/f56cf2a3755318e1dc6afd01736f2a4d759cd4a1-744x1039.png?accountingTag=RB
ven-196-166,VEN-196/166,196,Matriarch of War,VEN,Vendetta,rare,Rare,Legend,,"Body, Order",,,,Ambessa,"When you empower something else, empower me.
Disempower me, :rb_rune_rainbow:, :rb_exhaust:: Ready a unit.","Riftbound Legend: Matriarch of War. When you empower something else, empower me.
Disempower me, [A], [T]: Ready a unit.",Aliya Chen,portrait,https://cmsassets.rgpub.io/sanity/images/dsfx7636/game_data_live/2d6c1bd7992ddd20fe524587274ed6f9a249e42c-744x1039.png?accountingTag=RB
ven-196-star-166,VEN-196*/166,196,Matriarch of War,VEN,Vendetta,rare,Rare,Legend,,"Body, Order",,,,Ambessa,"When you empower something else, empower me.
Disempower me, :rb_rune_rainbow:, :rb_exhaust:: Ready a unit.","Riftbound Legend: Matriarch of War. When you empower something else, empower me.
Disempower me, [A], [T]: Ready a unit.",Aliya Chen,portrait,https://cmsassets.rgpub.io/sanity/images/dsfx7636/game_data_live/844b4dd1ae4803abf61b42d53af2b4969e594332-744x1039.png?accountingTag=RB
ven-197-star-166,VEN-197*/166,197,Heart of the Tempest,VEN,Vendetta,rare,Rare,Legend,,"Order, Chaos",,,,"Yordle, Kennen","When you play a card from anywhere other than your hand, empower me.
[Action][>] Disempower me, :rb_exhaust:: Give a unit [Assault 2] this turn.","Riftbound Legend: Heart of the Tempest. When you play a card from anywhere other than your hand, empower me.
[Action][>] Disempower me, [T]: Give a unit [Assault 2] this turn.",Shop Sun,portrait,https://cmsassets.rgpub.io/sanity/images/dsfx7636/game_data_live/853681913bcd2a2e2b42217e290b530b72518142-744x1039.png?accountingTag=RB
ven-197-166,VEN-197/166,197,Heart of the Tempest,VEN,Vendetta,rare,Rare,Legend,,"Order, Chaos",,,,"Yordle, Kennen","When you play a card from anywhere other than your hand, empower me.
[Action][>] Disempower me, :rb_exhaust:: Give a unit [Assault 2] this turn.","Riftbound Legend: Heart of the Tempest. When you play a card from anywhere other than your hand, empower me.
[Action][>] Disempower me, [T]: Give a unit [Assault 2] this turn.",Shop Sun,portrait,https://cmsassets.rgpub.io/sanity/images/dsfx7636/game_data_live/f208ffb2ee76827cd4c608bcc8e1bcb9380bfa31-744x1039.png?accountingTag=RB
