id,publicCode,collectorNumber,name,set_id,set_label,rarity_id,rarity_label,cardType,superType,domain,energy,might,power,tags,ability_text,accessibilityText,illustrator,orientation,cardImage_url
ogn-001-298,OGN-001/298,1,Blazing Scorcher,OGN,Origins,common,Common,Unit,,Fury,5,5,,"Dragon, Noxus",[Accelerate] (You may pay :rb_energy_1::rb_rune_fury: as an additional cost to have me enter ready.),Riftbound Unit: Blazing Scorcher. [Accelerate] (You may pay [1][C] as an additional cost to have me enter ready.),Envar Studio,portrait,https://cmsassets.rgpub.io/sanity/images/dsfx7636/game_data_live/15ed971e4029a92b362a81ccadf309fb81e40b81-744x1039.png?accountingTag=RB
ogn-002-298,OGN-002/298,2,Brazen Buccaneer,OGN,Origins,common,Common,Unit,,Fury,6,5,,"Pirate, Bilgewater","As you play me, you may discard 1 as an additional cost. If you do, reduce my cost by :rb_energy_2:.","Riftbound Unit: Brazen Buccaneer. As you play me, you may discard 1 as an additional cost. If you do, reduce my cost by [2].",Six More Vodka,portrait,https://cmsassets.rgpub.io/sanity/images/dsfx7636/game_data_live/d481971f7560e7235e7d6934767da18daa019eff-744x1039.png?accountingTag=RB
ogn-003-298,OGN-003/298,3,Chemtech Enforcer,OGN,Origins,common,Common,Unit,,Fury,2,2,,Zaun,"[Assault 2] (+2 :rb_might: while I'm an attacker.)
When you play me, discard 1.","Riftbound Unit: Chemtech Enforcer. [Assault 2] (+2 [S] while I'm an attacker.)
When you play me, discard 1.",Six More Vodka,portrait,https://cmsassets.rgpub.io/sanity/images/dsfx7636/game_data_live/19dcf211457d9c9c6e9ea0cd32af76c2c92a3160-744x1039.png?accountingTag=RB
ogn-004-298,OGN-004/298,4,Cleave,OGN,Origins,common,Common,Spell,,Fury,1,,,,"[Action] (Play on your turn or in showdowns.)
Give a unit [Assault 3] this turn. (+3 :rb_might: while it's an attacker.)","Riftbound Spell: Cleave. [Action] (Play on your turn or in showdowns.)
Give a unit [Assault 3] this turn. (+3 [S] while it's an attacker.)",Kudos Productions,portrait,https://cmsassets.rgpub.io/sanity/images/dsfx7636/game_data_live/95d476a1e88ff547fb846149619177bc7e3cea9f-744x1039.png?accountingTag=RB
ogn-005-298,OGN-005/298,5,Disintegrate,OGN,Origins,common,Common,Spell,,Fury,4,,,,"[Action] (Play on your turn or in showdowns.)
Deal 3 to a unit at a battlefield. If this kills it, draw 1.","Riftbound Spell: Disintegrate. [Action] (Play on your turn or in showdowns.)
Deal 3 to a unit at a battlefield. If this kills it, draw 1.",Kudos Productions,portrait,https://cmsassets.rgpub.io/sanity/images/dsfx7636/game_data_live/a27374ac3a81f3dfefb43c3c3237c23b4883cb5a-744x1039.png?accountingTag=RB
ogn-006-298,OGN-006/298,6,Flame Chompers,OGN,Origins,common,Common,Unit,,Fury,3,3,,Zaun,"When you discard me, you may pay :rb_rune_fury: to play me.","Riftbound Unit: Flame Chompers. When you discard me, you may pay [C] to play me.",Six More Vodka,portrait,https://cmsassets.rgpub.io/sanity/images/dsfx7636/game_data_live/1f6f5ebd18e5daac30d62626fddd785c4b457c2b-744x1039.png?accountingTag=RB
ogn-007a-298,OGN-007a/298,7,Fury Rune,OGN,Origins,showcase,Showcase,Rune,Basic,Fury,,,,,,Riftbound Rune: Fury Rune.,Fairfoul,portrait,https://cmsassets.rgpub.io/sanity/images/dsfx7636/game_data_live/09da06c69d07d4e72dde703737ef167472c715af-1488x2078.png?accountingTag=RB
ogn-007-298,OGN-007/298,7,Fury Rune,OGN,Origins,common,Common,Rune,Basic,Fury,,,,,,Riftbound Rune: Fury Rune.,Greg Ghielmetti & Leah Chen,portrait,https://cmsassets.rgpub.io/sanity/images/dsfx7636/game_data_live/12bcd0cde5d9ff4640e82945001e9fef863530f1-744x1039.png?accountingTag=RB
ogn-008-298,OGN-008/298,8,Get Excited!,OGN,Origins,common,Common,Spell,,Fury,2,,1,,"[Action] (Play on your turn or in showdowns.)
Discard 1. Deal its Energy cost as damage to a unit at a battlefield. (Ignore its Power cost.)","Riftbound Spell: Get Excited!. [Action] (Play on your turn or in showdowns.)
Discard 1. Deal its Energy cost as damage to a unit at a battlefield. (Ignore its Power cost.)",Original Force Studio,portrait,https://cmsassets.rgpub.io/sanity/images/dsfx7636/game_data_live/2906c932c482af17fbb2979a8c42a6992f95d6a6-744x1039.png?accountingTag=RB
ogn-009-298,OGN-009/298,9,Hextech Ray,OGN,Origins,common,Common,Spell,,Fury,1,,1,,"[Action] (Play on your turn or in showdowns.)
Deal 3 to a unit at a battlefield.","Riftbound Spell: Hextech Ray. [Action] (Play on your turn or in showdowns.)
Deal 3 to a unit at a battlefield.",League of Legends,portrait,https://cmsassets.rgpub.io/sanity/images/dsfx7636/game_data_live/1e7d12693822c38377ddc8f15db23e2f9b6d560a-744x1039.png?accountingTag=RB
ogn-010-298,OGN-010/298,10,Legion Rearguard,OGN,Origins,common,Common,Unit,,Fury,2,2,,"Trifarian, Noxus",[Accelerate] (You may pay :rb_energy_1::rb_rune_fury: as an additional cost to have me enter ready.),Riftbound Unit: Legion Rearguard. [Accelerate] (You may pay [1][C] as an additional cost to have me enter ready.),Six More Vodka,portrait,https://cmsassets.rgpub.io/sanity/images/dsfx7636/game_data_live/aedece01c7792c689050460db1670e6b9b15b61f-744x1039.png?accountingTag=RB
ogn-011-298,OGN-011/298,11,Magma Wurm,OGN,Origins,common,Common,Unit,,Fury,8,8,1,Freljord,Other friendly units enter ready.,Riftbound Unit: Magma Wurm. Other friendly units enter ready.,Envar Studio,portrait,https://cmsassets.rgpub.io/sanity/images/dsfx7636/game_data_live/f6565b15f65f538804e6a56623c8aa2eedeffc22-744x1039.png?accountingTag=RB
ogn-012-298,OGN-012/298,12,Noxus Hopeful,OGN,Origins,common,Common,Unit,,Fury,4,4,,"Trifarian, Noxus",[Legion] — I cost :rb_energy_2: less. (Get the effect if you've played another card this turn.),Riftbound Unit: Noxus Hopeful. [Legion] — I cost [2] less. (Get the effect if you've played another card this turn.),Six More Vodka,portrait,https://cmsassets.rgpub.io/sanity/images/dsfx7636/game_data_live/c3bb6f4cb58feeb50e396d12ec9865c5434025af-744x1039.png?accountingTag=RB
ogn-013-298,OGN-013/298,13,Pouty Poro,OGN,Origins,common,Common,Unit,,Fury,2,2,,Poro,[Deflect] (Opponents must pay :rb_rune_rainbow: to choose me with a spell or ability.),Riftbound Unit: Pouty Poro. [Deflect] (Opponents must pay [A] to choose me with a spell or ability.),Caravan Studio,portrait,https://cmsassets.rgpub.io/sanity/images/dsfx7636/game_data_live/d541bf3bcb5aa3ad0d48d87f5753569b72ac426f-744x1039.png?accountingTag=RB
ogn-014-298,OGN-014/298,14,Sky Splitter,OGN,Origins,common,Common,Spell,,Fury,8,,1,,"[Action] (Play on your turn or in showdowns.)
This spell's Energy cost is reduced by the highest Might among units you control.
Deal 5 to a unit at a battlefield.","Riftbound Spell: Sky Splitter. [Action] (Play on your turn or in showdowns.)
This spell's Energy cost is reduced by the highest Might among units you control.
Deal 5 to a unit at a battlefield.",Polar Engine Studio,portrait,https://cmsassets.rgpub.io/sanity/images/dsfx7636/game_data_live/01faae468720dd5bf5e3fe12ba56c01af70263be-744x1039.png?accountingTag=RB
ogn-015-298,OGN-015/298,15,Captain Farron,OGN,Origins,uncommon,Uncommon,Unit,,Fury,4,5,1,"Trifarian, Noxus",Other friendly units here have [Assault]. (+1 :rb_might: while they're attackers.),Riftbound Unit: Captain Farron. Other friendly units here have [Assault]. (+1 [S] while they're attackers.),Six More Vodka,portrait,https://cmsassets.rgpub.io/sanity/images/dsfx7636/game_data_live/4c65e2cae6748590f589ad8b26bc5a20c0d770c2-744x1039.png?accountingTag=RB
ogn-016-298,OGN-016/298,16,Dangerous Duo,OGN,Origins,uncommon,Uncommon,Unit,,Fury,3,3,,"Mech, Bandle City","[Legion] — When you play me, give a unit +2 :rb_might: this turn. (Get the effect if you've played another card this turn.)","Riftbound Unit: Dangerous Duo. [Legion] — When you play me, give a unit +2 [S] this turn. (Get the effect if you've played another card this turn.)",Envar Studio,portrait,https://cmsassets.rgpub.io/sanity/images/dsfx7636/game_data_live/3c02ea9e438d407c739276b788e015ac93843651-744x1039.png?accountingTag=RB
ogn-017-298,OGN-017/298,17,Iron Ballista,OGN,Origins,uncommon,Uncommon,Gear,,Fury,3,,,,"This enters exhausted.
:rb_exhaust:: Deal 2 to a unit at a battlefield.","Riftbound Gear: Iron Ballista. This enters exhausted.
[T]: Deal 2 to a unit at a battlefield.",Kudos Productions,portrait,https://cmsassets.rgpub.io/sanity/images/dsfx7636/game_data_live/9b5cfe757b6067994e17e284eba46433880a1461-744x1039.png?accountingTag=RB
ogn-018-298,OGN-018/298,18,Noxus Saboteur,OGN,Origins,uncommon,Uncommon,Unit,,Fury,3,3,,"Trifarian, Noxus",Your opponents' [Hidden] cards can't be revealed here.,Riftbound Unit: Noxus Saboteur. Your opponents' [Hidden] cards can't be revealed here.,Six More Vodka,portrait,https://cmsassets.rgpub.io/sanity/images/dsfx7636/game_data_live/b78f0c822cb984db24ac3f1956cc8c10f8f88b22-744x1039.png?accountingTag=RB
ogn-019-298,OGN-019/298,19,Raging Soul,OGN,Origins,uncommon,Uncommon,Unit,,Fury,4,4,,"Spirit, Shadow Isles","If you've discarded a card this turn, I have [Assault] and [Ganking]. (+1 :rb_might: while I'm an attacker. I can move from battlefield to battlefield.)","Riftbound Unit: Raging Soul. If you've discarded a card this turn, I have [Assault] and [Ganking]. (+1 [S] while I'm an attacker. I can move from battlefield to battlefield.)",Six More Vodka,portrait,https://cmsassets.rgpub.io/sanity/images/dsfx7636/game_data_live/037647d0decc94ff4a5d53b11cf36afe9d849533-744x1039.png?accountingTag=RB
ogn-020-298,OGN-020/298,20,Scrapyard Champion,OGN,Origins,uncommon,Uncommon,Unit,,Fury,5,5,1,"Mech, Bandle City","[Legion] — When you play me, discard 2, then draw 2. (Get the effect if you've played another card this turn.)","Riftbound Unit: Scrapyard Champion. [Legion] — When you play me, discard 2, then draw 2. (Get the effect if you've played another card this turn.)",Envar Studio,portrait,https://cmsassets.rgpub.io/sanity/images/dsfx7636/game_data_live/10f096d2b469fd73329386e5efe88c9bec667d7c-744x1039.png?accountingTag=RB
ogn-021-298,OGN-021/298,21,Sun Disc,OGN,Origins,uncommon,Uncommon,Gear,,Fury,2,,1,,:rb_exhaust:: [Legion] — The next unit you play this turn enters ready. (Get the effect if you've played another card this turn.),Riftbound Gear: Sun Disc. [T]: [Legion] — The next unit you play this turn enters ready. (Get the effect if you've played another card this turn.),Envar Studio,portrait,https://cmsassets.rgpub.io/sanity/images/dsfx7636/game_data_live/146d7514f15e6674f471f3aa9c3fadf22c0b634b-744x1039.png?accountingTag=RB
ogn-022-298,OGN-022/298,22,Thermo Beam,OGN,Origins,uncommon,Uncommon,Spell,,Fury,5,,2,,"[Action] (Play on your turn or in showdowns.)
Kill all gear.","Riftbound Spell: Thermo Beam. [Action] (Play on your turn or in showdowns.)
Kill all gear.",Max Grecke,portrait,https://cmsassets.rgpub.io/sanity/images/dsfx7636/game_data_live/88661e852b864491e6d7f5f087caf4263f61c361-744x1039.png?accountingTag=RB
ogn-023-298,OGN-023/298,23,Unlicensed Armory,OGN,Origins,uncommon,Uncommon,Gear,,Fury,2,,,,"Discard 1, :rb_exhaust:: Choose a friendly unit. The next time it dies this turn, you may pay :rb_rune_fury: to recall it exhausted instead. (Send it to base. This isn't a move.)","Riftbound Gear: Unlicensed Armory. Discard 1, [E]: Choose a friendly unit. The next time it dies this turn, you may pay [C] to recall it exhausted instead. (Send it to base. This isn't a move.)",Kudos Productions,portrait,https://cmsassets.rgpub.io/sanity/images/dsfx7636/game_data_live/1a80bedd893d9024fc90f108da36b4fd1d496ad6-744x1039.png?accountingTag=RB
ogn-024-298,OGN-024/298,24,Void Seeker,OGN,Origins,uncommon,Uncommon,Spell,,Fury,3,,1,,"[Action] (Play on your turn or in showdowns.)
Deal 4 to a unit at a battlefield. Draw 1.","Riftbound Spell: Void Seeker. [Action] (Play on your turn or in showdowns.)
Deal 4 to a unit at a battlefield. Draw 1.",Kudos Productions,portrait,https://cmsassets.rgpub.io/sanity/images/dsfx7636/game_data_live/5b64b63c6be58ff3c33c7fb3c2dcb168d64e287e-744x1039.png?accountingTag=RB
ogn-025-298,OGN-025/298,25,Blind Fury,OGN,Origins,rare,Rare,Spell,,Fury,4,,2,,"[Action] (Play on your turn or in showdowns.)
Each opponent reveals the top card of their Main Deck. Choose one and banish it, then play it, ignoring its cost. Then recycle the rest.","Riftbound Spell: Blind Fury. [Action] (Play on your turn or in showdowns.)
Each opponent reveals the top card of their Main Deck. Choose one and banish it, then play it, ignoring its cost. Then recycle the rest.",Six More Vodka,portrait,https://cmsassets.rgpub.io/sanity/images/dsfx7636/game_data_live/d74ba4998df9348408f1400090a0b0737c675fbd-744x1039.png?accountingTag=RB
ogn-026-298,OGN-026/298,26,Brynhir Thundersong,OGN,Origins,rare,Rare,Unit,,Fury,6,5,,Freljord,"When you play me, opponents can't play cards this turn.","Riftbound Unit: Brynhir Thundersong. When you play me, opponents can't play cards this turn.",Envar Studio,portrait,https://cmsassets.rgpub.io/sanity/images/dsfx7636/game_data_live/44e805aa0f2928acf1156eef692403df319b333a-744x1039.png?accountingTag=RB
ogn-027a-298,OGN-027a/298,27,"Darius, Trifarian",OGN,Origins,showcase,Showcase,Unit,Champion,Fury,5,5,1,"Trifarian, Darius, Noxus","When you play your second card in a turn, give me +2 :rb_might: this turn and ready me.","Riftbound Unit: Darius, Trifarian. When you play your second card in a turn, give me +2 [S] this turn and ready me.",League Splash Team,portrait,https://cmsassets.rgpub.io/sanity/images/dsfx7636/game_data_live/df878ecc25160bb7e53b254a609ec243e133e8f1-744x1039.png?accountingTag=RB
ogn-027-298,OGN-027/298,27,"Darius, Trifarian",OGN,Origins,rare,Rare,Unit,Champion,Fury,5,5,1,"Trifarian, Darius, Noxus","When you play your second card in a turn, give me +2 :rb_might: this turn and ready me.","Riftbound Unit: Darius, Trifarian. When you play your second card in a turn, give me +2 [S] this turn and ready me.",League Splash Team,portrait,https://cmsassets.rgpub.io/sanity/images/dsfx7636/game_data_live/bf7a4900fd2296972c1305a4707c23860bb0522e-744x1039.png?accountingTag=RB
ogn-028-298,OGN-028/298,28,"Draven, Showboat",OGN,Origins,rare,Rare,Unit,Champion,Fury,5,3,1,"Draven, Noxus",My Might is increased by your points.,"Riftbound Unit: Draven, Showboat. My Might is increased by your points.",Six More Vodka,portrait,https://cmsassets.rgpub.io/sanity/images/dsfx7636/game_data_live/7600d6cea66e8146ea2202f72cb9035cb44608a3-744x1039.png?accountingTag=RB
ogn-029-298,OGN-029/298,29,Falling Star,OGN,Origins,rare,Rare,Spell,,Fury,2,,2,,"Deal 3 to a unit.
Deal 3 to a unit.","Riftbound Spell: Falling Star. Deal 3 to a unit.
Deal 3 to a unit.",Kudos Productions,portrait,https://cmsassets.rgpub.io/sanity/images/dsfx7636/game_data_live/9cf2d2e59e1bf839cdf5c2a77e95f5d1e871788f-744x1039.png?accountingTag=RB
ogn-030a-298,OGN-030a/298,30,"Jinx, Demolitionist",OGN,Origins,showcase,Showcase,Unit,Champion,Fury,3,4,1,"Jinx, Zaun","[Accelerate] (You may pay :rb_energy_1::rb_rune_fury: as an additional cost to have me enter ready.)
[Assault 2] (+2 :rb_might: while I'm an attacker.)
When you play me, discard 2.","Riftbound Unit: Jinx, Demolitionist. [Accelerate] (You may pay [1][C] as an additional cost to have me enter ready.)
[Assault 2] (+2 [S] while I'm an attacker.)
When you play me, discard 2.",League Splash Team,portrait,https://cmsassets.rgpub.io/sanity/images/dsfx7636/game_data_live/60ff1aec7ecb1b11ff89fdb620c6182897a8b402-744x1039.png?accountingTag=RB
ogn-030-298,OGN-030/298,30,"Jinx, Demolitionist",OGN,Origins,rare,Rare,Unit,Champion,Fury,3,4,1,"Jinx, Zaun","[Accelerate] (You may pay :rb_energy_1::rb_rune_fury: as an additional cost to have me enter ready.)
[Assault 2] (+2 :rb_might: while I'm an attacker.)
When you play me, discard 2.","Riftbound Unit: Jinx, Demolitionist. [Accelerate] (You may pay [1][C] as an additional cost to have me enter ready.)
[Assault 2] (+2 [S] while I'm an attacker.)
When you play me, discard 2.",Kudos Productions,portrait,https://cmsassets.rgpub.io/sanity/images/dsfx7636/game_data_live/d6cac988aa7798945e550eba6841d3993868c4a4-744x1039.png?accountingTag=RB
ogn-031-298,OGN-031/298,31,Raging Firebrand,OGN,Origins,rare,Rare,Unit,,Fury,6,4,1,"Dragon, Mount Targon","When you play me, the next spell you play this turn costs :rb_energy_5: less.","Riftbound Unit: Raging Firebrand. When you play me, the next spell you play this turn costs [5] less.",JiHun Lee,portrait,https://cmsassets.rgpub.io/sanity/images/dsfx7636/game_data_live/9566fc064c098bd7f3540f3074dc6353c7ca5663-744x1039.png?accountingTag=RB
ogn-032-298,OGN-032/298,32,Ravenborn Tome,OGN,Origins,rare,Rare,Gear,,Fury,3,,,,:rb_exhaust:: The next spell you play this turn deals 1 Bonus Damage. (Each instance of damage the spell deals is increased by 1.),Riftbound Gear: Ravenborn Tome. [E]: The next spell you play this turn deals 1 Bonus Damage. (Each instance of damage the spell deals is increased by 1.),Polar Engine Studio,portrait,https://cmsassets.rgpub.io/sanity/images/dsfx7636/game_data_live/81f968126026635e5b9a2fa1048fc979fcd13a1d-744x1039.png?accountingTag=RB
ogn-033-298,OGN-033/298,33,Shakedown,OGN,Origins,rare,Rare,Spell,,Fury,2,,1,,"[Reaction] (Play any time, even before spells and abilities resolve.)
Choose an enemy unit. Deal 6 to it unless its controller has you draw 2.","Riftbound Spell: Shakedown. [Reaction] (Play any time, even before spells and abilities resolve.)
Choose an enemy unit. Deal 6 to it unless its controller has you draw 2.",Kudos Productions,portrait,https://cmsassets.rgpub.io/sanity/images/dsfx7636/game_data_live/ab71d92c94bf609e2fa6efc8fec06fe1e8b10108-744x1039.png?accountingTag=RB
ogn-034-298,OGN-034/298,34,"Tryndamere, Barbarian",OGN,Origins,rare,Rare,Unit,Champion,Fury,7,8,2,"Tryndamere, Freljord","When I conquer after an attack, if you assigned 5 or more excess damage to enemy units, you score 1 point.","Riftbound Unit: Tryndamere, Barbarian. When I conquer after an attack, if you assigned 5 or more excess damage to enemy units, you score 1 point.",Six More Vodka,portrait,https://cmsassets.rgpub.io/sanity/images/dsfx7636/game_data_live/124c93495c927be1baea03fdacf6c7b283cf8b6c-744x1039.png?accountingTag=RB
ogn-035-298,OGN-035/298,35,"Vayne, Hunter",OGN,Origins,rare,Rare,Unit,Champion,Fury,4,2,1,"Vayne, Demacia","[Assault 3] (+3 :rb_might: while I'm an attacker.)
If an opponent controls a battlefield, I enter ready.
When I conquer, you may pay :rb_energy_1: to return me to my owner's hand.","Riftbound Unit: Vayne, Hunter. [Assault 3] (+3 [S] while I'm an attacker.)
If an opponent controls a battlefield, I enter ready.
When I conquer, you may pay [1] to return me to my owner's hand.",Kudos Productions,portrait,https://cmsassets.rgpub.io/sanity/images/dsfx7636/game_data_live/b38a22e6f4bfaa8589f32754a7466fe5214e81b5-744x1039.png?accountingTag=RB
ogn-036-298,OGN-036/298,36,"Vi, Destructive",OGN,Origins,rare,Rare,Unit,Champion,Fury,2,3,1,"Vi, Piltover","[Ganking] (I can move from battlefield to battlefield.)
Recycle 1 from your trash: Give me +1 :rb_might: this turn.","Riftbound Unit: Vi, Destructive. [Ganking] (I can move from battlefield to battlefield.)
Recycle 1 from your trash: Give me +1 [S] this turn.",Kudos Productions,portrait,https://cmsassets.rgpub.io/sanity/images/dsfx7636/game_data_live/7ab52254ac49b8853fc7ae65b03aaee3f8c5994a-744x1039.png?accountingTag=RB
ogn-037-298,OGN-037/298,37,Immortal Phoenix,OGN,Origins,epic,Epic,Unit,,Fury,3,3,1,Spirit,"[Assault 2] (+2 :rb_might: while I'm an attacker.)
When you kill a unit with a spell, you may pay :rb_energy_1::rb_rune_fury: to play me from your trash.","Riftbound Unit: Immortal Phoenix. [Assault 2] (+2 [S] while I'm an attacker.)
When you kill a unit with a spell, you may pay [1][C] to play me from your trash.",Kudos Productions,portrait,https://cmsassets.rgpub.io/sanity/images/dsfx7636/game_data_live/7b623ae985bf5f362b6d8d4a17e9b8146aeae3c3-744x1039.png?accountingTag=RB
ogn-038-298,OGN-038/298,38,Kadregrin the Infernal,OGN,Origins,epic,Epic,Unit,,Fury,9,9,2,"Dragon, Demacia","When you play me, draw 1 for each of your [Mighty] units. (A unit is Mighty while it has 5+ :rb_might:.)","Riftbound Unit: Kadregrin the Infernal. When you play me, draw 1 for each of your [Mighty] units. (A unit is Mighty while it has 5+ [S].)",Six More Vodka,portrait,https://cmsassets.rgpub.io/sanity/images/dsfx7636/game_data_live/733c32b1fccc7e2983cbb3586358152f90a6df04-744x1039.png?accountingTag=RB
ogn-039-298,OGN-039/298,39,"Kai'Sa, Survivor",OGN,Origins,epic,Epic,Unit,Champion,Fury,4,4,,"Kai'Sa, The Void","[Accelerate] (You may pay :rb_energy_1::rb_rune_fury: as an additional cost to have me enter ready.)
When I conquer, draw 1.","Riftbound Unit: Kai'Sa, Survivor. [Accelerate] (You may pay [1][C] as an additional cost to have me enter ready.)
When I conquer, draw 1.",League Splash Team,portrait,https://cmsassets.rgpub.io/sanity/images/dsfx7636/game_data_live/3d942c02ad4e96a36dba14d663c5105bb6614500-744x1039.png?accountingTag=RB
ogn-039a-298,OGN-039a/298,39,"Kai'Sa, Survivor",OGN,Origins,showcase,Showcase,Unit,Champion,Fury,4,4,,"Kai'Sa, The Void","[Accelerate] (You may pay :rb_energy_1::rb_rune_fury: as an additional cost to have me enter ready.)
When I conquer, draw 1.","Riftbound Unit: Kai'Sa, Survivor. [Accelerate] (You may pay [1][C] as an additional cost to have me enter ready.)
When I conquer, draw 1.",Envar Studio,portrait,https://cmsassets.rgpub.io/sanity/images/dsfx7636/game_data_live/ad69bde670ce218adee1d2a618a7295d2fb7bd4c-744x1039.png?accountingTag=RB
ogn-040-298,OGN-040/298,40,Seal of Rage,OGN,Origins,epic,Epic,Gear,,Fury,0,,1,,:rb_exhaust:: [Reaction] — [Add] :rb_rune_fury:. (Abilities that add resources can't be reacted to.),Riftbound Gear: Seal of Rage. [T]: [Reaction] — [Add] [C]. (Abilities that add resources can't be reacted to.),Kudos Productions,portrait,https://cmsassets.rgpub.io/sanity/images/dsfx7636/game_data_live/fbdd14adb40b0ca46b89f476a356fa21413d812e-744x1039.png?accountingTag=RB
ogn-041-298,OGN-041/298,41,"Volibear, Furious",OGN,Origins,epic,Epic,Unit,Champion,Fury,10,9,2,"Volibear, Freljord","[Deflect 2] (Opponents must pay :rb_rune_rainbow::rb_rune_rainbow: to choose me with a spell or ability.)
When I attack, deal 5 damage split among any number of enemy units here.","Riftbound Unit: Volibear, Furious. [Deflect 2] (Opponents must pay [A][A] to choose me with a spell or ability.)
When I attack, deal 5 damage split among any number of enemy units here.",Envar Studio,portrait,https://cmsassets.rgpub.io/sanity/images/dsfx7636/game_data_live/c9165d49b8caae9a856433cd5151e8b368eb80b5-744x1039.png?accountingTag=RB
ogn-041a-298,OGN-041a/298,41,"Volibear, Furious",OGN,Origins,showcase,Showcase,Unit,Champion,Fury,10,9,2,"Volibear, Freljord","[Deflect 2] (Opponents must pay :rb_rune_rainbow::rb_rune_rainbow: to choose me with a spell or ability.)
When I attack, deal 5 damage split among any number of enemy units here.","Riftbound Unit: Volibear, Furious. [Deflect 2] (Opponents must pay [A][A] to choose me with a spell or ability.)
When I attack, deal 5 damage split among any number of enemy units here.",League Splash Team,portrait,https://cmsassets.rgpub.io/sanity/images/dsfx7636/game_data_live/744d1b950ae7ef1e6e5b244538a6afb9802e5e3d-744x1039.png?accountingTag=RB
ogn-042a-298,OGN-042a/298,42,Calm Rune,OGN,Origins,showcase,Showcase,Rune,Basic,Calm,,,,,,Riftbound Rune: Calm Rune.,Zhongqi Li,portrait,https://cmsassets.rgpub.io/sanity/images/dsfx7636/game_data_live/88187b586b9b3cc2f48fd20c806dd5fc5e1bfc71-1488x2078.png?accountingTag=RB
ogn-042-298,OGN-042/298,42,Calm Rune,OGN,Origins,common,Common,Rune,Basic,Calm,,,,,,Riftbound Rune: Calm Rune.,Greg Ghielmetti & Leah Chen,portrait,https://cmsassets.rgpub.io/sanity/images/dsfx7636/game_data_live/0a0e8c3d16c2595e2f8efcc2b1466226539b506c-744x1039.png?accountingTag=RB
ogn-043-298,OGN-043/298,43,Charm,OGN,Origins,common,Common,Spell,,Calm,1,,1,,Move an enemy unit.,Riftbound Spell: Charm. Move an enemy unit.,Kudos Productions,portrait,https://cmsassets.rgpub.io/sanity/images/dsfx7636/game_data_live/62ae564505db8fcba70605eac2083ac2d4397b5a-744x1039.png?accountingTag=RB
ogn-044-298,OGN-044/298,44,Clockwork Keeper,OGN,Origins,common,Common,Unit,,Calm,2,2,,Shurima,"As you play me, you may pay :rb_rune_calm: as an additional cost. If you do, draw 1.","Riftbound Unit: Clockwork Keeper. As you play me, you may pay [C] as an additional cost. If you do, draw 1.",Polar Engine Studio,portrait,https://cmsassets.rgpub.io/sanity/images/dsfx7636/game_data_live/417e606418349bb25d4b07d460fa043ad85f2778-744x1039.png?accountingTag=RB
ogn-045-298,OGN-045/298,45,Defy,OGN,Origins,common,Common,Spell,,Calm,1,,1,,"[Reaction] (Play any time, even before spells and abilities resolve.)
Counter a spell that costs no more than :rb_energy_4: and no more than :rb_rune_rainbow:.","Riftbound Spell: Defy. [Reaction] (Play any time, even before spells and abilities resolve.)
Counter a spell that costs no more than [4] and no more than [A].",Kudos Productions,portrait,https://cmsassets.rgpub.io/sanity/images/dsfx7636/game_data_live/4989bfcc4bd7be77051f0c2c349a981ba9c273e0-744x1039.png?accountingTag=RB
ogn-046-298,OGN-046/298,46,En Garde,OGN,Origins,common,Common,Spell,,Calm,1,,,,"[Reaction] (Play any time, even before spells and abilities resolve.)
Give a friendly unit +1 :rb_might: this turn, then an additional +1 :rb_might: this turn if it is the only unit you control there.","Riftbound Spell: En Garde. [Reaction] (Play any time, even before spells and abilities resolve.)
Give a friendly unit +1 [S] this turn, then an additional +1 [S] this turn if it is the only unit you control there.",Kudos Productions,portrait,https://cmsassets.rgpub.io/sanity/images/dsfx7636/game_data_live/03c0ec7eaa5957a62869dad2a0ce40913fc874a9-744x1039.png?accountingTag=RB
ogn-047-298,OGN-047/298,47,Find Your Center,OGN,Origins,common,Common,Spell,,Calm,3,,,,"[Action] (Play on your turn or in showdowns.)
If an opponent's score is within 3 points of the Victory Score, this costs :rb_energy_2: less.
Draw 1 and channel 1 rune exhausted.","Riftbound Spell: Find Your Center. [Action] (Play on your turn or in showdowns.)
If an opponent's score is within 3 points of the Victory Score, this costs [2] less.
Draw 1 and channel 1 rune exhausted.",Kudos Productions,portrait,https://cmsassets.rgpub.io/sanity/images/dsfx7636/game_data_live/cd9d798b496fdce133c5b0106d636a230b6e7ebe-744x1039.png?accountingTag=RB
ogn-048-298,OGN-048/298,48,Meditation,OGN,Origins,common,Common,Spell,,Calm,2,,,,"[Reaction] (Play any time, even before spells and abilities resolve.)
As an additional cost to play this, you may exhaust a friendly unit. If you do, draw 2. Otherwise, draw 1.","Riftbound Spell: Meditation. [Reaction] (Play any time, even before spells and abilities resolve.)
As an additional cost to play this, you may exhaust a friendly unit. If you do, draw 2. Otherwise, draw 1.",Kudos Productions,portrait,https://cmsassets.rgpub.io/sanity/images/dsfx7636/game_data_live/7103336ab0d7f7bebdaa4155e4258d8d9beb06de-744x1039.png?accountingTag=RB
ogn-049-298,OGN-049/298,49,Playful Phantom,OGN,Origins,common,Common,Unit,,Calm,5,5,,"Spirit, Shadow Isles",,Riftbound Unit: Playful Phantom.,Six More Vodka,portrait,https://cmsassets.rgpub.io/sanity/images/dsfx7636/game_data_live/3171ef8c7968b0dfe088725b9721b19d175bdb1e-744x1039.png?accountingTag=RB
ogn-050-298,OGN-050/298,50,Rune Prison,OGN,Origins,common,Common,Spell,,Calm,2,,1,,"[Action] (Play on your turn or in showdowns.)
Stun a unit. (It doesn't deal combat damage this turn.)","Riftbound Spell: Rune Prison. [Action] (Play on your turn or in showdowns.)
Stun a unit. (It doesn't deal combat damage this turn.)",Kudos Productions,portrait,https://cmsassets.rgpub.io/sanity/images/dsfx7636/game_data_live/21867baeaced3c22cda5f40f6b6c9a8dad4b7042-744x1039.png?accountingTag=RB
ogn-051-298,OGN-051/298,51,Solari Shieldbearer,OGN,Origins,common,Common,Unit,,Calm,3,2,,Mount Targon,"When you play me, stun a unit. (It doesn't deal combat damage this turn.)","Riftbound Unit: Solari Shieldbearer. When you play me, stun a unit. (It doesn't deal combat damage this turn.)",Kudos Productions,portrait,https://cmsassets.rgpub.io/sanity/images/dsfx7636/game_data_live/9387ea6480c9fd6991760b07a178c07a5fcf1c57-744x1039.png?accountingTag=RB
ogn-052-298,OGN-052/298,52,Stalwart Poro,OGN,Origins,common,Common,Unit,,Calm,2,2,,Poro,[Shield] (+1 :rb_might: while I'm a defender.),Riftbound Unit: Stalwart Poro. [Shield] (+1 [S] while I'm a defender.),Six More Vodka,portrait,https://cmsassets.rgpub.io/sanity/images/dsfx7636/game_data_live/c4a5d7178e783c3975749271b6df333a82a2328a-744x1039.png?accountingTag=RB
ogn-053-298,OGN-053/298,53,Stand United,OGN,Origins,common,Common,Spell,,Calm,3,,,,"[Hidden] (Hide now for :rb_rune_rainbow: to react with later for :rb_energy_0:.)
[Action] (Play on your turn or in showdowns.)
Buff a friendly unit. Buffs give an additional +1 :rb_might: to friendly units this turn. (To buff a unit, give it a +1 :rb_might: buff if it doesn't already have one.)","Riftbound Spell: Stand United. [Hidden] (Hide now for [A] to react with later for [0].)
[Action] (Play on your turn or in showdowns.)
Buff a friendly unit. Buffs give an additional +1 [S] to friendly units this turn. (To buff a unit, give it a +1 [S] buff if it doesn't already have one.)",Six More Vodka,portrait,https://cmsassets.rgpub.io/sanity/images/dsfx7636/game_data_live/4d10570e70a998de520d4baba254c3b726caa4f0-744x1039.png?accountingTag=RB
ogn-054-298,OGN-054/298,54,Sunlit Guardian,OGN,Origins,common,Common,Unit,,Calm,3,3,,Shurima,"[Shield] (+1 :rb_might: while I'm a defender.)
[Tank] (I must be assigned combat damage first.)","Riftbound Unit: Sunlit Guardian. [Shield] (+1 [S] while I'm a defender.)
[Tank] (I must be assigned combat damage first.)",Kudos Productions,portrait,https://cmsassets.rgpub.io/sanity/images/dsfx7636/game_data_live/28bce7a662b9008f65565300f828d98790a641e1-744x1039.png?accountingTag=RB
ogn-055-298,OGN-055/298,55,Wielder of Water,OGN,Origins,common,Common,Unit,,Calm,3,2,,Ionia,"While I'm attacking or defending alone, I have +2 :rb_might:.","Riftbound Unit: Wielder of Water. While I'm attacking or defending alone, I have +2 [S].",Six More Vodka,portrait,https://cmsassets.rgpub.io/sanity/images/dsfx7636/game_data_live/5b38a7758705bd739caf07b5c0c49482a4a23015-744x1039.png?accountingTag=RB
ogn-056-298,OGN-056/298,56,Adaptatron,OGN,Origins,uncommon,Uncommon,Unit,,Calm,4,3,,"Mech, Piltover","When I conquer, you may kill a gear. If you do, buff me. (If I don't have a buff, I get a +1 :rb_might: buff.)","Riftbound Unit: Adaptatron. When I conquer, you may kill a gear. If you do, buff me. (If I don't have a buff, I get a +1 [S] buff.)",Kudos Productions,portrait,https://cmsassets.rgpub.io/sanity/images/dsfx7636/game_data_live/a3ddb00a2a872eaceb96469739531414aa27455d-744x1039.png?accountingTag=RB
ogn-057-298,OGN-057/298,57,Block,OGN,Origins,uncommon,Uncommon,Spell,,Calm,2,,,,"[Hidden] (Hide now for :rb_rune_rainbow: to react with later for :rb_energy_0:.)
[Action] (Play on your turn or in showdowns.)
Give a unit [Shield 3] and [Tank] this turn. (+3 :rb_might: while it's a defender. It must be assigned combat damage first.)","Riftbound Spell: Block. [Hidden] (Hide now for [A] to react with later for [0].)
[Action] (Play on your turn or in showdowns.)
Give a unit [Shield 3] and [Tank] this turn. (+3 [S] while it's a defender. It must be assigned combat damage first.)",Kudos Productions,portrait,https://cmsassets.rgpub.io/sanity/images/dsfx7636/game_data_live/36f7352e715fe073631ed85be41408c9a38ab865-744x1039.png?accountingTag=RB
ogn-058-298,OGN-058/298,58,Discipline,OGN,Origins,uncommon,Uncommon,Spell,,Calm,2,,,,"[Reaction] (Play any time, even before spells and abilities resolve.)
Give a unit +2 :rb_might: this turn. Draw 1.","Riftbound Spell: Discipline. [Reaction] (Play any time, even before spells and abilities resolve.)
Give a unit +2 [S] this turn. Draw 1.",Kudos Productions,portrait,https://cmsassets.rgpub.io/sanity/images/dsfx7636/game_data_live/8b9613970b505e3ad6abe2d51d091778314a7d48-744x1039.png?accountingTag=RB
ogn-059-298,OGN-059/298,59,Eclipse Herald,OGN,Origins,uncommon,Uncommon,Unit,,Calm,7,7,1,"Bird, Mount Targon","When you stun an enemy unit, ready me and give me +1 :rb_might: this turn.","Riftbound Unit: Eclipse Herald. When you stun an enemy unit, ready me and give me +1 [S] this turn.",Kudos Productions,portrait,https://cmsassets.rgpub.io/sanity/images/dsfx7636/game_data_live/bbe4fec278b8960681f97da658dc2f06ee46c4bd-744x1039.png?accountingTag=RB
ogn-060-298,OGN-060/298,60,Mask of Foresight,OGN,Origins,uncommon,Uncommon,Gear,,Calm,2,,,,"When a friendly unit attacks or defends alone, give it +1 :rb_might: this turn.","Riftbound Gear: Mask of Foresight. When a friendly unit attacks or defends alone, give it +1 [S] this turn.",Kudos Productions,portrait,https://cmsassets.rgpub.io/sanity/images/dsfx7636/game_data_live/03824709acbb4151d13b083a842c4702a3e61221-744x1039.png?accountingTag=RB
ogn-061-298,OGN-061/298,61,Poro Herder,OGN,Origins,uncommon,Uncommon,Unit,,Calm,3,3,1,Freljord,"When you play me, if you control a Poro, buff me and draw 1. (If I don't have a buff, I get a +1 :rb_might: buff.)","Riftbound Unit: Poro Herder. When you play me, if you control a Poro, buff me and draw 1. (If I don't have a buff, I get a +1 [S] buff.)",Six More Vodka,portrait,https://cmsassets.rgpub.io/sanity/images/dsfx7636/game_data_live/166b718a8517fcceac7e7d4f6acbc4fa0bbc2c55-744x1039.png?accountingTag=RB
ogn-062-298,OGN-062/298,62,Reinforce,OGN,Origins,uncommon,Uncommon,Spell,,Calm,5,,,,"Look at the top 5 cards of your Main Deck. You may banish a unit from among them, then play it, reducing its cost by :rb_energy_5:. Recycle the remaining cards.","Riftbound Spell: Reinforce. Look at the top 5 cards of your Main Deck. You may banish a unit from among them, then play it, reducing its cost by [5]. Recycle the remaining cards.",Kudos Productions,portrait,https://cmsassets.rgpub.io/sanity/images/dsfx7636/game_data_live/5bb4ce960c7636dac103c560a2e2f4e32f9d5390-744x1039.png?accountingTag=RB
ogn-063-298,OGN-063/298,63,Spirit's Refuge,OGN,Origins,uncommon,Uncommon,Gear,,Calm,2,,1,,"When you play this, buff a friendly unit. (If it doesn't have a buff, it gets a +1 :rb_might: buff.)
Friendly buffed units have [Deflect] if they didn't already. (Opponents must pay :rb_rune_rainbow: to choose those units with a spell or ability.)","Riftbound Gear: Spirit's Refuge. When you play this, buff a friendly unit. (If it doesn't have a buff, it gets a +1 [S] buff.)
Friendly buffed units have [Deflect] if they didn't already. (Opponents must pay [A] to choose those units with a spell or ability.)",Kudos Productions,portrait,https://cmsassets.rgpub.io/sanity/images/dsfx7636/game_data_live/26d5e54580d1f17ed6c35a66ac6a90ce56c99ec8-744x1039.png?accountingTag=RB
ogn-064-298,OGN-064/298,64,Wind Wall,OGN,Origins,uncommon,Uncommon,Spell,,Calm,3,,2,,"[Reaction] (Play any time, even before spells and abilities resolve.)
Counter a spell.","Riftbound Spell: Wind Wall. [Reaction] (Play any time, even before spells and abilities resolve.)
Counter a spell.",Max Grecke,portrait,https://cmsassets.rgpub.io/sanity/images/dsfx7636/game_data_live/72c4dbe48d06916c847dab40340e5f05228fadfe-744x1039.png?accountingTag=RB
ogn-065-298,OGN-065/298,65,Wizened Elder,OGN,Origins,uncommon,Uncommon,Unit,,Calm,4,4,,Ionia,"While I'm buffed, I have an additional +1 :rb_might:.","Riftbound Unit: Wizened Elder. While I'm buffed, I have an additional +1 [S].",Six More Vodka,portrait,https://cmsassets.rgpub.io/sanity/images/dsfx7636/game_data_live/7b98797789ad7e3a6cf52126b82a42ec6f269bb7-744x1039.png?accountingTag=RB
ogn-066-298,OGN-066/298,66,"Ahri, Alluring",OGN,Origins,rare,Rare,Unit,Champion,Calm,5,4,1,"Ahri, Ionia","When I hold, you score 1 point.","Riftbound Unit: Ahri, Alluring. When I hold, you score 1 point.",League Splash Team,portrait,https://cmsassets.rgpub.io/sanity/images/dsfx7636/game_data_live/fabbcc2f83f397cf07299236a702db05a151053b-744x1039.png?accountingTag=RB
ogn-066a-298,OGN-066a/298,66,"Ahri, Alluring",OGN,Origins,showcase,Showcase,Unit,Champion,Calm,5,4,1,"Ahri, Ionia","When I hold, you score 1 point.","Riftbound Unit: Ahri, Alluring. When I hold, you score 1 point.",Wild Rift,portrait,https://cmsassets.rgpub.io/sanity/images/dsfx7636/game_data_live/933f5d58cc0e27d017982306b9ae0f581c9c8d27-744x1039.png?accountingTag=RB
ogn-067-298,OGN-067/298,67,"Blitzcrank, Impassive",OGN,Origins,rare,Rare,Unit,Champion,Calm,5,5,1,"Mech, Blitzcrank, Zaun","[Tank] (I must be assigned combat damage first.)
When you play me to a battlefield, you may move an enemy unit to here.
When I hold, return me to my owner's hand.","Riftbound Unit: Blitzcrank, Impassive. [Tank] (I must be assigned combat damage first.)
When you play me to a battlefield, you may move an enemy unit to here.
When I hold, return me to my owner's hand.",League Splash Team,portrait,https://cmsassets.rgpub.io/sanity/images/dsfx7636/game_data_live/654dcc4aef0a0b5a0c6e928d7aae397a52c3ab17-744x1039.png?accountingTag=RB
ogn-068-298,OGN-068/298,68,"Caitlyn, Patrolling",OGN,Origins,rare,Rare,Unit,Champion,Calm,3,3,1,"Caitlyn, Piltover","I must be assigned combat damage last.
:rb_exhaust:: Deal damage equal to my Might to a unit at a battlefield. Use this ability only while I'm at a battlefield.","Riftbound Unit: Caitlyn, Patrolling. I must be assigned combat damage last.
[T]: Deal damage equal to my Might to a unit at a battlefield. Use this ability only while I'm at a battlefield.",Six More Vodka,portrait,https://cmsassets.rgpub.io/sanity/images/dsfx7636/game_data_live/51e6bacf25d19e7c391367ff107efb9e0b9f1ff5-744x1039.png?accountingTag=RB
ogn-069-298,OGN-069/298,69,Last Stand,OGN,Origins,rare,Rare,Spell,,Calm,3,,1,,"[Action] (Play on your turn or in showdowns.)
Double a friendly unit's Might this turn. Give it [Temporary]. (Kill it at the start of its controller's Beginning Phase, before scoring.)","Riftbound Spell: Last Stand. [Action] (Play on your turn or in showdowns.)
Double a friendly unit's Might this turn. Give it [Temporary]. (Kill it at the start of its controller's Beginning Phase, before scoring.)",Kudos Productions,portrait,https://cmsassets.rgpub.io/sanity/images/dsfx7636/game_data_live/9062d372d299c5c6a0c679f0ff07ba71590ca5f1-744x1039.png?accountingTag=RB
ogn-070-298,OGN-070/298,70,Mageseeker Warden,OGN,Origins,rare,Rare,Unit,,Calm,6,5,1,Demacia,"While I'm at a battlefield, opponents can only play units to their base.
While I'm at a battlefield, spells and abilities can't ready enemy units and gear.","Riftbound Unit: Mageseeker Warden. While I'm at a battlefield, opponents can only play units to their base.
While I'm at a battlefield, spells and abilities can't ready enemy units and gear.",Six More Vodka,portrait,https://cmsassets.rgpub.io/sanity/images/dsfx7636/game_data_live/ae844b929f817cdf76fe40c7bf5d5fc02062bdac-744x1039.png?accountingTag=RB
ogn-071-298,OGN-071/298,71,Party Favors,OGN,Origins,rare,Rare,Spell,,Calm,3,,,,"Each other player chooses Cards or Runes. For each player that chooses Cards, you and that player each draw 1. For each player that chooses Runes, you and that player each channel 1 rune exhausted.","Riftbound Spell: Party Favors. Each other player chooses Cards or Runes. For each player that chooses Cards, you and that player each draw 1. For each player that chooses Runes, you and that player each channel 1 rune exhausted.",Kudos Productions,portrait,https://cmsassets.rgpub.io/sanity/images/dsfx7636/game_data_live/fddcef3c55663c5d6856f6d039d19cacfd64abb5-744x1039.png?accountingTag=RB
ogn-072-298,OGN-072/298,72,Solari Shrine,OGN,Origins,rare,Rare,Gear,,Calm,3,,,,"When you kill a stunned enemy unit, you may exhaust this to draw 1.","Riftbound Gear: Solari Shrine. When you kill a stunned enemy unit, you may exhaust this to draw 1.",Kudos Productions,portrait,https://cmsassets.rgpub.io/sanity/images/dsfx7636/game_data_live/139a6d1c62a717bab4cdd75926e7f4aba6efb15d-744x1039.png?accountingTag=RB
ogn-073-298,OGN-073/298,73,"Sona, Harmonious",OGN,Origins,rare,Rare,Unit,Champion,Calm,4,4,1,"Sona, Demacia","While I'm at a battlefield, ready 4 friendly runes at the end of your turn.","Riftbound Unit: Sona, Harmonious. While I'm at a battlefield, ready 4 friendly runes at the end of your turn.",League Splash Team,portrait,https://cmsassets.rgpub.io/sanity/images/dsfx7636/game_data_live/8582f6430821fb912fcb3619c5ce9405f254cb2f-744x1039.png?accountingTag=RB
ogn-074-298,OGN-074/298,74,"Taric, Protector",OGN,Origins,rare,Rare,Unit,Champion,Calm,4,4,1,"Taric, Mount Targon","[Shield] (+1 :rb_might: while I'm a defender.)
[Tank] (I must be assigned combat damage first.)
Other friendly units here have [Shield].","Riftbound Unit: Taric, Protector. [Shield] (+1 [S] while I'm a defender.)
[Tank] (I must be assigned combat damage first.)
Other friendly units here have [Shield].",Six More Vodka,portrait,https://cmsassets.rgpub.io/sanity/images/dsfx7636/game_data_live/7d08e3f64401cb87b8a0564a1cbe6fc94aee03a7-744x1039.png?accountingTag=RB
ogn-075-298,OGN-075/298,75,Tasty Faefolk,OGN,Origins,rare,Rare,Unit,,Calm,7,6,,"Fae, Bandle City","[Accelerate] (You may pay :rb_energy_1::rb_rune_calm: as an additional cost to have me enter ready.)
[Deathknell] — Channel 2 runes exhausted and draw 1. (When I die, get the effect.)","Riftbound Unit: Tasty Faefolk. [Accelerate] (You may pay [1][C] as an additional cost to have me enter ready.)
[Deathknell] — Channel 2 runes exhausted and draw 1. (When I die, get the effect.)",Dao Trong Le,portrait,https://cmsassets.rgpub.io/sanity/images/dsfx7636/game_data_live/65f69ca9a1087deb12e91fb6fdee7b6efd0c088f-744x1039.png?accountingTag=RB
ogn-076-298,OGN-076/298,76,"Yasuo, Remorseful",OGN,Origins,rare,Rare,Unit,Champion,Calm,6,6,2,"Yasuo, Ionia","When I attack, deal damage equal to my Might to an enemy unit here.","Riftbound Unit: Yasuo, Remorseful. When I attack, deal damage equal to my Might to an enemy unit here.",Six More Vodka,portrait,https://cmsassets.rgpub.io/sanity/images/dsfx7636/game_data_live/1643a6c93626884c93363557e1a483642bda6c45-744x1039.png?accountingTag=RB
ogn-076a-298,OGN-076a/298,76,"Yasuo, Remorseful",OGN,Origins,showcase,Showcase,Unit,Champion,Calm,6,6,2,"Yasuo, Ionia","When I attack, deal damage equal to my Might to an enemy unit here.","Riftbound Unit: Yasuo, Remorseful. When I attack, deal damage equal to my Might to an enemy unit here.",League Splash Team,portrait,https://cmsassets.rgpub.io/sanity/images/dsfx7636/game_data_live/3f2cff3ff3b146c8bfe11594e37e9d8109884273-744x1039.png?accountingTag=RB
ogn-077-298,OGN-077/298,77,Zhonya's Hourglass,OGN,Origins,rare,Rare,Gear,,Calm,2,,,,"[Hidden] (Hide now for :rb_rune_rainbow: to react with later for :rb_energy_0:.)
The next time a friendly unit would die, kill this instead. Recall that unit exhausted. (Send it to base. This isn't a move.)","Riftbound Gear: Zhonya's Hourglass. [Hidden] (Hide now for [A] to react with later for [0].)
The next time a friendly unit would die, kill this instead. Recall that unit exhausted. (Send it to base. This isn't a move.)",Kudos Productions,portrait,https://cmsassets.rgpub.io/sanity/images/dsfx7636/game_data_live/dc38172c56f838b407fc9f170ba973da32d7cd4d-744x1039.png?accountingTag=RB
ogn-078a-298,OGN-078a/298,78,"Lee Sin, Ascetic",OGN,Origins,showcase,Showcase,Unit,Champion,Calm,5,5,1,"Lee Sin, Ionia","[Shield] (+1 :rb_might: while I'm a defender.)
:rb_exhaust:: Buff me. (I get a +1 :rb_might: buff.)
I can have any number of buffs.","Riftbound Unit: Lee Sin, Ascetic. [Shield] (+1 [S] while I'm a defender.)
[T]: Buff me. (I get a +1 [S] buff.)
I can have any number of buffs.",League Splash Team,portrait,https://cmsassets.rgpub.io/sanity/images/dsfx7636/game_data_live/d34a98faacd3f7d32afd6fad99c806f202aa9dad-744x1039.png?accountingTag=RB
ogn-078-298,OGN-078/298,78,"Lee Sin, Ascetic",OGN,Origins,epic,Epic,Unit,Champion,Calm,5,5,1,"Lee Sin, Ionia","[Shield] (+1 :rb_might: while I'm a defender.)
:rb_exhaust:: Buff me. (I get a +1 :rb_might: buff.)
I can have any number of buffs.","Riftbound Unit: Lee Sin, Ascetic. [Shield] (+1 [S] while I'm a defender.)
[T]: Buff me. (I get a +1 [S] buff.)
I can have any number of buffs.",Six More Vodka,portrait,https://cmsassets.rgpub.io/sanity/images/dsfx7636/game_data_live/70734e8833bfbbdb2736407c449f418553e3cf7c-744x1039.png?accountingTag=RB
ogn-079a-298,OGN-079a/298,79,"Leona, Zealot",OGN,Origins,showcase,Showcase,Unit,Champion,Calm,6,6,1,"Leona, Mount Targon","If an opponent's score is within 3 points of the Victory Score, I enter ready.
Stunned enemy units here have -8 :rb_might:, to a minimum of 1 :rb_might:.","Riftbound Unit: Leona, Zealot. If an opponent's score is within 3 points of the Victory Score, I enter ready.
Stunned enemy units here have -8 [S], to a minimum of 1 [S].",Six More Vodka,portrait,https://cmsassets.rgpub.io/sanity/images/dsfx7636/game_data_live/451caa433b1fbe8e9d2b86548b82c3c5f2bac620-744x1039.png?accountingTag=RB
ogn-079-298,OGN-079/298,79,"Leona, Zealot",OGN,Origins,epic,Epic,Unit,Champion,Calm,6,6,1,"Leona, Mount Targon","If an opponent's score is within 3 points of the Victory Score, I enter ready.
Stunned enemy units here have -8 :rb_might:, to a minimum of 1 :rb_might:.","Riftbound Unit: Leona, Zealot. If an opponent's score is within 3 points of the Victory Score, I enter ready.
Stunned enemy units here have -8 [S], to a minimum of 1 [S].",Six More Vodka,portrait,https://cmsassets.rgpub.io/sanity/images/dsfx7636/game_data_live/3bd1e924bec41b0f733fc8b93dc8918ce5a53ba4-744x1039.png?accountingTag=RB
ogn-080-298,OGN-080/298,80,Mystic Reversal,OGN,Origins,epic,Epic,Spell,,Calm,4,,3,,"[Reaction] (Play any time, even before spells and abilities resolve.)
Gain control of a spell. You may make new choices for it.","Riftbound Spell: Mystic Reversal. [Reaction] (Play any time, even before spells and abilities resolve.)
Gain control of a spell. You may make new choices for it.",Polar Engine Studio,portrait,https://cmsassets.rgpub.io/sanity/images/dsfx7636/game_data_live/298fe91f9d76086b7d77880e11016ed46389b61b-744x1039.png?accountingTag=RB
ogn-081-298,OGN-081/298,81,Seal of Focus,OGN,Origins,epic,Epic,Gear,,Calm,0,,1,,:rb_exhaust:: [Reaction] — [Add] :rb_rune_calm:. (Abilities that add resources can't be reacted to.),Riftbound Gear: Seal of Focus. [T]: [Reaction] — [Add] [C]. (Abilities that add resources can't be reacted to.),Kudos Productions,portrait,https://cmsassets.rgpub.io/sanity/images/dsfx7636/game_data_live/288c300c4e4cb10ecfe6c3cbb543d0636b306852-744x1039.png?accountingTag=RB
ogn-082-298,OGN-082/298,82,Whiteflame Protector,OGN,Origins,epic,Epic,Unit,,Calm,8,8,2,"Dragon, Mount Targon","When you play me, give a unit +8 :rb_might: this turn.","Riftbound Unit: Whiteflame Protector. When you play me, give a unit +8 [S] this turn.",Aron Elekes,portrait,https://cmsassets.rgpub.io/sanity/images/dsfx7636/game_data_live/a5cdd793736f915fa1b4ea388af66de7b2bc00cb-744x1039.png?accountingTag=RB
ogn-083-298,OGN-083/298,83,Consult the Past,OGN,Origins,common,Common,Spell,,Mind,4,,,,"[Hidden] (Hide now for :rb_rune_rainbow: to react with later for :rb_energy_0:.)
[Reaction] (Play any time, even before spells and abilities resolve.)
Draw 2.","Riftbound Spell: Consult the Past. [Hidden] (Hide now for [A] to react with later for [0].)
[Reaction] (Play any time, even before spells and abilities resolve.)
Draw 2.",Kudos Productions,portrait,https://cmsassets.rgpub.io/sanity/images/dsfx7636/game_data_live/198d950d3933972273ec714e9264cbd563ea6920-744x1039.png?accountingTag=RB
ogn-084-298,OGN-084/298,84,Eager Apprentice,OGN,Origins,common,Common,Unit,,Mind,3,3,,Piltover,"While I'm at a battlefield, the Energy costs for spells you play is reduced by :rb_energy_1:, to a minimum of :rb_energy_1:.","Riftbound Unit: Eager Apprentice. While I'm at a battlefield, the Energy costs for spells you play is reduced by [1], to a minimum of [1].",Six More Vodka,portrait,https://cmsassets.rgpub.io/sanity/images/dsfx7636/game_data_live/cf6d5447ff3634d8c2c0216cb2e5802fb5ca0b2e-744x1039.png?accountingTag=RB
ogn-085-298,OGN-085/298,85,Falling Comet,OGN,Origins,common,Common,Spell,,Mind,5,,,,"[Action] (Play on your turn or in showdowns.)
Deal 6 to a unit at a battlefield.","Riftbound Spell: Falling Comet. [Action] (Play on your turn or in showdowns.)
Deal 6 to a unit at a battlefield.",Kudos Productions,portrait,https://cmsassets.rgpub.io/sanity/images/dsfx7636/game_data_live/eaaf300a07d5b2927fe9a601d70f2a01b512cc7e-744x1039.png?accountingTag=RB
ogn-086-298,OGN-086/298,86,Jeweled Colossus,OGN,Origins,common,Common,Unit,,Mind,5,5,,Mount Targon,"[Vision] (When you play me, look at the top card of your Main Deck. You may recycle it.)
[Shield] (+1 :rb_might: while I'm a defender.)","Riftbound Unit: Jeweled Colossus. [Vision] (When you play me, look at the top card of your Main Deck. You may recycle it.)
[Shield] (+1 [S] while I'm a defender.)",Kudos Productions,portrait,https://cmsassets.rgpub.io/sanity/images/dsfx7636/game_data_live/775bea14038165fd9feb15c796ed84aa00a032e1-744x1039.png?accountingTag=RB
ogn-087-298,OGN-087/298,87,Lecturing Yordle,OGN,Origins,common,Common,Unit,,Mind,3,2,,"Yordle, Bandle City","[Tank] (I must be assigned combat damage first.)
When you play me, draw 1.","Riftbound Unit: Lecturing Yordle. [Tank] (I must be assigned combat damage first.)
When you play me, draw 1.",Kudos Productions,portrait,https://cmsassets.rgpub.io/sanity/images/dsfx7636/game_data_live/62e22370dac35c18de21efbfce9c86ca821e9105-744x1039.png?accountingTag=RB
ogn-088-298,OGN-088/298,88,Mega-Mech,OGN,Origins,common,Common,Unit,,Mind,7,8,,"Mech, Bandle City",,Riftbound Unit: Mega-Mech.,Valentin Gloaguen,portrait,https://cmsassets.rgpub.io/sanity/images/dsfx7636/game_data_live/f71db7b62798a2a10a1ab0d293c26ac9dd163c6a-744x1039.png?accountingTag=RB
ogn-089-298,OGN-089/298,89,Mind Rune,OGN,Origins,common,Common,Rune,Basic,Mind,,,,,,Riftbound Rune: Mind Rune.,Greg Ghielmetti & Leah Chen,portrait,https://cmsassets.rgpub.io/sanity/images/dsfx7636/game_data_live/f99aa4874baaebd2e81798c8a3aa01c5900f6d30-744x1039.png?accountingTag=RB
ogn-089a-298,OGN-089a/298,89,Mind Rune,OGN,Origins,showcase,Showcase,Rune,Basic,Mind,,,,,,Riftbound Rune: Mind Rune.,Fairfoul,portrait,https://cmsassets.rgpub.io/sanity/images/dsfx7636/game_data_live/ecf8c8632c728520b51cd4bc79036677e96ebdfd-1488x2078.png?accountingTag=RB
ogn-090-298,OGN-090/298,90,Orb of Regret,OGN,Origins,common,Common,Gear,,Mind,1,,,,":rb_exhaust:: Give a unit -1 :rb_might: this turn, to a minimum of 1 :rb_might:.","Riftbound Gear: Orb of Regret. [T]: Give a unit -1 [S] this turn, to a minimum of 1 [S].",Kudos Productions,portrait,https://cmsassets.rgpub.io/sanity/images/dsfx7636/game_data_live/fd883b646d1a3cdb1a03b0c19dc62c92ca552f4f-744x1039.png?accountingTag=RB
ogn-091-298,OGN-091/298,91,Pit Crew,OGN,Origins,common,Common,Unit,,Mind,3,3,,Bandle City,"When you play a gear, ready me.","Riftbound Unit: Pit Crew. When you play a gear, ready me.",Chris Kintner,portrait,https://cmsassets.rgpub.io/sanity/images/dsfx7636/game_data_live/8023223b55adc44bafe1f8c5f305d3dde6f6d114-744x1039.png?accountingTag=RB
ogn-092-298,OGN-092/298,92,Riptide Rex,OGN,Origins,common,Common,Unit,,Mind,6,6,2,"Pirate, Bilgewater","When you play me, deal 6 to an enemy unit at a battlefield.","Riftbound Unit: Riptide Rex. When you play me, deal 6 to an enemy unit at a battlefield.",MAR Studio,portrait,https://cmsassets.rgpub.io/sanity/images/dsfx7636/game_data_live/e09bf1fb6d72da31d415ea31ae7413fe7f02d650-744x1039.png?accountingTag=RB
ogn-093-298,OGN-093/298,93,Smoke Screen,OGN,Origins,common,Common,Spell,,Mind,2,,1,,"[Reaction] (Play any time, even before spells and abilities resolve.)
Give a unit -4 :rb_might: this turn, to a minimum of 1 :rb_might:.","Riftbound Spell: Smoke Screen. [Reaction] (Play any time, even before spells and abilities resolve.)
Give a unit -4 [S] this turn, to a minimum of 1 [S].",Kudos Productions,portrait,https://cmsassets.rgpub.io/sanity/images/dsfx7636/game_data_live/06c34457afd09b828ee0b2862ed51eb31004d888-744x1039.png?accountingTag=RB
ogn-094-298,OGN-094/298,94,Sprite Call,OGN,Origins,common,Common,Spell,,Mind,3,,,,"[Hidden] (Hide now for :rb_rune_rainbow: to react with later for :rb_energy_0:.)
[Action] (Play on your turn or in showdowns.)
Play a ready 3 :rb_might: Sprite unit token with [Temporary]. (Kill it at the start of its controller's Beginning Phase, before scoring.)","Riftbound Spell: Sprite Call. [Hidden] (Hide now for [A] to react with later for [0].)
[Action] (Play on your turn or in showdowns.)
Play a ready 3 [S] Sprite unit token with [Temporary]. (Kill it at the start of its controller's Beginning Phase, before scoring.)",Envar Studio,portrait,https://cmsassets.rgpub.io/sanity/images/dsfx7636/game_data_live/ab3db48dcbb12b01151d3a08c2412020380b7ca5-744x1039.png?accountingTag=RB
ogn-095-298,OGN-095/298,95,Stupefy,OGN,Origins,common,Common,Spell,,Mind,1,,,,"[Reaction] (Play any time, even before spells and abilities resolve.)
Give a unit -1 :rb_might: this turn, to a minimum of 1 :rb_might:. Draw 1.","Riftbound Spell: Stupefy. [Reaction] (Play any time, even before spells and abilities resolve.)
Give a unit -1 [S] this turn, to a minimum of 1 [S]. Draw 1.",Kudos Productions,portrait,https://cmsassets.rgpub.io/sanity/images/dsfx7636/game_data_live/837a5976192bbf8bdb4086429802167548ecc119-744x1039.png?accountingTag=RB
ogn-096-298,OGN-096/298,96,Watchful Sentry,OGN,Origins,common,Common,Unit,,Mind,2,1,,Freljord,"[Deathknell] — Draw 1. (When I die, get the effect.)","Riftbound Unit: Watchful Sentry. [Deathknell] — Draw 1. (When I die, get the effect.)",Six More Vodka,portrait,https://cmsassets.rgpub.io/sanity/images/dsfx7636/game_data_live/d84da2c62b1e218a0a74b227c49ce8a953918ebd-744x1039.png?accountingTag=RB
ogn-097-298,OGN-097/298,97,Blastcone Fae,OGN,Origins,uncommon,Uncommon,Unit,,Mind,2,2,1,"Fae, Bandle City","[Hidden] (Hide now for :rb_rune_rainbow: to react with later for :rb_energy_0:.)
When you play me, give a unit -2 :rb_might: this turn, to a minimum of 1 :rb_might:.","Riftbound Unit: Blastcone Fae. [Hidden] (Hide now for [A] to react with later for [0].)
When you play me, give a unit -2 [S] this turn, to a minimum of 1 [S].",Caravan Studio,portrait,https://cmsassets.rgpub.io/sanity/images/dsfx7636/game_data_live/fac53b2216490c99ad7ce11dc5e663a692d6c104-744x1039.png?accountingTag=RB
ogn-098-298,OGN-098/298,98,Energy Conduit,OGN,Origins,uncommon,Uncommon,Gear,,Mind,3,,,,:rb_exhaust:: [Reaction] — [Add] :rb_energy_1:. (Abilities that add resources can't be reacted to.),Riftbound Gear: Energy Conduit. [T]: [Reaction] — [Add] [1]. (Abilities that add resources can't be reacted to.),Kudos Productions,portrait,https://cmsassets.rgpub.io/sanity/images/dsfx7636/game_data_live/f0e0a67e9e9b1d45d12d248df78b4e643b70bdc1-744x1039.png?accountingTag=RB
ogn-099-298,OGN-099/298,99,Garbage Grabber,OGN,Origins,uncommon,Uncommon,Gear,,Mind,2,,,,"Recycle 3 from your trash, :rb_energy_1:, :rb_exhaust:: Draw 1.","Riftbound Gear: Garbage Grabber. Recycle 3 from your trash, [1], [T]: Draw 1.",Caravan Studio,portrait,https://cmsassets.rgpub.io/sanity/images/dsfx7636/game_data_live/199f21237aeee2582904463a15ec62ce29452c10-744x1039.png?accountingTag=RB
ogn-100-298,OGN-100/298,100,Gemcraft Seer,OGN,Origins,uncommon,Uncommon,Unit,,Mind,3,3,1,Mount Targon,"[Vision] (When you play me, look at the top card of your Main Deck. You may recycle it.)
Other friendly units have [Vision].","Riftbound Unit: Gemcraft Seer. [Vision] (When you play me, look at the top card of your Main Deck. You may recycle it.)
Other friendly units have [Vision].",Bubble Cat Studio,portrait,https://cmsassets.rgpub.io/sanity/images/dsfx7636/game_data_live/4b6965bd592a5f602ab932094d677b6c85b2372b-744x1039.png?accountingTag=RB
ogn-101-298,OGN-101/298,101,Mushroom Pouch,OGN,Origins,uncommon,Uncommon,Gear,,Mind,2,,,,"At the start of your Beginning Phase, if you control a facedown card at a battlefield, draw 1.","Riftbound Gear: Mushroom Pouch. At the start of your Beginning Phase, if you control a facedown card at a battlefield, draw 1.",Polar Engine Studio,portrait,https://cmsassets.rgpub.io/sanity/images/dsfx7636/game_data_live/ef5b3125fda91c0d0a02b7e6dfb7d3d5bafa8bd0-744x1039.png?accountingTag=RB
ogn-102-298,OGN-102/298,102,Portal Rescue,OGN,Origins,uncommon,Uncommon,Spell,,Mind,3,,1,,"[Action] (Play on your turn or in showdowns.)
Banish a friendly unit, then play it to base, ignoring its cost.","Riftbound Spell: Portal Rescue. [Action] (Play on your turn or in showdowns.)
Banish a friendly unit, then play it to base, ignoring its cost.",Kudos Productions,portrait,https://cmsassets.rgpub.io/sanity/images/dsfx7636/game_data_live/bafb4c68fa9a3eb71fecd0cdffb9e20b9f68d532-744x1039.png?accountingTag=RB
ogn-103-298,OGN-103/298,103,Ravenbloom Student,OGN,Origins,uncommon,Uncommon,Unit,,Mind,2,2,,Noxus,"When you play a spell, give me +1 :rb_might: this turn.","Riftbound Unit: Ravenbloom Student. When you play a spell, give me +1 [S] this turn.",Polar Engine Studio,portrait,https://cmsassets.rgpub.io/sanity/images/dsfx7636/game_data_live/b98b1ff793b6eb263957258742cc83d50fda6537-744x1039.png?accountingTag=RB
ogn-104-298,OGN-104/298,104,Retreat,OGN,Origins,uncommon,Uncommon,Spell,,Mind,1,,,,"[Reaction] (Play any time, even before spells and abilities resolve.)
Return a friendly unit to its owner's hand. Its owner channels 1 rune exhausted.","Riftbound Spell: Retreat. [Reaction] (Play any time, even before spells and abilities resolve.)
Return a friendly unit to its owner's hand. Its owner channels 1 rune exhausted.",Kudos Productions,portrait,https://cmsassets.rgpub.io/sanity/images/dsfx7636/game_data_live/71ecf6c06d3110a81ac0f01c726c06921f479a13-744x1039.png?accountingTag=RB
ogn-105-298,OGN-105/298,105,Singularity,OGN,Origins,uncommon,Uncommon,Spell,,Mind,6,,2,,Deal 6 to each of up to two units.,Riftbound Spell: Singularity. Deal 6 to each of up to two units.,Kudos Productions,portrait,https://cmsassets.rgpub.io/sanity/images/dsfx7636/game_data_live/792edce1a64d4a92740aa3fa240e21e161513944-744x1039.png?accountingTag=RB
ogn-106-298,OGN-106/298,106,Sprite Mother,OGN,Origins,uncommon,Uncommon,Unit,,Mind,4,3,1,Fae,"When you play me, play a ready 3 :rb_might: Sprite unit token with [Temporary] here. (Kill it at the start of its controller's Beginning Phase, before scoring.)","Riftbound Unit: Sprite Mother. When you play me, play a ready 3 [S] Sprite unit token with [Temporary] here. (Kill it at the start of its controller's Beginning Phase, before scoring.)",Envar Studio,portrait,https://cmsassets.rgpub.io/sanity/images/dsfx7636/game_data_live/65c06528f88de1ac207b382d4830ccfdd08a2d12-744x1039.png?accountingTag=RB
ogn-107-298,OGN-107/298,107,Ava Achiever,OGN,Origins,rare,Rare,Unit,,Mind,5,4,,Yordle,"When I attack, you may pay :rb_rune_mind: to play a card with [Hidden] from your hand here, ignoring its cost.","Riftbound Unit: Ava Achiever. When I attack, you may pay [C] to play a card with [Hidden] from your hand here, ignoring its cost.",Kudos Productions,portrait,https://cmsassets.rgpub.io/sanity/images/dsfx7636/game_data_live/93e91aa99eb09baa68dd95b0013a89d9ffde5240-744x1039.png?accountingTag=RB
ogn-108-298,OGN-108/298,108,Convergent Mutation,OGN,Origins,rare,Rare,Spell,,Mind,2,,1,,"[Reaction] (Play any time, even before spells and abilities resolve.)
Choose a friendly unit. This turn, increase its Might to the Might of another friendly unit.","Riftbound Spell: Convergent Mutation. [Reaction] (Play any time, even before spells and abilities resolve.)
Choose a friendly unit. This turn, increase its Might to the Might of another friendly unit.",Wild Blue Studios,portrait,https://cmsassets.rgpub.io/sanity/images/dsfx7636/game_data_live/61d414fc67ff52b9082e282e628dd0916afd8454-744x1039.png?accountingTag=RB
ogn-109-298,OGN-109/298,109,"Dr. Mundo, Expert",OGN,Origins,rare,Rare,Unit,Champion,Mind,8,6,2,"Dr. Mundo, Zaun","My Might is increased by the number of cards in your trash.
At the start of your Beginning Phase, recycle 3 from your trash.","Riftbound Unit: Dr. Mundo, Expert. My Might is increased by the number of cards in your trash.
At the start of your Beginning Phase, recycle 3 from your trash.",League Splash Team,portrait,https://cmsassets.rgpub.io/sanity/images/dsfx7636/game_data_live/cf51fe8bedf5139e8cc1fc062969949ea7b121f0-744x1039.png?accountingTag=RB
ogn-110-298,OGN-110/298,110,"Ekko, Recurrent",OGN,Origins,rare,Rare,Unit,Champion,Mind,5,5,1,"Ekko, Zaun","[Accelerate] (You may pay :rb_energy_1::rb_rune_mind: as an additional cost to have me enter ready.)
[Deathknell] — Recycle me to ready your runes. (When I die, get the effect.)","Riftbound Unit: Ekko, Recurrent. [Accelerate] (You may pay [1][C] as an additional cost to have me enter ready.)
[Deathknell] — Recycle me to ready your runes. (When I die, get the effect.)",Six More Vodka,portrait,https://cmsassets.rgpub.io/sanity/images/dsfx7636/game_data_live/65da19325b6def53d33c07bc1aa8f91fd2f1e723-744x1039.png?accountingTag=RB
ogn-111-298,OGN-111/298,111,"Heimerdinger, Inventor",OGN,Origins,rare,Rare,Unit,Champion,Mind,3,3,1,"Yordle, Heimerdinger, Piltover","I have all :rb_exhaust: abilities of all friendly legends, units, and gear.","Riftbound Unit: Heimerdinger, Inventor. I have all [T] abilities of all friendly legends, units, and gear.",Six More Vodka,portrait,https://cmsassets.rgpub.io/sanity/images/dsfx7636/game_data_live/5b14a5f9d567c90329c151a8cc72d870b47b1434-744x1039.png?accountingTag=RB
ogn-112-298,OGN-112/298,112,"Kai'Sa, Evolutionary",OGN,Origins,rare,Rare,Unit,Champion,Mind,6,6,1,"Kai'Sa, The Void","[Ganking] (I can move from battlefield to battlefield.)
When I conquer, you may play a spell from your trash with Energy cost less than your points without paying its Energy cost. Then recycle it. (You must still pay its Power cost.)","Riftbound Unit: Kai'Sa, Evolutionary. [Ganking] (I can move from battlefield to battlefield.)
When I conquer, you may play a spell from your trash with Energy cost less than your points without paying its Energy cost. Then recycle it. (You must still pay its Power cost.)",Kudos Productions,portrait,https://cmsassets.rgpub.io/sanity/images/dsfx7636/game_data_live/fc4ee60eaedd5c56a9222fd07482b6a86b11baa4-744x1039.png?accountingTag=RB
ogn-112a-298,OGN-112a/298,112,"Kai'Sa, Evolutionary",OGN,Origins,showcase,Showcase,Unit,Champion,Mind,6,6,1,"Kai'Sa, The Void","[Ganking] (I can move from battlefield to battlefield.)
When I conquer, you may play a spell from your trash with Energy cost less than your points without paying its Energy cost. Then recycle it. (You must still pay its Power cost.)","Riftbound Unit: Kai'Sa, Evolutionary. [Ganking] (I can move from battlefield to battlefield.)
When I conquer, you may play a spell from your trash with Energy cost less than your points without paying its Energy cost. Then recycle it. (You must still pay its Power cost.)",League Splash Team,portrait,https://cmsassets.rgpub.io/sanity/images/dsfx7636/game_data_live/2c8c9619d4afd081de548b511000f7c4b849ec1e-744x1039.png?accountingTag=RB
ogn-113-298,OGN-113/298,113,"Malzahar, Fanatic",OGN,Origins,rare,Rare,Unit,Champion,Mind,4,3,,"Malzahar, The Void","Kill a friendly unit or gear, :rb_exhaust:: [Action] — [Add] :rb_rune_rainbow::rb_rune_rainbow:. (Use on your turn or in showdowns. Abilities that add resources can't be reacted to.)","Riftbound Unit: Malzahar, Fanatic. Kill a friendly unit or gear, [T]: [Action] — [Add] [A][A]. (Use on your turn or in showdowns. Abilities that add resources can't be reacted to.)",League Splash Team,portrait,https://cmsassets.rgpub.io/sanity/images/dsfx7636/game_data_live/ba1fa3a18b1c2ff132ad536577e53deb49bce1f9-744x1039.png?accountingTag=RB
ogn-114-298,OGN-114/298,114,Progress Day,OGN,Origins,rare,Rare,Spell,,Mind,6,,1,,Draw 4.,Riftbound Spell: Progress Day. Draw 4.,Kudos Productions,portrait,https://cmsassets.rgpub.io/sanity/images/dsfx7636/game_data_live/b15f479a8f29e31b6e4c06cf2d7c8cb8630073ef-744x1039.png?accountingTag=RB
ogn-115-298,OGN-115/298,115,Promising Future,OGN,Origins,rare,Rare,Spell,,Mind,5,,1,,"Each player looks at the top 5 cards of their Main Deck, chooses one, then recycles the rest. Starting with the next player, each player plays those cards, ignoring Energy costs. (They must still pay Power costs.)","Riftbound Spell: Promising Future. Each player looks at the top 5 cards of their Main Deck, chooses one, then recycles the rest. Starting with the next player, each player plays those cards, ignoring Energy costs. (They must still pay Power costs.)",Kudos Productions,portrait,https://cmsassets.rgpub.io/sanity/images/dsfx7636/game_data_live/1ea5e7e50aaecee0b2ee2657d3c829dff0718fba-744x1039.png?accountingTag=RB
ogn-116-298,OGN-116/298,116,Thousand-Tailed Watcher,OGN,Origins,rare,Rare,Unit,,Mind,7,7,1,Ionia,"[Accelerate] (You may pay :rb_energy_1::rb_rune_mind: as an additional cost to have me enter ready.)
When you play me, give enemy units -3 :rb_might: this turn, to a minimum of 1 :rb_might:.","Riftbound Unit: Thousand-Tailed Watcher. [Accelerate] (You may pay [1][C] as an additional cost to have me enter ready.)
When you play me, give enemy units -3 [S] this turn, to a minimum of 1 [S].",Six More Vodka,portrait,https://cmsassets.rgpub.io/sanity/images/dsfx7636/game_data_live/b20e5644c33924a58e0497dd9f7db19723147003-744x1039.png?accountingTag=RB
ogn-117-298,OGN-117/298,117,"Viktor, Innovator",OGN,Origins,rare,Rare,Unit,Champion,Mind,4,3,1,"Viktor, Zaun","When you play a card on an opponent's turn, play a 1 :rb_might: Recruit unit token in your base.","Riftbound Unit: Viktor, Innovator. When you play a card on an opponent's turn, play a 1 [S] Recruit unit token in your base.",League Splash Team,portrait,https://cmsassets.rgpub.io/sanity/images/dsfx7636/game_data_live/35be0b10f13611b4f5d828f2a79001036ab57ba1-744x1039.png?accountingTag=RB
ogn-117a-298,OGN-117a/298,117,"Viktor, Innovator",OGN,Origins,showcase,Showcase,Unit,Champion,Mind,4,3,1,"Viktor, Zaun","When you play a card on an opponent's turn, play a 1 :rb_might: Recruit unit token in your base.","Riftbound Unit: Viktor, Innovator. When you play a card on an opponent's turn, play a 1 [S] Recruit unit token in your base.",League Splash Team,portrait,https://cmsassets.rgpub.io/sanity/images/dsfx7636/game_data_live/12dfa6b38edc9b23f216c0a1828474f7506d49c0-744x1039.png?accountingTag=RB
ogn-118-298,OGN-118/298,118,Wraith of Echoes,OGN,Origins,rare,Rare,Unit,,Mind,6,5,1,"Spirit, Shadow Isles","The first time a friendly unit dies each turn, draw 1.","Riftbound Unit: Wraith of Echoes. The first time a friendly unit dies each turn, draw 1.",Michal Ivan,portrait,https://cmsassets.rgpub.io/sanity/images/dsfx7636/game_data_live/10785ab5267ca3ff2dea081d8d18ba47c3858517-744x1039.png?accountingTag=RB
ogn-119a-298,OGN-119a/298,119,"Ahri, Inquisitive",OGN,Origins,showcase,Showcase,Unit,Champion,Mind,3,3,1,"Ahri, Ionia","When I attack or defend, give an enemy unit here -2 :rb_might: this turn, to a minimum of 1 :rb_might:.","Riftbound Unit: Ahri, Inquisitive. When I attack or defend, give an enemy unit here -2 [S] this turn, to a minimum of 1 [S].",Kudos Productions,portrait,https://cmsassets.rgpub.io/sanity/images/dsfx7636/game_data_live/7adc5aa8dba66bf918b8140699cb3a74f7b0efb5-744x1039.png?accountingTag=RB
ogn-119-298,OGN-119/298,119,"Ahri, Inquisitive",OGN,Origins,epic,Epic,Unit,Champion,Mind,3,3,1,"Ahri, Ionia","When I attack or defend, give an enemy unit here -2 :rb_might: this turn, to a minimum of 1 :rb_might:.","Riftbound Unit: Ahri, Inquisitive. When I attack or defend, give an enemy unit here -2 [S] this turn, to a minimum of 1 [S].",Six More Vodka,portrait,https://cmsassets.rgpub.io/sanity/images/dsfx7636/game_data_live/cfa28e1abcac1db780d11e82985e13ee5978290d-744x1039.png?accountingTag=RB
ogn-120-298,OGN-120/298,120,Seal of Insight,OGN,Origins,epic,Epic,Gear,,Mind,0,,1,,:rb_exhaust:: [Reaction] — [Add] :rb_rune_mind:. (Abilities that add resources can't be reacted to.),Riftbound Gear: Seal of Insight. [T]: [Reaction] — [Add] [C]. (Abilities that add resources can't be reacted to.),Kudos Productions,portrait,https://cmsassets.rgpub.io/sanity/images/dsfx7636/game_data_live/9ee0dc0221f83d569e0f458374e40f7238f306c2-744x1039.png?accountingTag=RB
ogn-121a-298,OGN-121a/298,121,"Teemo, Strategist",OGN,Origins,showcase,Showcase,Unit,Champion,Mind,2,2,1,"Yordle, Teemo, Bandle City","[Hidden] (Hide now for :rb_rune_rainbow: to react with later for :rb_energy_0:.)
When I defend or I'm played from [Hidden], reveal the top 5 cards of your Main Deck. Deal 1 to an enemy unit here for each card with [Hidden], then recycle them.","Riftbound Unit: Teemo, Strategist. [Hidden] (Hide now for [A] to react with later for [0].)
When I defend or I'm played from [Hidden], reveal the top 5 cards of your Main Deck. Deal 1 to an enemy unit here for each card with [Hidden], then recycle them.",League Splash Team,portrait,https://cmsassets.rgpub.io/sanity/images/dsfx7636/game_data_live/0709ab02b75d9acc8f3c4037ec3a4140323150d8-744x1039.png?accountingTag=RB
ogn-121-298,OGN-121/298,121,"Teemo, Strategist",OGN,Origins,epic,Epic,Unit,Champion,Mind,2,2,1,"Yordle, Teemo, Bandle City","[Hidden] (Hide now for :rb_rune_rainbow: to react with later for :rb_energy_0:.)
When I defend or I'm played from [Hidden], reveal the top 5 cards of your Main Deck. Deal 1 to an enemy unit here for each card with [Hidden], then recycle them.","Riftbound Unit: Teemo, Strategist. [Hidden] (Hide now for [A] to react with later for [0].)
When I defend or I'm played from [Hidden], reveal the top 5 cards of your Main Deck. Deal 1 to an enemy unit here for each card with [Hidden], then recycle them.",Six More Vodka,portrait,https://cmsassets.rgpub.io/sanity/images/dsfx7636/game_data_live/b05f31bf744972983f61a9f5801b4ffd68fb9ebf-744x1039.png?accountingTag=RB
ogn-122-298,OGN-122/298,122,Time Warp,OGN,Origins,epic,Epic,Spell,,Mind,10,,4,,Take a turn after this one. Banish this.,Riftbound Spell: Time Warp. Take a turn after this one. Banish this.,Kudos Productions,portrait,https://cmsassets.rgpub.io/sanity/images/dsfx7636/game_data_live/b97bbcf3cf6cb6e5f4baaa1bfbb85dc860eb950b-744x1039.png?accountingTag=RB
ogn-123-298,OGN-123/298,123,Unchecked Power,OGN,Origins,epic,Epic,Spell,,Mind,7,,2,,"Exhaust all friendly units, then deal 12 to ALL units at battlefields.","Riftbound Spell: Unchecked Power. Exhaust all friendly units, then deal 12 to ALL units at battlefields.",Kudos Productions,portrait,https://cmsassets.rgpub.io/sanity/images/dsfx7636/game_data_live/c44cd1f6f41144c770ac79f10e5ae75f0c6d6435-744x1039.png?accountingTag=RB
ogn-124-298,OGN-124/298,124,Arena Bar,OGN,Origins,common,Common,Gear,,Body,3,,,,":rb_exhaust:: Buff an exhausted friendly unit. (If it doesn't have a buff, it gets a +1 :rb_might: buff.)","Riftbound Gear: Arena Bar. [T]: Buff an exhausted friendly unit. (If it doesn't have a buff, it gets a +1 [S] buff.)",Kudos Productions,portrait,https://cmsassets.rgpub.io/sanity/images/dsfx7636/game_data_live/519306d1d4a36f2d54fe0982268a197a257f5e5d-744x1039.png?accountingTag=RB
ogn-125-298,OGN-125/298,125,Bilgewater Bully,OGN,Origins,common,Common,Unit,,Body,6,6,,Bilgewater,"While I'm buffed, I have [Ganking]. (I can move from battlefield to battlefield.)","Riftbound Unit: Bilgewater Bully. While I'm buffed, I have [Ganking]. (I can move from battlefield to battlefield.)",Envar Studio,portrait,https://cmsassets.rgpub.io/sanity/images/dsfx7636/game_data_live/474f66ffa1ecebd9e0341d644cb82a3b8135eece-744x1039.png?accountingTag=RB
ogn-126a-298,OGN-126a/298,126,Body Rune,OGN,Origins,showcase,Showcase,Rune,Basic,Body,,,,,,Riftbound Rune: Body Rune.,Fairfoul,portrait,https://cmsassets.rgpub.io/sanity/images/dsfx7636/game_data_live/011081f82cab36f8ec0d6874492512fd7859f59e-1488x2078.png?accountingTag=RB
ogn-126-298,OGN-126/298,126,Body Rune,OGN,Origins,common,Common,Rune,Basic,Body,,,,,,Riftbound Rune: Body Rune.,Greg Ghielmetti & Leah Chen,portrait,https://cmsassets.rgpub.io/sanity/images/dsfx7636/game_data_live/3b3c3c07626d6180457c849047e0228dc0d19539-744x1039.png?accountingTag=RB
ogn-127-298,OGN-127/298,127,Cannon Barrage,OGN,Origins,common,Common,Spell,,Body,2,,1,,"[Reaction] (Play any time, even before spells and abilities resolve.)
Deal 2 to all enemy units in combat.","Riftbound Spell: Cannon Barrage. [Reaction] (Play any time, even before spells and abilities resolve.)
Deal 2 to all enemy units in combat.",Kudos Productions,portrait,https://cmsassets.rgpub.io/sanity/images/dsfx7636/game_data_live/07ef531829e5c6084a8d31044ebd783a9266f59e-744x1039.png?accountingTag=RB
ogn-128-298,OGN-128/298,128,Challenge,OGN,Origins,common,Common,Spell,,Body,2,,1,,"[Action] (Play on your turn or in showdowns.)
Choose a friendly unit and an enemy unit. They deal damage equal to their Mights to each other.","Riftbound Spell: Challenge. [Action] (Play on your turn or in showdowns.)
Choose a friendly unit and an enemy unit. They deal damage equal to their Mights to each other.",Kudos Productions,portrait,https://cmsassets.rgpub.io/sanity/images/dsfx7636/game_data_live/f5c1aeaee373c481b7ea2a638cd6f9e815ac105d-744x1039.png?accountingTag=RB
ogn-129-298,OGN-129/298,129,Confront,OGN,Origins,common,Common,Spell,,Body,2,,,,"[Action] (Play on your turn or in showdowns.)
Units you play this turn enter ready. Draw 1.","Riftbound Spell: Confront. [Action] (Play on your turn or in showdowns.)
Units you play this turn enter ready. Draw 1.",Kudos Productions,portrait,https://cmsassets.rgpub.io/sanity/images/dsfx7636/game_data_live/691a38a7c344fdb5ee86e34d41321d99754286a7-744x1039.png?accountingTag=RB
ogn-130-298,OGN-130/298,130,Crackshot Corsair,OGN,Origins,common,Common,Unit,,Body,3,3,,"Pirate, Bilgewater","When I attack, deal 1 to an enemy unit here.","Riftbound Unit: Crackshot Corsair. When I attack, deal 1 to an enemy unit here.",Six More Vodka,portrait,https://cmsassets.rgpub.io/sanity/images/dsfx7636/game_data_live/9106ab084e02d7a489cb351e98112e5833b0bb11-744x1039.png?accountingTag=RB
ogn-131-298,OGN-131/298,131,Dune Drake,OGN,Origins,common,Common,Unit,,Body,5,5,,"Dragon, Shurima","When I attack, give me +2 :rb_might: this turn if there is a ready enemy unit here.","Riftbound Unit: Dune Drake. When I attack, give me +2 [S] this turn if there is a ready enemy unit here.",Bubble Cat Studio,portrait,https://cmsassets.rgpub.io/sanity/images/dsfx7636/game_data_live/ba18bf4a5fa9777a0cb5ae69cc7e6f049bbceaa0-744x1039.png?accountingTag=RB
ogn-132-298,OGN-132/298,132,First Mate,OGN,Origins,common,Common,Unit,,Body,3,3,,"Pirate, Bilgewater","When you play me, ready another unit.","Riftbound Unit: First Mate. When you play me, ready another unit.",Slawomir Maniak,portrait,https://cmsassets.rgpub.io/sanity/images/dsfx7636/game_data_live/85e2b436ea482d53563cc5fa955f2a867ee6c32f-744x1039.png?accountingTag=RB
ogn-133-298,OGN-133/298,133,Flurry of Blades,OGN,Origins,common,Common,Spell,,Body,1,,,,"[Reaction] (Play any time, even before spells and abilities resolve.)
Deal 1 to all units at battlefields.","Riftbound Spell: Flurry of Blades. [Reaction] (Play any time, even before spells and abilities resolve.)
Deal 1 to all units at battlefields.",Rafael Zanchetin,portrait,https://cmsassets.rgpub.io/sanity/images/dsfx7636/game_data_live/c72f872e7e71b55b2074c5be4f2d7a44fa6fafca-744x1039.png?accountingTag=RB
ogn-134-298,OGN-134/298,134,Mobilize,OGN,Origins,common,Common,Spell,,Body,2,,,,"Channel 1 rune exhausted. If you can't, draw 1.","Riftbound Spell: Mobilize. Channel 1 rune exhausted. If you can't, draw 1.",Kudos Productions,portrait,https://cmsassets.rgpub.io/sanity/images/dsfx7636/game_data_live/cb22153e84ce250192b8e6e75e7f4dc0b66a728c-744x1039.png?accountingTag=RB
ogn-135-298,OGN-135/298,135,Pakaa Cub,OGN,Origins,common,Common,Unit,,Body,3,3,,"Cat, Ixtal",[Hidden] (Hide now for :rb_rune_rainbow: to react with later for :rb_energy_0:.),Riftbound Unit: Pakaa Cub. [Hidden] (Hide now for [A] to react with later for [0].),Bubble Cat Studio,portrait,https://cmsassets.rgpub.io/sanity/images/dsfx7636/game_data_live/156a66d7d44165367cc5a470fb35c86f337f9429-744x1039.png?accountingTag=RB
ogn-136-298,OGN-136/298,136,Pit Rookie,OGN,Origins,common,Common,Unit,,Body,2,2,,Bilgewater,"When you play me, buff another friendly unit. (If it doesn't have a buff, it gets a +1 :rb_might: buff.)","Riftbound Unit: Pit Rookie. When you play me, buff another friendly unit. (If it doesn't have a buff, it gets a +1 [S] buff.)",Kudos Productions,portrait,https://cmsassets.rgpub.io/sanity/images/dsfx7636/game_data_live/ec19eeaee85c7e5669387a3f6ccb7718f5a0f570-744x1039.png?accountingTag=RB
ogn-137-298,OGN-137/298,137,Stormclaw Ursine,OGN,Origins,common,Common,Unit,,Body,7,6,,Freljord,"[Tank] (I must be assigned combat damage first.)
When you play me, channel 1 rune exhausted.","Riftbound Unit: Stormclaw Ursine. [Tank] (I must be assigned combat damage first.)
When you play me, channel 1 rune exhausted.",Kudos Productions,portrait,https://cmsassets.rgpub.io/sanity/images/dsfx7636/game_data_live/137e5a1faec1c8b26a5a0abc7802f6461cc725c8-744x1039.png?accountingTag=RB
ogn-138-298,OGN-138/298,138,Catalyst of Aeons,OGN,Origins,uncommon,Uncommon,Spell,,Body,4,,,,"Channel 2 runes exhausted. If you couldn't channel 2 runes this way, draw 1.","Riftbound Spell: Catalyst of Aeons. Channel 2 runes exhausted. If you couldn't channel 2 runes this way, draw 1.",Kudos Productions,portrait,https://cmsassets.rgpub.io/sanity/images/dsfx7636/game_data_live/4753707323ab6f9ac572c097f29f2f76ac62f54f-744x1039.png?accountingTag=RB
ogn-139-298,OGN-139/298,139,Cithria of Cloudfield,OGN,Origins,uncommon,Uncommon,Unit,,Body,2,1,,"Elite, Demacia","When you play another unit, buff me. (If I don't have a buff, I get a +1 :rb_might: buff.)","Riftbound Unit: Cithria of Cloudfield. When you play another unit, buff me. (If I don't have a buff, I get a +1 [S] buff.)",Six More Vodka,portrait,https://cmsassets.rgpub.io/sanity/images/dsfx7636/game_data_live/6f0931db65e25e0a8d8351ffb97f8deed5dc0aa9-744x1039.png?accountingTag=RB
ogn-140-298,OGN-140/298,140,Herald of Scales,OGN,Origins,uncommon,Uncommon,Unit,,Body,4,3,,Mount Targon,"Your Dragons' Energy costs are reduced by :rb_energy_2:, to a minimum of :rb_energy_1:.","Riftbound Unit: Herald of Scales. Your Dragons' Energy costs are reduced by [2], to a minimum of [1].",Polar Engine Studio,portrait,https://cmsassets.rgpub.io/sanity/images/dsfx7636/game_data_live/be49bceea1d328769774fb4daac4732861f6e4fd-744x1039.png?accountingTag=RB
ogn-141-298,OGN-141/298,141,Kinkou Monk,OGN,Origins,uncommon,Uncommon,Unit,,Body,4,4,1,Ionia,"When you play me, buff up to two other friendly units. (Each one that doesn't have a buff gets a +1 :rb_might: buff.)","Riftbound Unit: Kinkou Monk. When you play me, buff up to two other friendly units. (Each one that doesn't have a buff gets a +1 [M] buff.)",Kudos Productions,portrait,https://cmsassets.rgpub.io/sanity/images/dsfx7636/game_data_live/648b22c6f419ee55723247bbf4c3ac10f0be9ab5-744x1039.png?accountingTag=RB
ogn-142-298,OGN-142/298,142,Mountain Drake,OGN,Origins,uncommon,Uncommon,Unit,,Body,9,10,,Dragon,,Riftbound Unit: Mountain Drake.,Kudos Productions,portrait,https://cmsassets.rgpub.io/sanity/images/dsfx7636/game_data_live/8a9c1d334b217e9bd0b23dfca2054de4d0b90ff1-744x1039.png?accountingTag=RB
ogn-143-298,OGN-143/298,143,Pirate's Haven,OGN,Origins,uncommon,Uncommon,Gear,,Body,3,,,,"When you ready a friendly unit, give it +1 :rb_might: this turn.","Riftbound Gear: Pirate's Haven. When you ready a friendly unit, give it +1 [S] this turn.",Envar Studio,portrait,https://cmsassets.rgpub.io/sanity/images/dsfx7636/game_data_live/1991b64d58cbd3698574f44b404f7a88d6403134-744x1039.png?accountingTag=RB
ogn-144-298,OGN-144/298,144,Spoils of War,OGN,Origins,uncommon,Uncommon,Spell,,Body,4,,1,,"[Reaction] (Play any time, even before spells and abilities resolve.)
If an enemy unit has died this turn, this costs :rb_energy_2: less.
Draw 2.","Riftbound Spell: Spoils of War. [Reaction] (Play any time, even before spells and abilities resolve.)
If an enemy unit has died this turn, this costs [2] less.
Draw 2.",Kudos Productions,portrait,https://cmsassets.rgpub.io/sanity/images/dsfx7636/game_data_live/b8d59d015d6b8e15822b360447fcb364e14d550f-744x1039.png?accountingTag=RB
ogn-145-298,OGN-145/298,145,Unyielding Spirit,OGN,Origins,uncommon,Uncommon,Spell,,Body,1,,1,,"[Reaction] (Play any time, even before spells and abilities resolve.)
Prevent all spell and ability damage this turn.","Riftbound Spell: Unyielding Spirit. [Reaction] (Play any time, even before spells and abilities resolve.)
Prevent all spell and ability damage this turn.",Max Grecke,portrait,https://cmsassets.rgpub.io/sanity/images/dsfx7636/game_data_live/9afea96ec04ce0c2ee76c4affbf4e6df470e7647-744x1039.png?accountingTag=RB
ogn-146-298,OGN-146/298,146,Wallop,OGN,Origins,uncommon,Uncommon,Spell,,Body,2,,,,"[Action] (Play on your turn or in showdowns.)
As you play this, you may spend a buff as an additional cost. If you do, ignore this spell's cost.
Ready a unit.","Riftbound Spell: Wallop. [Action] (Play on your turn or in showdowns.)
As you play this, you may spend a buff as an additional cost. If you do, ignore this spell's cost.
Ready a unit.",Kudos Productions,portrait,https://cmsassets.rgpub.io/sanity/images/dsfx7636/game_data_live/7bbd2eb8ce224e1872a1c920d7c64d796b2355cd-744x1039.png?accountingTag=RB
ogn-147-298,OGN-147/298,147,Wildclaw Shaman,OGN,Origins,uncommon,Uncommon,Unit,,Body,4,3,,Freljord,"When you play me, you may spend a buff to buff me and ready me. (If I don't have a buff, I get a +1 :rb_might: buff.)","Riftbound Unit: Wildclaw Shaman. When you play me, you may spend a buff to buff me and ready me. (If I don't have a buff, I get a +1 [S] buff.)",Kudos Productions,portrait,https://cmsassets.rgpub.io/sanity/images/dsfx7636/game_data_live/7abc938fee4ba397f52c8ea60d350857a7517b0c-744x1039.png?accountingTag=RB
ogn-148-298,OGN-148/298,148,"Anivia, Primal",OGN,Origins,rare,Rare,Unit,Champion,Body,7,8,2,"Bird, Anivia, Freljord","When I attack, deal 3 to all enemy units here.","Riftbound Unit: Anivia, Primal. When I attack, deal 3 to all enemy units here.",Six More Vodka,portrait,https://cmsassets.rgpub.io/sanity/images/dsfx7636/game_data_live/ca1a56035333e31b3a04d67ee9131bb4d533e5db-744x1039.png?accountingTag=RB
ogn-149-298,OGN-149/298,149,Carnivorous Snapvine,OGN,Origins,rare,Rare,Unit,,Body,5,6,2,Shadow Isles,"When you play me, choose an enemy unit at a battlefield. We deal damage equal to our Mights to each other.","Riftbound Unit: Carnivorous Snapvine. When you play me, choose an enemy unit at a battlefield. We deal damage equal to our Mights to each other.",Six More Vodka,portrait,https://cmsassets.rgpub.io/sanity/images/dsfx7636/game_data_live/5ceaec3452d623931b5ac93d0af26b180b9646de-744x1039.png?accountingTag=RB
ogn-150-298,OGN-150/298,150,Kraken Hunter,OGN,Origins,rare,Rare,Unit,,Body,3,5,2,"Pirate, Bilgewater","[Accelerate] (You may pay :rb_energy_1::rb_rune_body: as an additional cost to have me enter ready.)
[Assault] (+1 :rb_might: while I'm an attacker.)
As you play me, you may spend any number of buffs as an additional cost. Reduce my cost by :rb_rune_body: for each buff you spend.","Riftbound Unit: Kraken Hunter. [Accelerate] (You may pay [1][C] as an additional cost to have me enter ready.)
[Assault] (+1 [S] while I'm an attacker.)
As you play me, you may spend any number of buffs as an additional cost. Reduce my cost by [C] for each buff you spend.",JiHun Lee,portrait,https://cmsassets.rgpub.io/sanity/images/dsfx7636/game_data_live/51aab4710d000a9c1e665a37ef8c919ff11b0282-744x1039.png?accountingTag=RB
ogn-151a-298,OGN-151a/298,151,"Lee Sin, Centered",OGN,Origins,showcase,Showcase,Unit,Champion,Body,6,6,,"Lee Sin, Ionia","[Accelerate] (You may pay :rb_energy_1::rb_rune_body: as an additional cost to have me enter ready.)
Other buffed friendly units at my battlefield have +2 :rb_might:.","Riftbound Unit: Lee Sin, Centered. [Accelerate] (You may pay [1][C] as an additional cost to have me enter ready.)
Other buffed friendly units at my battlefield have +2 [S].",League Splash Team,portrait,https://cmsassets.rgpub.io/sanity/images/dsfx7636/game_data_live/68d9364d3138e06a25724a0aaae0b7226472cd68-744x1039.png?accountingTag=RB
ogn-151-298,OGN-151/298,151,"Lee Sin, Centered",OGN,Origins,rare,Rare,Unit,Champion,Body,6,6,,"Lee Sin, Ionia","[Accelerate] (You may pay :rb_energy_1::rb_rune_body: as an additional cost to have me enter ready.)
Other buffed friendly units at my battlefield have +2 :rb_might:.","Riftbound Unit: Lee Sin, Centered. [Accelerate] (You may pay [1][C] as an additional cost to have me enter ready.)
Other buffed friendly units at my battlefield have +2 [S].",League Splash Team,portrait,https://cmsassets.rgpub.io/sanity/images/dsfx7636/game_data_live/eca1aec1304de9c237751eb0aeed620b9ad0408e-744x1039.png?accountingTag=RB
ogn-152-298,OGN-152/298,152,Mistfall,OGN,Origins,rare,Rare,Gear,,Body,3,,,,"When you buff a friendly unit, you may pay :rb_rune_body: and exhaust this to ready it.","Riftbound Gear: Mistfall. When you buff a friendly unit, you may pay [C] and exhaust this to ready it.",Polar Engine Studio,portrait,https://cmsassets.rgpub.io/sanity/images/dsfx7636/game_data_live/1cedf0dcd6c4a44ae867e9f04f9f179d9b91c357-744x1039.png?accountingTag=RB
ogn-153-298,OGN-153/298,153,Overt Operation,OGN,Origins,rare,Rare,Spell,,Body,5,,2,,"[Action] (Play on your turn or in showdowns.)
For each friendly unit, you may spend its buff to ready it. Then buff all friendly units. (Each one that doesn't have a buff gets a +1 :rb_might: buff.)","Riftbound Spell: Overt Operation. [Action] (Play on your turn or in showdowns.)
For each friendly unit, you may spend its buff to ready it. Then buff all friendly units. (Each one that doesn't have a buff gets a +1 [S] buff.)",Kudos Productions,portrait,https://cmsassets.rgpub.io/sanity/images/dsfx7636/game_data_live/69dba13c930ba3962851346d2bc6cbeb4ca48455-744x1039.png?accountingTag=RB
ogn-154-298,OGN-154/298,154,Primal Strength,OGN,Origins,rare,Rare,Spell,,Body,4,,1,,"[Action] (Play on your turn or in showdowns.)
Give a unit +7 :rb_might: this turn.","Riftbound Spell: Primal Strength. [Action] (Play on your turn or in showdowns.)
Give a unit +7 [S] this turn.",Kudos Productions,portrait,https://cmsassets.rgpub.io/sanity/images/dsfx7636/game_data_live/dfd910a9836cd36340d0ffdb5fe8cb92a1069963-744x1039.png?accountingTag=RB
ogn-155-298,OGN-155/298,155,"Qiyana, Victorious",OGN,Origins,rare,Rare,Unit,Champion,Body,4,4,1,"Qiyana, Ixtal","[Deflect] (Opponents must pay :rb_rune_rainbow: to choose me with a spell or ability.)
When I conquer, draw 1 or channel 1 rune exhausted.","Riftbound Unit: Qiyana, Victorious. [Deflect] (Opponents must pay [A] to choose me with a spell or ability.)
When I conquer, draw 1 or channel 1 rune exhausted.",League Splash Team,portrait,https://cmsassets.rgpub.io/sanity/images/dsfx7636/game_data_live/90d1a07ef0c6c8282e6eee77e479254f50752eb2-744x1039.png?accountingTag=RB
ogn-156-298,OGN-156/298,156,Sabotage,OGN,Origins,rare,Rare,Spell,,Body,1,,1,,"Choose an opponent. They reveal their hand. Choose a non-unit card from it, and recycle that card.","Riftbound Spell: Sabotage. Choose an opponent. They reveal their hand. Choose a non-unit card from it, and recycle that card.",Kudos Productions,portrait,https://cmsassets.rgpub.io/sanity/images/dsfx7636/game_data_live/70f186b85fd224ee23dcf64957f0fab835d28040-744x1039.png?accountingTag=RB
ogn-157-298,OGN-157/298,157,"Udyr, Wildman",OGN,Origins,rare,Rare,Unit,Champion,Body,6,6,1,"Udyr, Freljord",Spend my buff: Choose one you've not chosen this turn —Deal 2 to a unit at a battlefield.Stun a unit at a battlefield.Ready me.Give me [Ganking] this turn.,"Riftbound Unit: Udyr, Wildman. Spend my buff: Choose one you've not chosen this turn —
* Deal 2 to a unit at a battlefield.
* Stun a unit at a battlefield.
* Ready me.
* Give me [Ganking] this turn.",Six More Vodka,portrait,https://cmsassets.rgpub.io/sanity/images/dsfx7636/game_data_live/2e461e5d05b5ee86e47a425c42c6f3b3c12bc4cf-744x1039.png?accountingTag=RB
ogn-158a-298,OGN-158a/298,158,"Volibear, Imposing",OGN,Origins,showcase,Showcase,Unit,Champion,Body,12,10,2,"Volibear, Freljord","[Shield 3] (+3 :rb_might: while I'm a defender.)
[Tank] (I must be assigned combat damage first.)
When an opponent moves to a battlefield other than mine, draw 1. (Bases are not battlefield.)","Riftbound Unit: Volibear, Imposing. [Shield 3] (+3 [S] while I'm a defender.)
[Tank] (I must be assigned combat damage first.)
When an opponent moves to a battlefield other than mine, draw 1. (Bases are not battlefield.)",Wild Rift Splash Team,portrait,https://cmsassets.rgpub.io/sanity/images/dsfx7636/game_data_live/faceb90b6a46e79eadba43871b8cffe1ec5037a7-744x1039.png?accountingTag=RB
ogn-158-298,OGN-158/298,158,"Volibear, Imposing",OGN,Origins,rare,Rare,Unit,Champion,Body,12,10,2,"Volibear, Freljord","[Shield 3] (+3 :rb_might: while I'm a defender.)
[Tank] (I must be assigned combat damage first.)
When an opponent moves to a battlefield other than mine, draw 1. (Bases are not battlefield.)","Riftbound Unit: Volibear, Imposing. [Shield 3] (+3 [S] while I'm a defender.)
[Tank] (I must be assigned combat damage first.)
When an opponent moves to a battlefield other than mine, draw 1. (Bases are not battlefield.)",Envar Studio,portrait,https://cmsassets.rgpub.io/sanity/images/dsfx7636/game_data_live/bcb15f95f4a72f8b070a3b1cd54e6482fe1a4b3e-744x1039.png?accountingTag=RB
ogn-159-298,OGN-159/298,159,"Warwick, Hunter",OGN,Origins,rare,Rare,Unit,Champion,Body,6,5,1,"Dog, Warwick, Zaun","I enter ready.
When I attack, kill all damaged enemy units here.","Riftbound Unit: Warwick, Hunter. I enter ready.
When I attack, kill all damaged enemy units here.",League Splash Team,portrait,https://cmsassets.rgpub.io/sanity/images/dsfx7636/game_data_live/fcbf878905001fa81858e9f081346fd05425f264-744x1039.png?accountingTag=RB
ogn-160-298,OGN-160/298,160,Dazzling Aurora,OGN,Origins,epic,Epic,Gear,,Body,9,,2,,"At the end of your turn, reveal cards from the top of your Main Deck until you reveal a unit. Play it, ignoring its cost, and recycle the rest.","Riftbound Gear: Dazzling Aurora. At the end of your turn, reveal cards from the top of your Main Deck until you reveal a unit. Play it, ignoring its cost, and recycle the rest.",Six More Vodka,portrait,https://cmsassets.rgpub.io/sanity/images/dsfx7636/game_data_live/c023856a50c75058465f283d181277ce265ba108-744x1039.png?accountingTag=RB
ogn-161-298,OGN-161/298,161,Deadbloom Predator,OGN,Origins,epic,Epic,Unit,,Body,8,8,2,Shadow Isles,"[Deflect] (Opponents must pay :rb_rune_rainbow: to choose me with a spell or ability.)
You may play me to an occupied enemy battlefield.","Riftbound Unit: Deadbloom Predator. [Deflect] (Opponents must pay [A] to choose me with a spell or ability.)
You may play me to an occupied enemy battlefield.",Slawomir Maniak,portrait,https://cmsassets.rgpub.io/sanity/images/dsfx7636/game_data_live/112b4b3847b26ea2d245ac0976717d109be7b032-744x1039.png?accountingTag=RB
ogn-162-298,OGN-162/298,162,"Miss Fortune, Captain",OGN,Origins,epic,Epic,Unit,Champion,Body,5,5,1,"Pirate, Miss Fortune, Bilgewater","[Accelerate] (You may pay :rb_energy_1::rb_rune_body: as an additional cost to have me enter ready.)
[Ganking] (I can move from battlefield to battlefield.)
The first time I move each turn, you may ready something else that's exhausted.","Riftbound Unit: Miss Fortune, Captain. [Accelerate] (You may pay [1][C] as an additional cost to have me enter ready.)
[Ganking] (I can move from battlefield to battlefield.)
The first time I move each turn, you may ready something else that's exhausted.",League Splash Team,portrait,https://cmsassets.rgpub.io/sanity/images/dsfx7636/game_data_live/3c7b219245cd6c6ee835974dd74771bc605289de-744x1039.png?accountingTag=RB
ogn-162a-298,OGN-162a/298,162,"Miss Fortune, Captain",OGN,Origins,showcase,Showcase,Unit,Champion,Body,5,5,1,"Pirate, Miss Fortune, Bilgewater","[Accelerate] (You may pay :rb_energy_1::rb_rune_body: as an additional cost to have me enter ready.)
[Ganking] (I can move from battlefield to battlefield.)
The first time I move each turn, you may ready something else that's exhausted.","Riftbound Unit: Miss Fortune, Captain. [Accelerate] (You may pay [1][C] as an additional cost to have me enter ready.)
[Ganking] (I can move from battlefield to battlefield.)
The first time I move each turn, you may ready something else that's exhausted.",League Splash Team,portrait,https://cmsassets.rgpub.io/sanity/images/dsfx7636/game_data_live/6a7a0dfa952259993fa0d8998a820585ff4f81c6-744x1039.png?accountingTag=RB
ogn-163-298,OGN-163/298,163,Seal of Strength,OGN,Origins,epic,Epic,Gear,,Body,0,,1,,:rb_exhaust:: [Reaction] — [Add] :rb_rune_body:. (Abilities that add resources can't be reacted to.),Riftbound Gear: Seal of Strength. [T]: [Reaction] — [Add] [C]. (Abilities that add resources can't be reacted to.),Kudos Productions,portrait,https://cmsassets.rgpub.io/sanity/images/dsfx7636/game_data_live/415644b2798348e3d7198ec900cc40aaa4eb8bdf-744x1039.png?accountingTag=RB
ogn-164a-298,OGN-164a/298,164,"Sett, Brawler",OGN,Origins,showcase,Showcase,Unit,Champion,Body,5,4,1,"Sett, Ionia","When I'm played and when I conquer, buff me. (If I don't have a buff, I get a +1 :rb_might: buff.)
Spend my buff: Give me +4 :rb_might: this turn.","Riftbound Unit: Sett, Brawler. When I'm played and when I conquer, buff me. (If I don't have a buff, I get a +1 [S] buff.)
Spend my buff: Give me +4 [S] this turn.",Kudos Productions,portrait,https://cmsassets.rgpub.io/sanity/images/dsfx7636/game_data_live/26e65c15e8a1ce1a9cd60d96345c7916e67e00ac-744x1039.png?accountingTag=RB
ogn-164-298,OGN-164/298,164,"Sett, Brawler",OGN,Origins,epic,Epic,Unit,Champion,Body,5,4,1,"Sett, Ionia","When I'm played and when I conquer, buff me. (If I don't have a buff, I get a +1 :rb_might: buff.)
Spend my buff: Give me +4 :rb_might: this turn.","Riftbound Unit: Sett, Brawler. When I'm played and when I conquer, buff me. (If I don't have a buff, I get a +1 [S] buff.)
Spend my buff: Give me +4 [S] this turn.",Envar Studio,portrait,https://cmsassets.rgpub.io/sanity/images/dsfx7636/game_data_live/00ddd4d478f2e49e18a60ed67f4d1452041b7da3-744x1039.png?accountingTag=RB
ogn-165-298,OGN-165/298,165,Cemetery Attendant,OGN,Origins,common,Common,Unit,,Chaos,3,3,1,"Dog, Shadow Isles","When you play me, return a unit from your trash to your hand.","Riftbound Unit: Cemetery Attendant. When you play me, return a unit from your trash to your hand.",Bubble Cat Studio,portrait,https://cmsassets.rgpub.io/sanity/images/dsfx7636/game_data_live/6bbbe6923105c53fc6b2a44430db940e009609b6-744x1039.png?accountingTag=RB
ogn-166a-298,OGN-166a/298,166,Chaos Rune,OGN,Origins,showcase,Showcase,Rune,Basic,Chaos,,,,,,Riftbound Rune: Chaos Rune.,Fairfoul,portrait,https://cmsassets.rgpub.io/sanity/images/dsfx7636/game_data_live/fbcde2f71fcc06fb8afc83855e24447a393f8943-1488x2078.png?accountingTag=RB
ogn-166-298,OGN-166/298,166,Chaos Rune,OGN,Origins,common,Common,Rune,Basic,Chaos,,,,,,Riftbound Rune: Chaos Rune.,Greg Ghielmetti & Leah Chen,portrait,https://cmsassets.rgpub.io/sanity/images/dsfx7636/game_data_live/daf23b0deaa5e1a5a5d310b59e9ad25d1bd70363-744x1039.png?accountingTag=RB
ogn-167-298,OGN-167/298,167,Ember Monk,OGN,Origins,common,Common,Unit,,Chaos,4,4,,Bandle City,"When you play a card from [Hidden], give me +2 :rb_might: this turn.","Riftbound Unit: Ember Monk. When you play a card from [Hidden], give me +2 [S] this turn.",Kudos Productions,portrait,https://cmsassets.rgpub.io/sanity/images/dsfx7636/game_data_live/0441f70a7acc377d8cbe08559b7a2fc3139c903b-744x1039.png?accountingTag=RB
ogn-168-298,OGN-168/298,168,Fight or Flight,OGN,Origins,common,Common,Spell,,Chaos,2,,,,"[Hidden] (Hide now for :rb_rune_rainbow: to react with later for :rb_energy_0:.)
[Action] (Play on your turn or in showdowns.)
Move a unit from a battlefield to its base.","Riftbound Spell: Fight or Flight. [Hidden] (Hide now for [A] to react with later for [0].)
[Action] (Play on your turn or in showdowns.)
Move a unit from a battlefield to its base.",Kudos Productions,portrait,https://cmsassets.rgpub.io/sanity/images/dsfx7636/game_data_live/2e7c7ad72889878e2dd5932d203814b185e74a87-744x1039.png?accountingTag=RB
ogn-169-298,OGN-169/298,169,Gust,OGN,Origins,common,Common,Spell,,Chaos,1,,,,"[Reaction] (Play any time, even before spells and abilities resolve.)
Return a unit at a battlefield with 3 :rb_might: or less to its owner's hand.","Riftbound Spell: Gust. [Reaction] (Play any time, even before spells and abilities resolve.)
Return a unit at a battlefield with 3 [S] or less to its owner's hand.",Kudos Productions,portrait,https://cmsassets.rgpub.io/sanity/images/dsfx7636/game_data_live/dfd3b161ab76ba0c5d503384f1289b3395434b10-744x1039.png?accountingTag=RB
ogn-170-298,OGN-170/298,170,Morbid Return,OGN,Origins,common,Common,Spell,,Chaos,2,,,,"[Action] (Play on your turn or in showdowns.)
Return a unit from your trash to your hand.","Riftbound Spell: Morbid Return. [Action] (Play on your turn or in showdowns.)
Return a unit from your trash to your hand.",Rafael Zanchetin,portrait,https://cmsassets.rgpub.io/sanity/images/dsfx7636/game_data_live/33b5ca4e580b94f2056bd884a4a35e8c630920a2-744x1039.png?accountingTag=RB
ogn-171-298,OGN-171/298,171,Mystic Poro,OGN,Origins,common,Common,Unit,,Chaos,2,2,,Poro,"[Vision] (When you play me, look at the top card of your Main Deck. You may recycle it.)","Riftbound Unit: Mystic Poro. [Vision] (When you play me, look at the top card of your Main Deck. You may recycle it.)",Kudos Productions,portrait,https://cmsassets.rgpub.io/sanity/images/dsfx7636/game_data_live/11af57d045768e886d05e1c0933b0d57cb1e459d-744x1039.png?accountingTag=RB
ogn-172-298,OGN-172/298,172,Rebuke,OGN,Origins,common,Common,Spell,,Chaos,2,,2,,"[Action] (Play on your turn or in showdowns.)
Return a unit at a battlefield to its owner's hand.","Riftbound Spell: Rebuke. [Action] (Play on your turn or in showdowns.)
Return a unit at a battlefield to its owner's hand.",Kudos Productions,portrait,https://cmsassets.rgpub.io/sanity/images/dsfx7636/game_data_live/c8e1ad72e9d562f9267c1512f29e9c04dc5cc15f-744x1039.png?accountingTag=RB
ogn-173-298,OGN-173/298,173,Ride the Wind,OGN,Origins,common,Common,Spell,,Chaos,2,,1,,"[Action] (Play on your turn or in showdowns.)
Move a friendly unit and ready it.","Riftbound Spell: Ride the Wind. [Action] (Play on your turn or in showdowns.)
Move a friendly unit and ready it.",Kudos Productions,portrait,https://cmsassets.rgpub.io/sanity/images/dsfx7636/game_data_live/864d9f8992db7f9a9e795d9438d941ca564ddde7-744x1039.png?accountingTag=RB
ogn-174-298,OGN-174/298,174,Sai Scout,OGN,Origins,common,Common,Unit,,Chaos,6,5,,Shurima,"[Vision] (When you play me, look at the top card of your Main Deck. You may recycle it.)
You may play me to an open battlefield.","Riftbound Unit: Sai Scout. [Vision] (When you play me, look at the top card of your Main Deck. You may recycle it.)
You may play me to an open battlefield.",Dao Trong Le,portrait,https://cmsassets.rgpub.io/sanity/images/dsfx7636/game_data_live/eab1fc8c95931519319c4c80681a261d75214c48-744x1039.png?accountingTag=RB
ogn-175-298,OGN-175/298,175,Shipyard Skulker,OGN,Origins,common,Common,Unit,,Chaos,3,3,,"Pirate, Bilgewater",,Riftbound Unit: Shipyard Skulker.,Six More Vodka,portrait,https://cmsassets.rgpub.io/sanity/images/dsfx7636/game_data_live/000634f32b897638760b82e5365961f6d85bc0cb-744x1039.png?accountingTag=RB
ogn-176-298,OGN-176/298,176,Sneaky Deckhand,OGN,Origins,common,Common,Unit,,Chaos,3,2,,"Pirate, Bilgewater",You may play me to an open battlefield.,Riftbound Unit: Sneaky Deckhand. You may play me to an open battlefield.,Dao Trong Le,portrait,https://cmsassets.rgpub.io/sanity/images/dsfx7636/game_data_live/6f95b6aac293d8e477192281df47d8466da502bf-744x1039.png?accountingTag=RB
ogn-177-298,OGN-177/298,177,Stealthy Pursuer,OGN,Origins,common,Common,Unit,,Chaos,4,4,1,Shurima,"When a friendly unit moves from my location, I may be moved with it.","Riftbound Unit: Stealthy Pursuer. When a friendly unit moves from my location, I may be moved with it.",Kudos Productions,portrait,https://cmsassets.rgpub.io/sanity/images/dsfx7636/game_data_live/ab23fd84badd67e9981512acbe6c3e9a8f97f42d-744x1039.png?accountingTag=RB
ogn-178-298,OGN-178/298,178,Undercover Agent,OGN,Origins,common,Common,Unit,,Chaos,5,5,1,,"[Deathknell] — Discard 2, then draw 2. (When I die, get the effect.)","Riftbound Unit: Undercover Agent. [Deathknell] — Discard 2, then draw 2. (When I die, get the effect.)",Six More Vodka,portrait,https://cmsassets.rgpub.io/sanity/images/dsfx7636/game_data_live/3e4e318c0cc97b13646ee454da71046a09236e47-744x1039.png?accountingTag=RB
ogn-179-298,OGN-179/298,179,Acceptable Losses,OGN,Origins,uncommon,Uncommon,Spell,,Chaos,1,,,,"[Action] (Play on your turn or in showdowns.)
Each player kills one of their gear.","Riftbound Spell: Acceptable Losses. [Action] (Play on your turn or in showdowns.)
Each player kills one of their gear.",Kudos Productions,portrait,https://cmsassets.rgpub.io/sanity/images/dsfx7636/game_data_live/b2b470bab1ae511ab9de0b1ce576e2050532a081-744x1039.png?accountingTag=RB
ogn-180-298,OGN-180/298,180,Fading Memories,OGN,Origins,uncommon,Uncommon,Spell,,Chaos,4,,1,,"Give a unit at a battlefield or a gear [Temporary]. (Kill it at the start of its controller's Beginning Phase, before scoring.)","Riftbound Spell: Fading Memories. Give a unit at a battlefield or a gear [Temporary]. (Kill it at the start of its controller's Beginning Phase, before scoring.)",Kudos Productions,portrait,https://cmsassets.rgpub.io/sanity/images/dsfx7636/game_data_live/a2b366942f1a7ec1f4bd3c1b17e10356214705d7-744x1039.png?accountingTag=RB
ogn-181-298,OGN-181/298,181,Pack of Wonders,OGN,Origins,uncommon,Uncommon,Gear,,Chaos,2,,,,":rb_exhaust:: Return another friendly gear, unit, or [Hidden] card to its owner's hand.","Riftbound Gear: Pack of Wonders. [E]: Return another friendly gear, unit, or [Hidden] card to its owner's hand.",Kudos Productions,portrait,https://cmsassets.rgpub.io/sanity/images/dsfx7636/game_data_live/a0830f326c49abe7fb1d3c9787e7ce5d7b776eec-744x1039.png?accountingTag=RB
ogn-182-298,OGN-182/298,182,Scrapheap,OGN,Origins,uncommon,Uncommon,Gear,,Chaos,2,,,,"When this is played, discarded, or killed, draw 1.","Riftbound Gear: Scrapheap. When this is played, discarded, or killed, draw 1.",Kudos Productions,portrait,https://cmsassets.rgpub.io/sanity/images/dsfx7636/game_data_live/0c059786e89a2443221b7c0b8ca39779dcc9c755-744x1038.png?accountingTag=RB
ogn-183-298,OGN-183/298,183,Stacked Deck,OGN,Origins,uncommon,Uncommon,Spell,,Chaos,1,,,,"[Action] (Play on your turn or in showdowns.)
Look at the top 3 cards of your Main Deck. Put 1 into your hand and recycle the rest.","Riftbound Spell: Stacked Deck. [Action] (Play on your turn or in showdowns.)
Look at the top 3 cards of your Main Deck. Put 1 into your hand and recycle the rest.",Kudos Productions,portrait,https://cmsassets.rgpub.io/sanity/images/dsfx7636/game_data_live/fdcb22cb620a4c1c37920d6b744edb615647cbd4-744x1039.png?accountingTag=RB
ogn-184-298,OGN-184/298,184,The Syren,OGN,Origins,uncommon,Uncommon,Gear,,Chaos,2,,,,":rb_energy_1:, :rb_exhaust:: Move a friendly unit at a battlefield to your base.","Riftbound Gear: The Syren. [1], [E]: Move a friendly unit at a battlefield to your base.",Six More Vodka,portrait,https://cmsassets.rgpub.io/sanity/images/dsfx7636/game_data_live/cafdd212b542243e10e5fac587616ab77e3d9cf1-744x1039.png?accountingTag=RB
ogn-185-298,OGN-185/298,185,Traveling Merchant,OGN,Origins,uncommon,Uncommon,Unit,,Chaos,2,2,,Bilgewater,"When I move, discard 1, then draw 1.","Riftbound Unit: Traveling Merchant. When I move, discard 1, then draw 1.",Six More Vodka,portrait,https://cmsassets.rgpub.io/sanity/images/dsfx7636/game_data_live/b7dbebe2bf5691391c8e4146e478b8bd2ac40aef-744x1039.png?accountingTag=RB
ogn-186-298,OGN-186/298,186,Treasure Trove,OGN,Origins,uncommon,Uncommon,Gear,,Chaos,2,,,,"When this leaves the board, draw 1 and channel 1 rune exhausted.
:rb_rune_chaos:, :rb_exhaust:: Kill this.","Riftbound Gear: Treasure Trove. When this leaves the board, draw 1 and channel 1 rune exhausted.
[C], [T]: Kill this.",Kudos Productions,portrait,https://cmsassets.rgpub.io/sanity/images/dsfx7636/game_data_live/682f5ee828ede4dbaf428cd0666db64ee8bae722-744x1039.png?accountingTag=RB
ogn-187-298,OGN-187/298,187,Whirlwind,OGN,Origins,uncommon,Uncommon,Spell,,Chaos,3,,1,,"Starting with the next player, each player may return a unit to its owner's hand.","Riftbound Spell: Whirlwind. Starting with the next player, each player may return a unit to its owner's hand.",Polar Engine Studio,portrait,https://cmsassets.rgpub.io/sanity/images/dsfx7636/game_data_live/24f5e0a8811b5a0e0930c0f6476600e2a37a5f93-744x1039.png?accountingTag=RB
ogn-188-298,OGN-188/298,188,Zaunite Bouncer,OGN,Origins,uncommon,Uncommon,Unit,,Chaos,4,2,2,Zaun,"When you play me, return another unit at a battlefield to its owner's hand.","Riftbound Unit: Zaunite Bouncer. When you play me, return another unit at a battlefield to its owner's hand.",Envar Studio,portrait,https://cmsassets.rgpub.io/sanity/images/dsfx7636/game_data_live/0f4e8258e3920e4a4654cfe74faf8c266f2aa5dd-744x1039.png?accountingTag=RB
ogn-189-298,OGN-189/298,189,"Kayn, Unleashed",OGN,Origins,rare,Rare,Unit,Champion,Chaos,6,6,1,"Kayn, Ionia","[Ganking] (I can move from battlefield to battlefield.)
If I have moved twice this turn, I don't take damage.","Riftbound Unit: Kayn, Unleashed. [Ganking] (I can move from battlefield to battlefield.)
If I have moved twice this turn, I don't take damage.",Kudos Productions,portrait,https://cmsassets.rgpub.io/sanity/images/dsfx7636/game_data_live/a1ce0e784264748f170bebb3b26a09a7f55efe0f-744x1039.png?accountingTag=RB
ogn-190-298,OGN-190/298,190,"Kog'Maw, Caustic",OGN,Origins,rare,Rare,Unit,Champion,Chaos,3,1,1,"Kog'Maw, The Void","[Deathknell] — Deal 4 to all units at my battlefield. (When I die, get the effect.)","Riftbound Unit: Kog'Maw, Caustic. [Deathknell] — Deal 4 to all units at my battlefield. (When I die, get the effect.)",League Splash Team,portrait,https://cmsassets.rgpub.io/sanity/images/dsfx7636/game_data_live/1ba2b780619714f2bf97597a180f3b118f4faf55-744x1039.png?accountingTag=RB
ogn-191-298,OGN-191/298,191,Maddened Marauder,OGN,Origins,rare,Rare,Unit,,Chaos,5,4,,"Pirate, Bilgewater","[Tank] (I must be assigned combat damage first.)
When you play me, move a unit from a battlefield to its base.","Riftbound Unit: Maddened Marauder. [Tank] (I must be assigned combat damage first.)
When you play me, move a unit from a battlefield to its base.",Alex Heath,portrait,https://cmsassets.rgpub.io/sanity/images/dsfx7636/game_data_live/0f3a2ab8e5894e0dd1b625ee29f3304e7832ef9a-744x1039.png?accountingTag=RB
ogn-192-298,OGN-192/298,192,Mindsplitter,OGN,Origins,rare,Rare,Unit,,Chaos,7,7,2,"Dragon, Mount Targon","When you play me, choose an opponent. They reveal their hand. Choose a card from it, and they discard that card.","Riftbound Unit: Mindsplitter. When you play me, choose an opponent. They reveal their hand. Choose a card from it, and they discard that card.",Six More Vodka,portrait,https://cmsassets.rgpub.io/sanity/images/dsfx7636/game_data_live/8753058698cff6455da6cccd13a7fe901a164051-744x1039.png?accountingTag=RB
ogn-193-298,OGN-193/298,193,"Miss Fortune, Buccaneer",OGN,Origins,rare,Rare,Unit,Champion,Chaos,4,4,1,"Pirate, Miss Fortune, Bilgewater","You may play me to an open battlefield.
Friendly units may be played to open battlefields.","Riftbound Unit: Miss Fortune, Buccaneer. You may play me to an open battlefield. 
Friendly units may be played to open battlefields.",Six More Vodka,portrait,https://cmsassets.rgpub.io/sanity/images/dsfx7636/game_data_live/e6ff9ad3d6e2b96ff76cda4c7bc75415c1cdcced-744x1039.png?accountingTag=RB
ogn-193a-298,OGN-193a/298,193,"Miss Fortune, Buccaneer",OGN,Origins,showcase,Showcase,Unit,Champion,Chaos,4,4,1,"Pirate, Miss Fortune, Bilgewater","You may play me to an open battlefield.
Friendly units may be played to open battlefields.","Riftbound Unit: Miss Fortune, Buccaneer. You may play me to an open battlefield. 
Friendly units may be played to open battlefields.",Pandart Studio,portrait,https://cmsassets.rgpub.io/sanity/images/dsfx7636/game_data_live/8fde2eeb516af55b24467569aa982037f5b67b89-744x1039.png?accountingTag=RB
ogn-194-298,OGN-194/298,194,"Nocturne, Horrifying",OGN,Origins,rare,Rare,Unit,Champion,Chaos,4,4,1,Nocturne,"[Ganking] (I can move from battlefield to battlefield.)
When you look at cards from the top of your deck (and don't draw them) and see me, you may play me for :rb_rune_rainbow:.","Riftbound Unit: Nocturne, Horrifying. [Ganking] (I can move from battlefield to battlefield.)
When you look at cards from the top of your deck (and don't draw them) and see me, you may play me for [A].",Six More Vodka,portrait,https://cmsassets.rgpub.io/sanity/images/dsfx7636/game_data_live/19a751364bc6eb5297596e8733d0d30a1111ac78-744x1039.png?accountingTag=RB
ogn-195-298,OGN-195/298,195,Rhasa the Sunderer,OGN,Origins,rare,Rare,Unit,,Chaos,10,6,1,"Spirit, Shadow Isles",I cost :rb_energy_1: less for each card in your trash.,Riftbound Unit: Rhasa the Sunderer. I cost [1] less for each card in your trash.,Six More Vodka,portrait,https://cmsassets.rgpub.io/sanity/images/dsfx7636/game_data_live/e34fe8a9ee533dee99f96b4e6677d1edbd6a262d-744x1039.png?accountingTag=RB
ogn-196-298,OGN-196/298,196,Soulgorger,OGN,Origins,rare,Rare,Unit,,Chaos,8,5,2,"Spirit, Shadow Isles","When you play me, you may play a unit from your trash, ignoring its Energy cost. (You must still pay its Power cost.)","Riftbound Unit: Soulgorger. When you play me, you may play a unit from your trash, ignoring its Energy cost. (You must still pay its Power cost.)",Six More Vodka,portrait,https://cmsassets.rgpub.io/sanity/images/dsfx7636/game_data_live/439c4fa7c8c47cba41df8bce3fe3c8068d297382-744x1039.png?accountingTag=RB
ogn-197a-298,OGN-197a/298,197,"Teemo, Scout",OGN,Origins,showcase,Showcase,Unit,Champion,Chaos,2,1,,"Yordle, Teemo, Bandle City","[Hidden] (Hide now for :rb_rune_rainbow: to react with later for :rb_energy_0:.)
When you play me, give me +3 :rb_might: this turn.","Riftbound Unit: Teemo, Scout. [Hidden] (Hide now for [A] to react with later for [0].)
When you play me, give me +3 [S] this turn.",League Splash Team,portrait,https://cmsassets.rgpub.io/sanity/images/dsfx7636/game_data_live/404a8aa0061b58611bd913b58dd01d99fdb8087d-744x1039.png?accountingTag=RB
ogn-197-298,OGN-197/298,197,"Teemo, Scout",OGN,Origins,rare,Rare,Unit,Champion,Chaos,2,1,,"Yordle, Teemo, Bandle City","[Hidden] (Hide now for :rb_rune_rainbow: to react with later for :rb_energy_0:.)
When you play me, give me +3 :rb_might: this turn.","Riftbound Unit: Teemo, Scout. [Hidden] (Hide now for [A] to react with later for [0].)
When you play me, give me +3 [S] this turn.",League Splash Team,portrait,https://cmsassets.rgpub.io/sanity/images/dsfx7636/game_data_live/ca8a2e11dd78dd09ad1c9ad3a23e5699254b947e-744x1039.png?accountingTag=RB
ogn-198-298,OGN-198/298,198,The Harrowing,OGN,Origins,rare,Rare,Spell,,Chaos,6,,2,,"Play a unit from your trash, ignoring its Energy cost. (You must still pay its Power cost.)","Riftbound Spell: The Harrowing. Play a unit from your trash, ignoring its Energy cost. (You must still pay its Power cost.)",Rafael Zanchetin,portrait,https://cmsassets.rgpub.io/sanity/images/dsfx7636/game_data_live/6914034f56dd50ab37df26e3541c997479bb5a6d-744x1039.png?accountingTag=RB
ogn-199-298,OGN-199/298,199,Tideturner,OGN,Origins,rare,Rare,Unit,,Chaos,2,2,,Bilgewater,"[Hidden] (Hide now for :rb_rune_rainbow: to react with later for :rb_energy_0:.)
When you play me, you may choose a friendly unit. Move me to its location and it to my original location.","Riftbound Unit: Tideturner. [Hidden] (Hide now for [A] to react with later for [0].)
When you play me, you may choose a friendly unit. Move me to its location and it to my original location.",Kudos Productions,portrait,https://cmsassets.rgpub.io/sanity/images/dsfx7636/game_data_live/bad355dba8b32d1fba33dc3924cad6a34b61b5af-744x1039.png?accountingTag=RB
ogn-200-298,OGN-200/298,200,"Twisted Fate, Gambler",OGN,Origins,rare,Rare,Unit,Champion,Chaos,4,4,,"Twisted Fate, Bilgewater","When I attack, reveal the top rune of your rune deck, then recycle it. Do one of the following based on its domain::rb_rune_fury: — Deal 2 to an enemy unit here and 1 to all other enemy units here.:rb_rune_mind: — Draw 1.:rb_rune_order: — Stun an enemy unit.","Riftbound Unit: Twisted Fate, Gambler. When I attack, reveal the top rune of your rune deck, then recycle it. Do one of the following based on its domain:
* [R] — Deal 2 to an enemy unit here and 1 to all other enemy units here.
* [B] — Draw 1.
* [Y] — Stun an enemy unit.",Six More Vodka,portrait,https://cmsassets.rgpub.io/sanity/images/dsfx7636/game_data_live/9eff1a038528c4d633196f13259670d84b74c2a8-744x1039.png?accountingTag=RB
ogn-201-298,OGN-201/298,201,Invert Timelines,OGN,Origins,epic,Epic,Spell,,Chaos,3,,1,,"Each player discards their hand, then draws 4.","Riftbound Spell: Invert Timelines. Each player discards their hand, then draws 4.",Kudos Productions,portrait,https://cmsassets.rgpub.io/sanity/images/dsfx7636/game_data_live/b916326fdcf61af4630d953c7540a4aa97e6db01-744x1039.png?accountingTag=RB
ogn-202-298,OGN-202/298,202,"Jinx, Rebel",OGN,Origins,epic,Epic,Unit,Champion,Chaos,5,5,1,"Jinx, Zaun","When you discard one or more cards, ready me and give me +1 :rb_might: this turn.","Riftbound Unit: Jinx, Rebel. When you discard one or more cards, ready me and give me +1 [S] this turn.",Kudos Productions,portrait,https://cmsassets.rgpub.io/sanity/images/dsfx7636/game_data_live/a7fe105f40df66525be51bd18e25506945a7b027-744x1039.png?accountingTag=RB
ogn-202a-298,OGN-202a/298,202,"Jinx, Rebel",OGN,Origins,showcase,Showcase,Unit,Champion,Chaos,5,5,1,"Jinx, Zaun","When you discard one or more cards, ready me and give me +1 :rb_might: this turn.","Riftbound Unit: Jinx, Rebel. When you discard one or more cards, ready me and give me +1 [S] this turn.",League Splash Team,portrait,https://cmsassets.rgpub.io/sanity/images/dsfx7636/game_data_live/da4c4f96081b4c0e151dba74a0ef6eae338478f0-744x1039.png?accountingTag=RB
ogn-203-298,OGN-203/298,203,Possession,OGN,Origins,epic,Epic,Spell,,Chaos,8,,3,,"[Action] (Play on your turn or in showdowns.)
Choose an enemy unit at a battlefield. Take control of it and recall it. (Send it to your base. This isn't a move.)","Riftbound Spell: Possession. [Action] (Play on your turn or in showdowns.)
Choose an enemy unit at a battlefield. Take control of it and recall it. (Send it to your base. This isn't a move.)",League of Legends,portrait,https://cmsassets.rgpub.io/sanity/images/dsfx7636/game_data_live/f26462174fd01407f25f7d49a70862d2b9af35cc-744x1039.png?accountingTag=RB
ogn-204-298,OGN-204/298,204,Seal of Discord,OGN,Origins,epic,Epic,Gear,,Chaos,0,,1,,:rb_exhaust:: [Reaction] — [Add] :rb_rune_chaos:. (Abilities that add resources can't be reacted to.),Riftbound Gear: Seal of Discord. [T]: [Reaction] — [Add] [C]. (Abilities that add resources can't be reacted to.),Kudos Productions,portrait,https://cmsassets.rgpub.io/sanity/images/dsfx7636/game_data_live/dd8433e77e46ca77aaf0be35d1774218d9a2f037-744x1039.png?accountingTag=RB
ogn-205a-298,OGN-205a/298,205,"Yasuo, Windrider",OGN,Origins,showcase,Showcase,Unit,Champion,Chaos,5,4,1,"Yasuo, Ionia","[Ganking] (I can move from battlefield to battlefield.)
The third time I move in a turn, you score 1 point.","Riftbound Unit: Yasuo, Windrider. [Ganking] (I can move from battlefield to battlefield.)
The third time I move in a turn, you score 1 point.",League Splash Team,portrait,https://cmsassets.rgpub.io/sanity/images/dsfx7636/game_data_live/35f7ca6802af48585af55d23cf7675a8922d8535-744x1039.png?accountingTag=RB
ogn-205-298,OGN-205/298,205,"Yasuo, Windrider",OGN,Origins,epic,Epic,Unit,Champion,Chaos,5,4,1,"Yasuo, Ionia","[Ganking] (I can move from battlefield to battlefield.)
The third time I move in a turn, you score 1 point.","Riftbound Unit: Yasuo, Windrider. [Ganking] (I can move from battlefield to battlefield.)
The third time I move in a turn, you score 1 point.",Six More Vodka,portrait,https://cmsassets.rgpub.io/sanity/images/dsfx7636/game_data_live/f5ba378ce4dad16d17e001814e091d5f484f2681-744x1039.png?accountingTag=RB
ogn-206-298,OGN-206/298,206,Back to Back,OGN,Origins,common,Common,Spell,,Order,3,,,,"[Reaction] (Play any time, even before spells and abilities resolve.)
Give two friendly units each +2 :rb_might: this turn.","Riftbound Spell: Back to Back. [Reaction] (Play any time, even before spells and abilities resolve.)
Give two friendly units each +2 [S] this turn.",Kudos Productions,portrait,https://cmsassets.rgpub.io/sanity/images/dsfx7636/game_data_live/7f5585dcd3e9c7866e3b99cb169a0404ea4c010f-744x1039.png?accountingTag=RB
ogn-207-298,OGN-207/298,207,Call to Glory,OGN,Origins,common,Common,Spell,,Order,3,,,,"[Reaction] (Play any time, even before spells and abilities resolve.)
As you play this, you may spend a buff as an additional cost. If you do, ignore this spell's cost.
Give a unit +3 :rb_might: this turn.","Riftbound Spell: Call to Glory. [Reaction] (Play any time, even before spells and abilities resolve.)
As you play this, you may spend a buff as an additional cost. If you do, ignore this spell's cost.
Give a unit +3 [S] this turn.",Kudos Productions,portrait,https://cmsassets.rgpub.io/sanity/images/dsfx7636/game_data_live/ced53bc3fb15f263471067fc3868295b09e62a07-744x1039.png?accountingTag=RB
ogn-208-298,OGN-208/298,208,Cruel Patron,OGN,Origins,common,Common,Unit,,Order,4,6,,Noxus,"As an additional cost to play me, kill a friendly unit.","Riftbound Unit: Cruel Patron. As an additional cost to play me, kill a friendly unit.",Kudos Productions,portrait,https://cmsassets.rgpub.io/sanity/images/dsfx7636/game_data_live/c1c2c08fa0032a245c1ffee6ba29fff2826bd468-744x1039.png?accountingTag=RB
ogn-209-298,OGN-209/298,209,Cull the Weak,OGN,Origins,common,Common,Spell,,Order,2,,1,,Each player kills one of their units.,Riftbound Spell: Cull the Weak. Each player kills one of their units.,Kudos Productions,portrait,https://cmsassets.rgpub.io/sanity/images/dsfx7636/game_data_live/49338a4b31727c6ef50e7dbc54e7004dcd2b6f4c-744x1039.png?accountingTag=RB
ogn-210-298,OGN-210/298,210,Daring Poro,OGN,Origins,common,Common,Unit,,Order,2,2,,Poro,[Assault] (+1 :rb_might: while I'm an attacker.),Riftbound Unit: Daring Poro. [Assault] (+1 [S] while I'm an attacker.),Six More Vodka,portrait,https://cmsassets.rgpub.io/sanity/images/dsfx7636/game_data_live/41dee7ec46124c261352595cfbd8a6d38d32b947-744x1039.png?accountingTag=RB
ogn-211-298,OGN-211/298,211,Faithful Manufactor,OGN,Origins,common,Common,Unit,,Order,3,2,,Piltover,"When you play me, play a 1 :rb_might: Recruit unit token here.","Riftbound Unit: Faithful Manufactor. When you play me, play a 1 [S] Recruit unit token here.",Kudos Productions,portrait,https://cmsassets.rgpub.io/sanity/images/dsfx7636/game_data_live/b41107b7456a2a38d203983b1e504e3789d6b6ea-744x1039.png?accountingTag=RB
ogn-212-298,OGN-212/298,212,Forge of the Future,OGN,Origins,common,Common,Gear,,Order,2,,,,"When you play this, play a 1 :rb_might: Recruit unit token at your base.
Kill this: Recycle up to 4 cards from trashes.","Riftbound Gear: Forge of the Future. When you play this, play a 1 [S] Recruit unit token at your base.
Kill this: Recycle up to 4 cards from trashes.",Envar Studio,portrait,https://cmsassets.rgpub.io/sanity/images/dsfx7636/game_data_live/8e6a76d28590bcd835b0a9a1e806fe0fa6883141-744x1039.png?accountingTag=RB
ogn-213-298,OGN-213/298,213,Hidden Blade,OGN,Origins,common,Common,Spell,,Order,2,,1,,"[Hidden] (Hide now for :rb_rune_rainbow: to react with later for :rb_energy_0:.)
[Action] (Play on your turn or in showdowns.)
Kill a unit at a battlefield. Its controller draws 2.","Riftbound Spell: Hidden Blade. [Hidden] (Hide now for [A] to react with later for [0].)
[Action] (Play on your turn or in showdowns.)
Kill a unit at a battlefield. Its controller draws 2.",Rafael Zanchetin,portrait,https://cmsassets.rgpub.io/sanity/images/dsfx7636/game_data_live/0437ab8a0b67f43ef5483a103bbae9e57fd05822-744x1039.png?accountingTag=RB
ogn-214a-298,OGN-214a/298,214,Order Rune,OGN,Origins,showcase,Showcase,Rune,Basic,Order,,,,,,Riftbound Rune: Order Rune.,Fairfoul,portrait,https://cmsassets.rgpub.io/sanity/images/dsfx7636/game_data_live/0e4904221c3bbbfcfde1734bc414dbe97c67e295-1488x2078.png?accountingTag=RB
ogn-214-298,OGN-214/298,214,Order Rune,OGN,Origins,common,Common,Rune,Basic,Order,,,,,,Riftbound Rune: Order Rune.,Greg Ghielmetti & Leah Chen,portrait,https://cmsassets.rgpub.io/sanity/images/dsfx7636/game_data_live/35ec6fdd2124324bb7052cba31c8c44f2e98f3ae-744x1039.png?accountingTag=RB
ogn-215-298,OGN-215/298,215,Petty Officer,OGN,Origins,common,Common,Unit,,Order,5,5,,"Pirate, Bilgewater",[Assault] (+1 :rb_might: while I'm an attacker.),Riftbound Unit: Petty Officer. [Assault] (+1 [S] while I'm an attacker.),Six More Vodka,portrait,https://cmsassets.rgpub.io/sanity/images/dsfx7636/game_data_live/29e062c4a38c0be12056568a2f8563557e2611c6-744x1039.png?accountingTag=RB
ogn-216-298,OGN-216/298,216,Soaring Scout,OGN,Origins,common,Common,Unit,,Order,2,1,,"Bird, Freljord","[Deathknell] — Channel 1 rune exhausted. (When I die, get the effect.)","Riftbound Unit: Soaring Scout. [Deathknell] — Channel 1 rune exhausted. (When I die, get the effect.)",Six More Vodka,portrait,https://cmsassets.rgpub.io/sanity/images/dsfx7636/game_data_live/75b6ce420888035b566c3795cabe0999a9a918b0-744x1039.png?accountingTag=RB
ogn-217-298,OGN-217/298,217,Trifarian Gloryseeker,OGN,Origins,common,Common,Unit,,Order,2,2,,"Trifarian, Noxus","[Legion] — When you play me, buff me. (If I don't have a buff, I get a +1 :rb_might: buff. Get the effect if you've played another card this turn.)","Riftbound Unit: Trifarian Gloryseeker. [Legion] — When you play me, buff me. (If I don't have a buff, I get a +1 [S] buff. Get the effect if you've played another card this turn.)",Six More Vodka,portrait,https://cmsassets.rgpub.io/sanity/images/dsfx7636/game_data_live/19ad6a0e743b56021b9651a2105034a488e172e8-744x1039.png?accountingTag=RB
ogn-218-298,OGN-218/298,218,Vanguard Captain,OGN,Origins,common,Common,Unit,,Order,3,3,1,"Elite, Demacia","[Legion] — When you play me, play two 1 :rb_might: Recruit unit tokens here. (Get the effect if you've played another card this turn.)","Riftbound Unit: Vanguard Captain. [Legion] — When you play me, play two 1 [S] Recruit unit tokens here. (Get the effect if you've played another card this turn.)",Six More Vodka,portrait,https://cmsassets.rgpub.io/sanity/images/dsfx7636/game_data_live/f0c9ddb2af7a0d4991938cf1e3058eb0f5d2e357-744x1039.png?accountingTag=RB
ogn-219-298,OGN-219/298,219,Vanguard Sergeant,OGN,Origins,common,Common,Unit,,Order,4,4,,"Elite, Demacia",,Riftbound Unit: Vanguard Sergeant.,Six More Vodka,portrait,https://cmsassets.rgpub.io/sanity/images/dsfx7636/game_data_live/6bcff5c718cfcff1c2466bf5e1a2a1ea9a9cf09b-744x1039.png?accountingTag=RB
ogn-220-298,OGN-220/298,220,Facebreaker,OGN,Origins,uncommon,Uncommon,Spell,,Order,2,,,,"[Hidden] (Hide now for :rb_rune_rainbow: to react with later for :rb_energy_0:.)
[Action] (Play on your turn or in showdowns.)
Stun a friendly unit and an enemy unit at the same battlefield. (They don't deal combat damage this turn.)","Riftbound Spell: Facebreaker. [Hidden] (Hide now for [A] to react with later for [0].)
[Action] (Play on your turn or in showdowns.)
Stun a friendly unit and an enemy unit at the same battlefield. (They don't deal combat damage this turn.)",Kudos Productions,portrait,https://cmsassets.rgpub.io/sanity/images/dsfx7636/game_data_live/b7cddc717b886bb955b900ffaae4db9154a19280-744x1039.png?accountingTag=RB
ogn-221-298,OGN-221/298,221,Imperial Decree,OGN,Origins,uncommon,Uncommon,Spell,,Order,5,,2,,"[Action] (Play on your turn or in showdowns.)
When any unit takes damage this turn, kill it.","Riftbound Spell: Imperial Decree. [Action] (Play on your turn or in showdowns.)
When any unit takes damage this turn, kill it.",Kudos Productions,portrait,https://cmsassets.rgpub.io/sanity/images/dsfx7636/game_data_live/fc6ab617f1ce20c82ed76dc6446d42d416c08b34-744x1039.png?accountingTag=RB
ogn-222-298,OGN-222/298,222,Noxian Drummer,OGN,Origins,uncommon,Uncommon,Unit,,Order,3,3,,"Trifarian, Noxus","When I move to a battlefield, play a 1 :rb_might: Recruit unit token here. (It is also at the battlefield.)","Riftbound Unit: Noxian Drummer. When I move to a battlefield, play a 1 [S] Recruit unit token here. (It is also at the battlefield.)",Six More Vodka,portrait,https://cmsassets.rgpub.io/sanity/images/dsfx7636/game_data_live/45a69adf92b6951c8c8fa974273c22aade312068-744x1039.png?accountingTag=RB
ogn-223-298,OGN-223/298,223,Peak Guardian,OGN,Origins,uncommon,Uncommon,Unit,,Order,6,5,1,Mount Targon,"When you play me, buff me. Then, if I am at a battlefield, buff all other friendly units there. (To buff a unit, give it a +1 :rb_might: buff if it doesn't already have one.)","Riftbound Unit: Peak Guardian. When you play me, buff me. Then, if I am at a battlefield, buff all other friendly units there. (To buff a unit, give it a +1 [S] buff if it doesn't already have one.)",Six More Vodka,portrait,https://cmsassets.rgpub.io/sanity/images/dsfx7636/game_data_live/bb56433bc032fd31a957923c43babc48b66db24c-744x1039.png?accountingTag=RB
ogn-224-298,OGN-224/298,224,Salvage,OGN,Origins,uncommon,Uncommon,Spell,,Order,2,,1,,"[Action] (Play on your turn or in showdowns.)
You may kill a gear. Draw 1.","Riftbound Spell: Salvage. [Action] (Play on your turn or in showdowns.)
You may kill a gear. Draw 1.",Kudos Productions,portrait,https://cmsassets.rgpub.io/sanity/images/dsfx7636/game_data_live/9bdbac358e7c9415c1354b6d1f6888dcf9c5519b-744x1039.png?accountingTag=RB
ogn-225-298,OGN-225/298,225,Solari Chief,OGN,Origins,uncommon,Uncommon,Unit,,Order,5,4,1,Mount Targon,"When you play me, choose an enemy unit. If it is stunned, kill it. Otherwise, stun it. (It doesn't deal combat damage this turn.)","Riftbound Unit: Solari Chief. When you play me, choose an enemy unit. If it is stunned, kill it. Otherwise, stun it. (It doesn't deal combat damage this turn.)",JiHun Lee,portrait,https://cmsassets.rgpub.io/sanity/images/dsfx7636/game_data_live/02fd791fdaa7d1c63221655e889fb412de103ca2-744x1039.png?accountingTag=RB
ogn-226-298,OGN-226/298,226,Spectral Matron,OGN,Origins,uncommon,Uncommon,Unit,,Order,4,4,2,"Spirit, Shadow Isles","When you play me, you may play a unit costing no more than :rb_energy_3: and no more than :rb_rune_rainbow: from your trash, ignoring its cost.","Riftbound Unit: Spectral Matron. When you play me, you may play a unit costing no more than [3] and no more than [A] from your trash, ignoring its cost.",Six More Vodka,portrait,https://cmsassets.rgpub.io/sanity/images/dsfx7636/game_data_live/c8aebd03c8722d485ebfc38774488778c756ff5c-744x1039.png?accountingTag=RB
ogn-227-298,OGN-227/298,227,Symbol of the Solari,OGN,Origins,uncommon,Uncommon,Gear,,Order,1,,,,"If a combat where you are the attacker ends in a tie, recall ALL units instead. (Send them to base. This isn't a move. Ties are calculated after combat damage is dealt.)","Riftbound Gear: Symbol of the Solari. If a combat where you are the attacker ends in a tie, recall ALL units instead. (Send them to base. This isn't a move. Ties are calculated after combat damage is dealt.)",Kudos Productions,portrait,https://cmsassets.rgpub.io/sanity/images/dsfx7636/game_data_live/d4f746c396df48623ef8a4df763b5deb47f59339-744x1039.png?accountingTag=RB
ogn-228-298,OGN-228/298,228,Vanguard Helm,OGN,Origins,uncommon,Uncommon,Gear,,Order,2,,,,"When a buffed friendly unit dies, buff another friendly unit. (If it doesn't have a buff, it gets a +1 :rb_might: buff.)","Riftbound Gear: Vanguard Helm. When a buffed friendly unit dies, buff another friendly unit. (If it doesn't have a buff, it gets a +1 [S] buff.)",Kudos Productions,portrait,https://cmsassets.rgpub.io/sanity/images/dsfx7636/game_data_live/9718c666cbf789a572760c826d0a06b26b787ae5-744x1039.png?accountingTag=RB
ogn-229-298,OGN-229/298,229,Vengeance,OGN,Origins,uncommon,Uncommon,Spell,,Order,4,,2,,Kill a unit.,Riftbound Spell: Vengeance. Kill a unit.,Max Grecke,portrait,https://cmsassets.rgpub.io/sanity/images/dsfx7636/game_data_live/a21e2ffee47ecdd1575bf48edb8c2a84722cc6b9-744x1039.png?accountingTag=RB
ogn-230-298,OGN-230/298,230,Albus Ferros,OGN,Origins,rare,Rare,Unit,,Order,4,3,,Piltover,"When you play me, spend any number of buffs. For each buff spent, channel 1 rune exhausted.","Riftbound Unit: Albus Ferros. When you play me, spend any number of buffs. For each buff spent, channel 1 rune exhausted.",Kudos Productions,portrait,https://cmsassets.rgpub.io/sanity/images/dsfx7636/game_data_live/ec0be8d2a79196b689fccf9ee42ce8baa7e9c35e-744x1039.png?accountingTag=RB
ogn-231-298,OGN-231/298,231,Commander Ledros,OGN,Origins,rare,Rare,Unit,,Order,6,8,4,"Spirit, Shadow Isles","As you play me, you may kill any number of friendly units as an additional cost. Reduce my cost by :rb_rune_order: for each killed this way.
[Deflect] (Opponents must pay :rb_rune_rainbow: to choose me with a spell or ability.)
[Ganking] (I can move from battlefield to battlefield.)","Riftbound Unit: Commander Ledros. As you play me, you may kill any number of friendly units as an additional cost. Reduce my cost by [C] for each killed this way.
[Deflect] (Opponents must pay [A] to choose me with a spell or ability.)
[Ganking] (I can move from battlefield to battlefield.)",Six More Vodka,portrait,https://cmsassets.rgpub.io/sanity/images/dsfx7636/game_data_live/1183be5effc6275f17da09b983feb36632752af4-744x1039.png?accountingTag=RB
ogn-232-298,OGN-232/298,232,"Fiora, Victorious",OGN,Origins,rare,Rare,Unit,Champion,Order,4,4,,"Fiora, Demacia","While I'm [Mighty], I have [Deflect], [Ganking], and [Shield]. (I'm Mighty while I have 5+ :rb_might:.)","Riftbound Unit: Fiora, Victorious. While I'm [Mighty], I have [Deflect], [Ganking], and [Shield]. (I'm Mighty while I have 5+ [S].)",Six More Vodka,portrait,https://cmsassets.rgpub.io/sanity/images/dsfx7636/game_data_live/24d4d1997e6a5b145412e402fc69399d590ecda0-744x1039.png?accountingTag=RB
ogn-233-298,OGN-233/298,233,Grand Strategem,OGN,Origins,rare,Rare,Spell,,Order,6,,3,,"[Action] (Play on your turn or in showdowns.)
Give friendly units +5 :rb_might: this turn.","Riftbound Spell: Grand Strategem. [Action] (Play on your turn or in showdowns.)
Give friendly units +5 [S] this turn.",Kudos Productions,portrait,https://cmsassets.rgpub.io/sanity/images/dsfx7636/game_data_live/bda7514aefa94ac3f368690cdd2d0f955d44c089-744x1039.png?accountingTag=RB
ogn-234-298,OGN-234/298,234,Harnessed Dragon,OGN,Origins,rare,Rare,Unit,,Order,8,6,2,"Dragon, Demacia","When you play me, kill an enemy unit.","Riftbound Unit: Harnessed Dragon. When you play me, kill an enemy unit.",Envar Studio,portrait,https://cmsassets.rgpub.io/sanity/images/dsfx7636/game_data_live/00bc15bc1c2f5b8e6d1713819998df1c04864dcb-744x1039.png?accountingTag=RB
ogn-235-298,OGN-235/298,235,"Karma, Channeler",OGN,Origins,rare,Rare,Unit,Champion,Order,6,6,1,"Vi, Ionia","[Vision] (When you play me, look at the top card of your Main Deck. You may recycle it.)
When you recycle one or more cards, buff a friendly unit. (If it doesn't have a buff, it gets a +1 :rb_might: buff. Runes aren't cards.)","Riftbound Unit: Karma, Channeler. [Vision] (When you play me, look at the top card of your Main Deck. You may recycle it.)
When you recycle one or more cards, buff a friendly unit. (If it doesn't have a buff, it gets a +1 [M] buff. Runes aren't cards.)",Six More Vodka,portrait,https://cmsassets.rgpub.io/sanity/images/dsfx7636/game_data_live/aca8664b334f2fa40cc7bae2811dd4e1b4f06388-744x1039.png?accountingTag=RB
ogn-236-298,OGN-236/298,236,"Karthus, Eternal",OGN,Origins,rare,Rare,Unit,Champion,Order,3,3,1,"Spirit, Karthus, Shadow Isles",Your [Deathknell] effects trigger an additional time.,"Riftbound Unit: Karthus, Eternal. Your [Deathknell] effects trigger an additional time.",League Splash Team,portrait,https://cmsassets.rgpub.io/sanity/images/dsfx7636/game_data_live/df3497ce6a602da554813340f572240675c7f0e2-744x1039.png?accountingTag=RB
ogn-237-298,OGN-237/298,237,King's Edict,OGN,Origins,rare,Rare,Spell,,Order,6,,2,,"Starting with the next player, each other player chooses a unit you don't control that hasn't been chosen for this spell. Kill those units.","Riftbound Spell: King's Edict. Starting with the next player, each other player chooses a unit you don't control that hasn't been chosen for this spell. Kill those units.",Kudos Productions,portrait,https://cmsassets.rgpub.io/sanity/images/dsfx7636/game_data_live/ec1b8b98e1ca7a34939322883309c71605bb8bc5-744x1039.png?accountingTag=RB
ogn-238-298,OGN-238/298,238,"Leona, Determined",OGN,Origins,rare,Rare,Unit,Champion,Order,4,4,1,"Leona, Mount Targon","[Shield] (+1 :rb_might: while I'm a defender.)
When I attack, stun an enemy unit here. (It doesn't deal combat damage this turn.)","Riftbound Unit: Leona, Determined. [Shield] (+1 [S] while I'm a defender.)
When I attack, stun an enemy unit here. (It doesn't deal combat damage this turn.)",Six More Vodka,portrait,https://cmsassets.rgpub.io/sanity/images/dsfx7636/game_data_live/39a1e121031cfb4bdb009b071ed5d70411966cd9-744x1039.png?accountingTag=RB
ogn-238a-298,OGN-238a/298,238,"Leona, Determined",OGN,Origins,showcase,Showcase,Unit,Champion,Order,4,4,1,"Leona, Mount Targon","[Shield] (+1 :rb_might: while I'm a defender.)
When I attack, stun an enemy unit here. (It doesn't deal combat damage this turn.)","Riftbound Unit: Leona, Determined. [Shield] (+1 [S] while I'm a defender.)
When I attack, stun an enemy unit here. (It doesn't deal combat damage this turn.)",League Splash Team,portrait,https://cmsassets.rgpub.io/sanity/images/dsfx7636/game_data_live/1ed0250f1d3bbbbde49b3ce1fc2e744e4da64baa-744x1039.png?accountingTag=RB
ogn-239-298,OGN-239/298,239,Machine Evangel,OGN,Origins,rare,Rare,Unit,,Order,5,4,1,Piltover,"[Deathknell] — Play three 1 :rb_might: Recruit unit tokens into your base. (When I die, get the effect.)","Riftbound Unit: Machine Evangel. [Deathknell] — Play three 1 [S] Recruit unit tokens into your base. (When I die, get the effect.)",Kudos Productions,portrait,https://cmsassets.rgpub.io/sanity/images/dsfx7636/game_data_live/ad15d4ff89548e83dcede9b209b12233652cf3a1-744x1039.png?accountingTag=RB
ogn-240-298,OGN-240/298,240,"Sett, Kingpin",OGN,Origins,rare,Rare,Unit,Champion,Order,4,5,1,"Sett, Ionia","[Tank] (I must be assigned combat damage first.)
I get +1 :rb_might: for each buffed friendly unit at my battlefield.","Riftbound Unit: Sett, Kingpin. [Tank] (I must be assigned combat damage first.)
I get +1 [S] for each buffed friendly unit at my battlefield.",League Splash Team,portrait,https://cmsassets.rgpub.io/sanity/images/dsfx7636/game_data_live/bd43f1dcef824b66f1af994b59b961fc3705f9c3-744x1039.png?accountingTag=RB
ogn-240a-298,OGN-240a/298,240,"Sett, Kingpin",OGN,Origins,showcase,Showcase,Unit,Champion,Order,4,5,1,"Sett, Ionia","[Tank] (I must be assigned combat damage first.)
I get +1 :rb_might: for each buffed friendly unit at my battlefield.","Riftbound Unit: Sett, Kingpin. [Tank] (I must be assigned combat damage first.)
I get +1 [S] for each buffed friendly unit at my battlefield.",Wild Rift Splash Team,portrait,https://cmsassets.rgpub.io/sanity/images/dsfx7636/game_data_live/010bbd89c60c57dc508f6b22201d31bb188f84d6-744x1039.png?accountingTag=RB
ogn-241-298,OGN-241/298,241,"Shen, Kinkou",OGN,Origins,rare,Rare,Unit,Champion,Order,3,3,1,"Shen, Ionia","[Reaction] (Play any time, even before spells and abilities resolve, including to a battlefield you control.)
[Shield 2] (+2 :rb_might: while I'm a defender.)
[Tank] (I must be assigned combat damage first.)","Riftbound Unit: Shen, Kinkou. [Reaction] (Play any time, even before spells and abilities resolve, including to a battlefield you control.)
[Shield 2] (+2 [S] while I'm a defender.)
[Tank] (I must be assigned combat damage first.)",Six More Vodka,portrait,https://cmsassets.rgpub.io/sanity/images/dsfx7636/game_data_live/25f3a9fa33201278ebf475b2d02dae8c0c0cb20c-744x1039.png?accountingTag=RB
ogn-242-298,OGN-242/298,242,Baited Hook,OGN,Origins,epic,Epic,Gear,,Order,3,,,,":rb_energy_1::rb_rune_order:, :rb_exhaust:: Kill a friendly unit. Look at the top 5 cards of your Main Deck. You may banish a unit from among them that has Might up to 1 more than the killed unit and play it, ignoring its cost. Then recycle the rest.","Riftbound Gear: Baited Hook. [1][C], [E]: Kill a friendly unit. Look at the top 5 cards of your Main Deck. You may banish a unit from among them that has Might up to 1 more than the killed unit and play it, ignoring its cost. Then recycle the rest.",Kudos Productions,portrait,https://cmsassets.rgpub.io/sanity/images/dsfx7636/game_data_live/7b4e6a1e32878a7d5fe4e40869c83e47ea08de7c-744x1039.png?accountingTag=RB
ogn-243-298,OGN-243/298,243,"Darius, Executioner",OGN,Origins,epic,Epic,Unit,Champion,Order,6,6,1,"Trifarian, Darius, Noxus","[Legion] — When you play me, ready me. (Get the effect if you've played another card this turn)
Other friendly units have +1 :rb_might: here.","Riftbound Unit: Darius, Executioner. [Legion] — When you play me, ready me. (Get the effect if you've played another card this turn)
Other friendly units have +1 [S] here.",Six More Vodka,portrait,https://cmsassets.rgpub.io/sanity/images/dsfx7636/game_data_live/7b71cf13a07074a6eccbe88ae6c74133d989cb68-744x1039.png?accountingTag=RB
ogn-243a-298,OGN-243a/298,243,"Darius, Executioner",OGN,Origins,showcase,Showcase,Unit,Champion,Order,6,6,1,"Trifarian, Darius, Noxus","[Legion] — When you play me, ready me. (Get the effect if you've played another card this turn)
Other friendly units have +1 :rb_might: here.","Riftbound Unit: Darius, Executioner. [Legion] — When you play me, ready me. (Get the effect if you've played another card this turn)
Other friendly units have +1 [S] here.",League Splash Team,portrait,https://cmsassets.rgpub.io/sanity/images/dsfx7636/game_data_live/76a697f29d4fc3cd9a5e9a0ce79f229d26bc0c90-744x1039.png?accountingTag=RB
ogn-244-298,OGN-244/298,244,Divine Judgment,OGN,Origins,epic,Epic,Spell,,Order,7,,2,,"Each player chooses 2 units, 2 gear, 2 runes, and 2 cards in their hands. Recycle the rest.","Riftbound Spell: Divine Judgment. Each player chooses 2 units, 2 gear, 2 runes, and 2 cards in their hands. Recycle the rest.",Kudos Productions,portrait,https://cmsassets.rgpub.io/sanity/images/dsfx7636/game_data_live/995778eea2e24fdc62ade38c2baa25b9f1e6ab79-744x1039.png?accountingTag=RB
ogn-245-298,OGN-245/298,245,Seal of Unity,OGN,Origins,epic,Epic,Gear,,Order,0,,1,,:rb_exhaust:: [Reaction] — [Add] :rb_rune_order:. (Abilities that add resources can't be reacted to.),Riftbound Gear: Seal of Unity. [T]: [Reaction] — [Add] [C]. (Abilities that add resources can't be reacted to.),Kudos Productions,portrait,https://cmsassets.rgpub.io/sanity/images/dsfx7636/game_data_live/e6fbd41d69bc0d235ea7993d2e9fa74e75e17dff-744x1039.png?accountingTag=RB
ogn-246-298,OGN-246/298,246,"Viktor, Leader",OGN,Origins,epic,Epic,Unit,Champion,Order,4,4,1,"Viktor, Zaun","When another non-Recruit unit you control dies, play a 1 :rb_might: Recruit unit token into your base.","Riftbound Unit: Viktor, Leader. When another non-Recruit unit you control dies, play a 1 [S] Recruit unit token into your base.",League Splash Team,portrait,https://cmsassets.rgpub.io/sanity/images/dsfx7636/game_data_live/ab390d6d074c3f07abba000cc166faa1796ec464-744x1039.png?accountingTag=RB
ogn-246a-298,OGN-246a/298,246,"Viktor, Leader",OGN,Origins,showcase,Showcase,Unit,Champion,Order,4,4,1,"Viktor, Zaun","When another non-Recruit unit you control dies, play a 1 :rb_might: Recruit unit token into your base.","Riftbound Unit: Viktor, Leader. When another non-Recruit unit you control dies, play a 1 [S] Recruit unit token into your base.",League Splash Team,portrait,https://cmsassets.rgpub.io/sanity/images/dsfx7636/game_data_live/19b66f8eccd6d6e9d41048f73e44660f1cf77068-744x1039.png?accountingTag=RB
ogn-247-298,OGN-247/298,247,Daughter of the Void,OGN,Origins,rare,Rare,Legend,Champion,"Fury, Mind",,,,Kai'Sa,:rb_exhaust:: [Reaction] — [Add] :rb_rune_rainbow:. Use only to play spells. (Abilities that add resources can't be reacted to.),Riftbound Legend: Daughter of the Void. [T]: [Reaction] — [Add] [C]. Use only to play spells. (Abilities that add resources can't be reacted to.),Kudos Productions,portrait,https://cmsassets.rgpub.io/sanity/images/dsfx7636/game_data_live/a576472c7bb00f475882ac814e1d8f9be233b402-744x1040.png?accountingTag=RB
ogn-248-298,OGN-248/298,248,Icathian Rain,OGN,Origins,epic,Epic,Spell,Signature,"Fury, Mind",7,,3,Kai'Sa,"Deal 2 to a unit.
Deal 2 to a unit.
Deal 2 to a unit.
Deal 2 to a unit.
Deal 2 to a unit.
Deal 2 to a unit.","Riftbound Spell: Icathian Rain. Deal 2 to a unit.
Deal 2 to a unit.
Deal 2 to a unit.
Deal 2 to a unit.
Deal 2 to a unit.
Deal 2 to a unit.",Kudos Productions,portrait,https://cmsassets.rgpub.io/sanity/images/dsfx7636/game_data_live/8df37f633d3da734f3f2d85808a7cb9eadec1b04-744x1039.png?accountingTag=RB
ogn-249-298,OGN-249/298,249,Relentless Storm,OGN,Origins,rare,Rare,Legend,Champion,"Fury, Body",,,,Volibear,"When you play a [Mighty] unit, you may exhaust me to channel 1 rune exhausted. (A unit is Mighty while it has 5+ :rb_might:.)","Riftbound Legend: Relentless Storm. When you play a [Mighty] unit, you may exhaust me to channel 1 rune exhausted. (A unit is Mighty while it has 5+ [S].)",Grafit Studio,portrait,https://cmsassets.rgpub.io/sanity/images/dsfx7636/game_data_live/f1842ef373434db3e8109d8959832f9d184866c3-744x1040.png?accountingTag=RB
ogn-250-298,OGN-250/298,250,Stormbringer,OGN,Origins,epic,Epic,Spell,Signature,"Fury, Body",6,,2,Volibear,"Choose a friendly unit in your base. Deal damage equal to its Might to all enemy units at a battlefield, then move your unit there.","Riftbound Spell: Stormbringer. Choose a friendly unit in your base. Deal damage equal to its Might to all enemy units at a battlefield, then move your unit there.",Kudos Productions,portrait,https://cmsassets.rgpub.io/sanity/images/dsfx7636/game_data_live/d86c4137cc7f77f103cd7d6228125df8cb9a54e1-744x1039.png?accountingTag=RB
ogn-251-298,OGN-251/298,251,Loose Cannon,OGN,Origins,rare,Rare,Legend,,"Fury, Chaos",,,,Jinx,"At start of your Beginning Phase, draw 1 if you have one or fewer cards in your hand.","Riftbound Legend: Loose Cannon. At start of your Beginning Phase, draw 1 if you have one or fewer cards in your hand.",Sugar Free,portrait,https://cmsassets.rgpub.io/sanity/images/dsfx7636/game_data_live/f57c14381b126e9f5a7b5bc4913151cb24c14fc3-744x1039.png?accountingTag=RB
ogn-252-298,OGN-252/298,252,Super Mega Death Rocket!,OGN,Origins,epic,Epic,Spell,Signature,"Fury, Chaos",4,,1,Jinx,"Deal 5 to a unit.
When you conquer, you may discard 1 to return this from your trash to your hand.","Riftbound Spell: Super Mega Death Rocket!. Deal 5 to a unit.
When you conquer, you may discard 1 to return this from your trash to your hand.",Kudos Productions,portrait,https://cmsassets.rgpub.io/sanity/images/dsfx7636/game_data_live/95d6fd4d7944e759cfe7ee5e208fa329b719333b-744x1039.png?accountingTag=RB
ogn-253-298,OGN-253/298,253,Hand of Noxus,OGN,Origins,rare,Rare,Legend,,"Fury, Order",,,,Darius,":rb_exhaust:: [Reaction], [Legion] — [Add] :rb_energy_1:. (Abilities that add resources can't be reacted to. Get the effect if you've played a card this turn.)","Riftbound Legend: Hand of Noxus. [T]: [Reaction], [Legion] — [Add] [1]. (Abilities that add resources can't be reacted to. Get the effect if you've played a card this turn.)",Six More Vodka,portrait,https://cmsassets.rgpub.io/sanity/images/dsfx7636/game_data_live/5b9a904048b7fb936377844ec2d31564b7fedf81-744x1039.png?accountingTag=RB
ogn-254-298,OGN-254/298,254,Noxian Guillotine,OGN,Origins,epic,Epic,Spell,Signature,"Fury, Order",4,,1,Darius,"[Action] (Play on your turn or in showdowns.)
Choose a unit. Kill it the next time it takes damage this turn.
[Legion] — Kill it now instead. (Get the effect if you've played another card this turn.)","Riftbound Spell: Noxian Guillotine. [Action] (Play on your turn or in showdowns.)
Choose a unit. Kill it the next time it takes damage this turn.
[Legion] — Kill it now instead. (Get the effect if you've played another card this turn.)",Kudos Productions,portrait,https://cmsassets.rgpub.io/sanity/images/dsfx7636/game_data_live/57f646b0393b58b657cfabf66357d9fc4a34e046-744x1039.png?accountingTag=RB
ogn-255-298,OGN-255/298,255,Nine-Tailed Fox,OGN,Origins,rare,Rare,Legend,Champion,"Calm, Mind",,,,Ahri,"When an enemy unit attacks a battlefield you control, give it -1 :rb_might: this turn, to a minimum of 1 :rb_might:.","Riftbound Legend: Nine-Tailed Fox. When an enemy unit attacks a battlefield you control, give it -1 [S] this turn, to a minimum of 1 [S].",Envar Studio,portrait,https://cmsassets.rgpub.io/sanity/images/dsfx7636/game_data_live/fbce641f5e4d8cdf2956e8ead5884b6cd3ccd90d-744x1040.png?accountingTag=RB
ogn-256-298,OGN-256/298,256,Fox-Fire,OGN,Origins,epic,Epic,Spell,Signature,"Calm, Mind",3,,,Ahri,"[Hidden] (Hide now for :rb_rune_rainbow: to react with later for :rb_energy_0:.)
[Action] (Play on your turn or in showdowns.)
Kill any number of units at a battlefield with total Might 4 or less.","Riftbound Spell: Fox-Fire. [Hidden] (Hide now for [A] to react with later for [0].)
[Action] (Play on your turn or in showdowns.)
Kill any number of units at a battlefield with total Might 4 or less.",League Splash Team,portrait,https://cmsassets.rgpub.io/sanity/images/dsfx7636/game_data_live/7ad9d6a46a1c54080d54950a0044da3a82e32b45-744x1039.png?accountingTag=RB
ogn-257-298,OGN-257/298,257,Blind Monk,OGN,Origins,rare,Rare,Legend,,"Calm, Body",,,,Lee Sin,":rb_energy_1:, :rb_exhaust:: Buff a friendly unit. (If it doesn't have a buff, it gets a +1 :rb_might: buff.)","Riftbound Legend: Blind Monk. [1], [T]: Buff a friendly unit. (If it doesn't have a buff, it gets a +1 [S] buff.)",Six More Vodka,portrait,https://cmsassets.rgpub.io/sanity/images/dsfx7636/game_data_live/ffe064e002d3b9a366748eb85102a769b2545835-744x1039.png?accountingTag=RB
ogn-258-298,OGN-258/298,258,Dragon's Rage,OGN,Origins,epic,Epic,Spell,Signature,"Calm, Body",4,,1,Lee Sin,Move an enemy unit. Then choose another enemy unit at its destination. They deal damage equal to their Mights to each other.,Riftbound Spell: Dragon's Rage. Move an enemy unit. Then choose another enemy unit at its destination. They deal damage equal to their Mights to each other.,Kudos Productions,portrait,https://cmsassets.rgpub.io/sanity/images/dsfx7636/game_data_live/7f4cbd4fb340cc13b3fbe0ec0db706464d9b29f4-744x1039.png?accountingTag=RB
ogn-259-298,OGN-259/298,259,Unforgiven,OGN,Origins,rare,Rare,Legend,Champion,"Calm, Chaos",,,,Yasuo,":rb_energy_2:, :rb_exhaust:: Move a friendly unit to or from its base.","Riftbound Legend: Unforgiven. [2], [T]: Move a friendly unit to or from its base.",TSWCK逍,portrait,https://cmsassets.rgpub.io/sanity/images/dsfx7636/game_data_live/68e4d3230b785738ae9d86f780f7f5607ef11807-744x1040.png?accountingTag=RB
ogn-260-298,OGN-260/298,260,Last Breath,OGN,Origins,epic,Epic,Spell,Signature,"Calm, Chaos",3,,2,Yasuo,"[Action] (Play on your turn or in showdowns.)
Ready a friendly unit. It deals damage equal to its Might to an enemy unit at a battlefield.","Riftbound Spell: Last Breath. [Action] (Play on your turn or in showdowns.)
Ready a friendly unit. It deals damage equal to its Might to an enemy unit at a battlefield.",Kudos Productions,portrait,https://cmsassets.rgpub.io/sanity/images/dsfx7636/game_data_live/e7e6dc840210124825f787095541a66ae5cea178-744x1039.png?accountingTag=RB
ogn-261-298,OGN-261/298,261,Radiant Dawn,OGN,Origins,rare,Rare,Legend,,"Calm, Order",,,,Leona,"When you stun one or more enemy units, buff a friendly unit. (If it doesn't have a buff, it gets a +1 :rb_might: buff.)","Riftbound Legend: Radiant Dawn. When you stun one or more enemy units, buff a friendly unit. (If it doesn't have a buff, it gets a +1 [S] buff.)",Six More Vodka,portrait,https://cmsassets.rgpub.io/sanity/images/dsfx7636/game_data_live/822b8bc7987a47498550708b18ef166b121fd620-744x1039.png?accountingTag=RB
ogn-262-298,OGN-262/298,262,Zenith Blade,OGN,Origins,epic,Epic,Spell,Signature,"Calm, Order",3,,2,Leona,"[Action] (Play on your turn or in showdowns.)
Stun an enemy unit at a battlefield. You may move a friendly unit to that enemy unit's battlefield. (A stunned unit doesn't deal combat damage this turn.)","Riftbound Spell: Zenith Blade. [Action] (Play on your turn or in showdowns.)
Stun an enemy unit at a battlefield. You may move a friendly unit to that enemy unit's battlefield. (A stunned unit doesn't deal combat damage this turn.)",Kudos Productions,portrait,https://cmsassets.rgpub.io/sanity/images/dsfx7636/game_data_live/a572f0bc3ed1bd47c5759d36f5b951b15338e57e-744x1039.png?accountingTag=RB
ogn-263-298,OGN-263/298,263,Swift Scout,OGN,Origins,rare,Rare,Legend,,"Mind, Chaos",,,,Teemo,"You may pay :rb_energy_1: to hide a card with [Hidden] instead of :rb_rune_rainbow:.
:rb_energy_1:, :rb_exhaust:: Put a Teemo unit you own into your hand from your Champion Zone or the board.","Riftbound Legend: Swift Scout. You may pay [1] to hide a card with [Hidden] instead of [C].
[1], [T]: Put a Teemo unit you own into your hand from your Champion Zone or the board.",Shawn Lee,portrait,https://cmsassets.rgpub.io/sanity/images/dsfx7636/game_data_live/9723181e3392bb61c2aabc804a44f7b0558cedf1-744x1039.png?accountingTag=RB
ogn-264-298,OGN-264/298,264,Guerilla Warfare,OGN,Origins,epic,Epic,Spell,Signature,"Mind, Chaos",2,,1,Teemo,Return up to two cards with [Hidden] from your trash to your hand. You can hide cards ignoring costs this turn.,Riftbound Spell: Guerilla Warfare. Return up to two cards with [Hidden] from your trash to your hand. You can hide cards ignoring costs this turn.,Kudos Productions,portrait,https://cmsassets.rgpub.io/sanity/images/dsfx7636/game_data_live/3a1f70e49f1fdbac907a3395f517e96717e8afea-744x1039.png?accountingTag=RB
ogn-265-298,OGN-265/298,265,Herald of the Arcane,OGN,Origins,rare,Rare,Legend,,"Mind, Order",,,,Viktor,":rb_energy_1:, :rb_exhaust:: Play a 1 :rb_might: Recruit unit token.","Riftbound Legend: Herald of the Arcane. [1], [T]: Play a 1 [S] Recruit unit token.",Fortiche Production,portrait,https://cmsassets.rgpub.io/sanity/images/dsfx7636/game_data_live/913236dabf1e4f71650bbba46870fff8163e2eff-744x1039.png?accountingTag=RB
ogn-266-298,OGN-266/298,266,Siphon Power,OGN,Origins,epic,Epic,Spell,Signature,"Mind, Order",2,,1,Viktor,"[Reaction] (Play any time, even before spells and abilities resolve.)
Choose a battlefield. Give friendly units there +1 :rb_might: this turn and enemy units there -1 :rb_might: this turn, to a minimum of 1 :rb_might:.","Riftbound Spell: Siphon Power. [Reaction] (Play any time, even before spells and abilities resolve.)
Choose a battlefield. Give friendly units there +1 [S] this turn and enemy units there -1 [S] this turn, to a minimum of 1 [S].",Kudos Productions,portrait,https://cmsassets.rgpub.io/sanity/images/dsfx7636/game_data_live/b449170ba312711c82708d1fea2b044822ce5eaa-744x1039.png?accountingTag=RB
ogn-267-298,OGN-267/298,267,Bounty Hunter,OGN,Origins,rare,Rare,Legend,Champion,"Body, Chaos",,,,Miss Fortune,:rb_exhaust:: Give a unit [Ganking] this turn. (It can move from battlefield to battlefield.),Riftbound Legend: Bounty Hunter. [T]: Give a unit [Ganking] this turn. (It can move from battlefield to battlefield.),Six More Vodka,portrait,https://cmsassets.rgpub.io/sanity/images/dsfx7636/game_data_live/cc11261fcdbf0851525030bd9e835b718efad3bc-744x1040.png?accountingTag=RB
ogn-268-298,OGN-268/298,268,Bullet Time,OGN,Origins,epic,Epic,Spell,Signature,"Body, Chaos",1,,,Miss Fortune,"[Action] (Play on your turn or in showdowns.)
Pay any amount of :rb_rune_rainbow: to deal that much damage to all enemy units at a battlefield.","Riftbound Spell: Bullet Time. [Action] (Play on your turn or in showdowns.)
Pay any amount of [C] to deal that much damage to all enemy units at a battlefield.",Kudos Productions,portrait,https://cmsassets.rgpub.io/sanity/images/dsfx7636/game_data_live/96ed7f6b121a7f46003534393350838efe2776f0-744x1039.png?accountingTag=RB
ogn-269-298,OGN-269/298,269,The Boss,OGN,Origins,rare,Rare,Legend,,"Body, Order",,,,Sett,"When a buffed unit you control would die, you may pay :rb_rune_rainbow: and exhaust me to spend its buff and recall it exhausted instead. (Send it to base. This isn't a move.)
When you conquer, ready me.","Riftbound Legend: The Boss. When a buffed unit you control would die, you may pay [C] and exhaust me to spend its buff and recall it exhausted instead. (Send it to base. This isn't a move.)
When you conquer, ready me.",Envar Studio,portrait,https://cmsassets.rgpub.io/sanity/images/dsfx7636/game_data_live/b132becb843b2cf418cb110ead64758f49f51554-744x1039.png?accountingTag=RB
ogn-270-298,OGN-270/298,270,Showstopper,OGN,Origins,epic,Epic,Spell,Signature,"Body, Order",1,,1,Sett,"Buff a friendly unit in your base, then move it to a battlefield. (If it doesn't have a buff, it gets a +1 :rb_might: buff.)","Riftbound Spell: Showstopper. Buff a friendly unit in your base, then move it to a battlefield. (If it doesn't have a buff, it gets a +1 [S] buff.)",Kudos Productions,portrait,https://cmsassets.rgpub.io/sanity/images/dsfx7636/game_data_live/c9b6f7a7cca1589fb53276f74ac8bc547b31e5ec-744x1039.png?accountingTag=RB
ogn-271-298,OGN-271/298,271,Recruit (DE),OGN,Origins,common,Common,Unit,Token,Colorless,,1,,Recruit,,Riftbound Unit: Recruit (DE).,Six More Vodka,portrait,https://cmsassets.rgpub.io/sanity/images/dsfx7636/game_data_live/7c3362dc6e6e6fb724ef31b061a44d2976f5b01f-744x1039.png?accountingTag=RB
ogn-272-298,OGN-272/298,272,Recruit (NX),OGN,Origins,common,Common,Unit,Token,Colorless,,1,,Recruit,,Riftbound Unit: Recruit (NX).,Six More Vodka,portrait,https://cmsassets.rgpub.io/sanity/images/dsfx7636/game_data_live/c168ca334739090a060710dfc440982c3462ac8c-744x1039.png?accountingTag=RB
ogn-273-298,OGN-273/298,273,Recruit (ZN),OGN,Origins,common,Common,Unit,Token,Colorless,,1,,Recruit,,Riftbound Unit: Recruit (ZN).,Fortiche Production,portrait,https://cmsassets.rgpub.io/sanity/images/dsfx7636/game_data_live/d93ec9a524a2989b9d7ef23c6fc02e8ce39959c2-744x1039.png?accountingTag=RB
ogn-274-298,OGN-274/298,274,Sprite,OGN,Origins,common,Common,Unit,Token,Colorless,,3,,Fae,"[Temporary] (Kill me at the start of your Beginning Phase, before scoring.)","Riftbound Unit: Sprite. [Temporary] (Kill me at the start of your Beginning Phase, before scoring.)",Envar Studio,portrait,https://cmsassets.rgpub.io/sanity/images/dsfx7636/game_data_live/055892752559d2d3d32e76f491a7a0b540e1a669-744x1039.png?accountingTag=RB
ogn-275-298,OGN-275/298,275,Altar to Unity,OGN,Origins,uncommon,Uncommon,Battlefield,,Colorless,,,,,"When you hold here, play a 1 :rb_might: Recruit unit token in your base.","Riftbound Battlefield: Altar to Unity. When you hold here, play a 1 [S] Recruit unit token in your base.",Kudos Productions,landscape,https://cmsassets.rgpub.io/sanity/images/dsfx7636/game_data_live/2392529560dc9af72596c6fc65b4c0356bbc44d1-1038x744.png?accountingTag=RB
ogn-276-298,OGN-276/298,276,Aspirant's Climb,OGN,Origins,uncommon,Uncommon,Battlefield,,Colorless,,,,,Increase the points needed to win the game by 1.,Riftbound Battlefield: Aspirant's Climb. Increase the points needed to win the game by 1.,Polar Engine Studio,landscape,https://cmsassets.rgpub.io/sanity/images/dsfx7636/game_data_live/9301593f3800e68427469d38181b578a672473c3-1038x744.png?accountingTag=RB
ogn-277-298,OGN-277/298,277,Back-Alley Bar,OGN,Origins,uncommon,Uncommon,Battlefield,,Colorless,,,,,"When a unit moves from here, give it +1 :rb_might: this turn.","Riftbound Battlefield: Back-Alley Bar. When a unit moves from here, give it +1 [S] this turn.",Kudos Productions,landscape,https://cmsassets.rgpub.io/sanity/images/dsfx7636/game_data_live/3e9f659a32e390b45bc87a01bdd6af4a8a3565f7-1038x744.png?accountingTag=RB
ogn-278-298,OGN-278/298,278,Bandle Tree,OGN,Origins,uncommon,Uncommon,Battlefield,,Colorless,,,,,You may hide an additional card here.,Riftbound Battlefield: Bandle Tree. You may hide an additional card here.,Kudos Productions,landscape,https://cmsassets.rgpub.io/sanity/images/dsfx7636/game_data_live/538f93a34006c4afaddb890cbc75b4db222f1783-1038x744.png?accountingTag=RB
ogn-279-298,OGN-279/298,279,Fortified Position,OGN,Origins,uncommon,Uncommon,Battlefield,,Colorless,,,,,"When you defend here, choose a unit. It gains [Shield 2] this combat. (+2 :rb_might: while it's a defender.)","Riftbound Battlefield: Fortified Position. When you defend here, choose a unit. It gains [Shield 2] this combat. (+2 [S] while it's a defender.)",Six More Vodka,landscape,https://cmsassets.rgpub.io/sanity/images/dsfx7636/game_data_live/45363bbd907f4f3717868cb04b3cfed814b3bb32-1038x744.png?accountingTag=RB
ogn-280-298,OGN-280/298,280,Grove of the God-Willow,OGN,Origins,uncommon,Uncommon,Battlefield,,Colorless,,,,,"When you hold here, draw 1.","Riftbound Battlefield: Grove of the God-Willow. When you hold here, draw 1.",Kudos Productions,landscape,https://cmsassets.rgpub.io/sanity/images/dsfx7636/game_data_live/1574863000ab23d69cbd388a32b1a09f29f78d5f-1038x744.png?accountingTag=RB
ogn-281-298,OGN-281/298,281,Hallowed Tomb,OGN,Origins,uncommon,Uncommon,Battlefield,,Colorless,,,,,"When you hold here, you may return your Chosen Champion from your trash to your Champion Zone if it is empty.","Riftbound Battlefield: Hallowed Tomb. When you hold here, you may return your Chosen Champion from your trash to your Champion Zone if it is empty.",Kudos Productions,landscape,https://cmsassets.rgpub.io/sanity/images/dsfx7636/game_data_live/3e37a8cafd836680f82c31894de7f84818ebd952-1038x744.png?accountingTag=RB
ogn-282-298,OGN-282/298,282,Monastery of Hirana,OGN,Origins,uncommon,Uncommon,Battlefield,,Colorless,,,,,"When you conquer here, you may spend a buff to draw 1.","Riftbound Battlefield: Monastery of Hirana. When you conquer here, you may spend a buff to draw 1.",Six More Vodka,landscape,https://cmsassets.rgpub.io/sanity/images/dsfx7636/game_data_live/8767d9ed30e2873d3fa1045f973be229da56175d-1038x744.png?accountingTag=RB
ogn-283-298,OGN-283/298,283,Navori Fighting Pit,OGN,Origins,uncommon,Uncommon,Battlefield,,Colorless,,,,,"When you hold here, buff a unit here. (If it doesn't have a buff, it gets a +1 :rb_might: buff.)","Riftbound Battlefield: Navori Fighting Pit. When you hold here, buff a unit here. (If it doesn't have a buff, it gets a +1 [S] buff.)",Envar Studio,landscape,https://cmsassets.rgpub.io/sanity/images/dsfx7636/game_data_live/c03ed3ddf8b764963e4b0745e86a12a5ebcef2a3-1038x744.png?accountingTag=RB
ogn-284-298,OGN-284/298,284,Obelisk of Power,OGN,Origins,uncommon,Uncommon,Battlefield,,Colorless,,,,,"At the start of each player's first Beginning Phase, that player channels 1 rune.","Riftbound Battlefield: Obelisk of Power. At the start of each player's first Beginning Phase, that player channels 1 rune.",Chris Kintner,landscape,https://cmsassets.rgpub.io/sanity/images/dsfx7636/game_data_live/0ef4890cdc3145616fcf41290a13c63b1afe4e0d-1038x744.png?accountingTag=RB
ogn-285-298,OGN-285/298,285,Reaver's Row,OGN,Origins,uncommon,Uncommon,Battlefield,,Colorless,,,,,"When you defend here, you may move a friendly unit here to base.","Riftbound Battlefield: Reaver's Row. When you defend here, you may move a friendly unit here to base.",Kudos Productions,landscape,https://cmsassets.rgpub.io/sanity/images/dsfx7636/game_data_live/7d99fe84c9b815463198b5dbad694759940cac12-1038x744.png?accountingTag=RB
ogn-286-298,OGN-286/298,286,Reckoner's Arena,OGN,Origins,uncommon,Uncommon,Battlefield,,Colorless,,,,,"When you hold here, activate the conquer effects of units here.","Riftbound Battlefield: Reckoner's Arena. When you hold here, activate the conquer effects of units here.",Six More Vodka,landscape,https://cmsassets.rgpub.io/sanity/images/dsfx7636/game_data_live/6b7d867487efcbefa8c3d67043a839497ec50388-1038x744.png?accountingTag=RB
ogn-287-298,OGN-287/298,287,Sigil of the Storm,OGN,Origins,uncommon,Uncommon,Battlefield,,Colorless,,,,,"When you conquer here, recycle one of your runes.","Riftbound Battlefield: Sigil of the Storm. When you conquer here, recycle one of your runes.",Envar Studio,landscape,https://cmsassets.rgpub.io/sanity/images/dsfx7636/game_data_live/9b795e7a2af421aabc01dc6f35c0b5d547fe3c0e-1038x744.png?accountingTag=RB
ogn-288-298,OGN-288/298,288,Startipped Peak,OGN,Origins,uncommon,Uncommon,Battlefield,,Colorless,,,,,"When you hold here, you may channel 1 rune exhausted.","Riftbound Battlefield: Startipped Peak. When you hold here, you may channel 1 rune exhausted.",Polar Engine Studio,landscape,https://cmsassets.rgpub.io/sanity/images/dsfx7636/game_data_live/05adde1d8ab40e2a2f832a89ac5c9174ee78796f-1038x744.png?accountingTag=RB
ogn-289-298,OGN-289/298,289,Targon's Peak,OGN,Origins,uncommon,Uncommon,Battlefield,,Colorless,,,,,"When you conquer here, ready 2 runes at the end of this turn.","Riftbound Battlefield: Targon's Peak. When you conquer here, ready 2 runes at the end of this turn.",Six More Vodka,landscape,https://cmsassets.rgpub.io/sanity/images/dsfx7636/game_data_live/6ff1b34ad231645910f670496e1662de0b545a44-1038x744.png?accountingTag=RB
ogn-290-298,OGN-290/298,290,The Arena's Greatest,OGN,Origins,uncommon,Uncommon,Battlefield,,Colorless,,,,,"At the start of each player's first Beginning Phase, that player gains 1 point.","Riftbound Battlefield: The Arena's Greatest. At the start of each player's first Beginning Phase, that player gains 1 point.",Envar Studio,landscape,https://cmsassets.rgpub.io/sanity/images/dsfx7636/game_data_live/2afd8bdfdd42b1595af0746a6c6b92879ac770d6-1038x744.png?accountingTag=RB
ogn-291-298,OGN-291/298,291,The Candlelit Sanctum,OGN,Origins,uncommon,Uncommon,Battlefield,,Colorless,,,,,"When you conquer here, look at the top two cards of your Main Deck. You may recycle one or both of them. Put those you don't back in any order.","Riftbound Battlefield: The Candlelit Sanctum. When you conquer here, look at the top two cards of your Main Deck. You may recycle one or both of them. Put those you don't back in any order.",Envar Studio,landscape,https://cmsassets.rgpub.io/sanity/images/dsfx7636/game_data_live/f14fe78f2b7f3909eadb07bce24bd582e190653d-1038x744.png?accountingTag=RB
ogn-292-298,OGN-292/298,292,The Dreaming Tree,OGN,Origins,uncommon,Uncommon,Battlefield,,Colorless,,,,,"When a player chooses a friendly unit here with a spell for the first time each turn, they draw 1.","Riftbound Battlefield: The Dreaming Tree. When a player chooses a friendly unit here with a spell for the first time each turn, they draw 1.",Envar Studio,landscape,https://cmsassets.rgpub.io/sanity/images/dsfx7636/game_data_live/f382c2c2442959f2a8905de2be7d202458918a04-1040x744.png?accountingTag=RB
ogn-293-298,OGN-293/298,293,The Grand Plaza,OGN,Origins,uncommon,Uncommon,Battlefield,,Colorless,,,,,"When you hold here, if you have 7+ units here, you win the game.","Riftbound Battlefield: The Grand Plaza. When you hold here, if you have 7+ units here, you win the game.",Six More Vodka,landscape,https://cmsassets.rgpub.io/sanity/images/dsfx7636/game_data_live/f9ca8d04cb269ad99bca7e6dae874cad1bec336a-1038x744.png?accountingTag=RB
ogn-294-298,OGN-294/298,294,Trifarian War Camp,OGN,Origins,uncommon,Uncommon,Battlefield,,Colorless,,,,,Units here have +1 :rb_might:. (This includes attackers.),Riftbound Battlefield: Trifarian War Camp. Units here have +1 [S]. (This includes attackers.),Kudos Productions,landscape,https://cmsassets.rgpub.io/sanity/images/dsfx7636/game_data_live/3788cf718e716e35a7fa20ec1dc56991644e6484-1038x744.png?accountingTag=RB
ogn-295-298,OGN-295/298,295,Vilemaw's Lair,OGN,Origins,uncommon,Uncommon,Battlefield,,Colorless,,,,,Units can't move from here to base.,Riftbound Battlefield: Vilemaw's Lair. Units can't move from here to base.,Kudos Productions,landscape,https://cmsassets.rgpub.io/sanity/images/dsfx7636/game_data_live/f374b90a0bec11a5f423e7d4ebd869ab1a146471-1038x744.png?accountingTag=RB
ogn-296-298,OGN-296/298,296,Void Gate,OGN,Origins,uncommon,Uncommon,Battlefield,,Colorless,,,,,Spells and abilities affecting units here each deal 1 Bonus Damage. (Each instance of damage the spell deals is increased by 1.),Riftbound Battlefield: Void Gate. Spells and abilities affecting units here each deal 1 Bonus Damage. (Each instance of damage the spell deals is increased by 1.),Envar Studio,landscape,https://cmsassets.rgpub.io/sanity/images/dsfx7636/game_data_live/14a52a367fd41fd84745e050e62d1f281f733467-1038x744.png?accountingTag=RB
ogn-297-298,OGN-297/298,297,Windswept Hillock,OGN,Origins,uncommon,Uncommon,Battlefield,,Colorless,,,,,Units here have [Ganking]. (They can move from battlefield to battlefield.),Riftbound Battlefield: Windswept Hillock. Units here have [Ganking]. (They can move from battlefield to battlefield.),Kudos Productions,landscape,https://cmsassets.rgpub.io/sanity/images/dsfx7636/game_data_live/aba557a4053fd76c6aa95b2b907ec682bad70d9f-1038x744.png?accountingTag=RB
ogn-298-298,OGN-298/298,298,Zaun Warrens,OGN,Origins,uncommon,Uncommon,Battlefield,,Colorless,,,,,"When you conquer here, discard 1, then draw 1.","Riftbound Battlefield: Zaun Warrens. When you conquer here, discard 1, then draw 1.",Envar Studio,landscape,https://cmsassets.rgpub.io/sanity/images/dsfx7636/game_data_live/458ee40086c77b43b98c2decbaf33a4aa2359bb9-1038x744.png?accountingTag=RB
ogn-299-298,OGN-299/298,299,Daughter of the Void,OGN,Origins,showcase,Showcase,Legend,,"Fury, Mind",,,,Kai'Sa,:rb_exhaust:: [Reaction] — [Add] :rb_rune_rainbow:. Use only to play spells. (Abilities that add resources can't be reacted to.),Riftbound Legend: Daughter of the Void. [T]: [Reaction] — [Add] [C]. Use only to play spells. (Abilities that add resources can't be reacted to.),Jason Chan,portrait,https://cmsassets.rgpub.io/sanity/images/dsfx7636/game_data_live/57e13462b8fea9a5cfa1b424d3ad3005f37b00ad-1488x2078.png?accountingTag=RB
ogn-299-star-298,OGN-299*/298,299,Daughter of the Void,OGN,Origins,showcase,Showcase,Legend,,"Fury, Mind",,,,Kai'Sa,:rb_exhaust:: [Reaction] — [Add] :rb_rune_rainbow:. Use only to play spells. (Abilities that add resources can't be reacted to.),Riftbound Legend: Daughter of the Void. [T]: [Reaction] — [Add] [C]. Use only to play spells. (Abilities that add resources can't be reacted to.),Jason Chan,portrait,https://cmsassets.rgpub.io/sanity/images/dsfx7636/game_data_live/ae8e68af43400f61f7391c0a6ee339fd718a7540-1488x2078.png?accountingTag=RB
ogn-300-star-298,OGN-300*/298,300,Relentless Storm,OGN,Origins,showcase,Showcase,Legend,,"Fury, Body",,,,Volibear,"When you play a [Mighty] unit, you may exhaust me to channel 1 rune exhausted. (A unit is Mighty while it has 5+ :rb_might:.)","Riftbound Legend: Relentless Storm. When you play a [Mighty] unit, you may exhaust me to channel 1 rune exhausted. (A unit is Mighty while it has 5+ [S].)",Alex Flores,portrait,https://cmsassets.rgpub.io/sanity/images/dsfx7636/game_data_live/d5a629ce373a6add09bfacc4b584e509c6332334-1488x2078.png?accountingTag=RB
ogn-300-298,OGN-300/298,300,Relentless Storm,OGN,Origins,showcase,Showcase,Legend,,"Fury, Body",,,,Volibear,"When you play a [Mighty] unit, you may exhaust me to channel 1 rune exhausted. (A unit is Mighty while it has 5+ :rb_might:.)","Riftbound Legend: Relentless Storm. When you play a [Mighty] unit, you may exhaust me to channel 1 rune exhausted. (A unit is Mighty while it has 5+ [S].)",Alex Flores,portrait,https://cmsassets.rgpub.io/sanity/images/dsfx7636/game_data_live/34aa11c88735be28266dbc61486a557454fd6b4c-1488x2078.png?accountingTag=RB
ogn-301-star-298,OGN-301*/298,301,Loose Cannon,OGN,Origins,showcase,Showcase,Legend,,"Fury, Chaos",,,,Jinx,"At start of your Beginning Phase, draw 1 if you have one or fewer cards in your hand.","Riftbound Legend: Loose Cannon. At start of your Beginning Phase, draw 1 if you have one or fewer cards in your hand.",Sean Yang,portrait,https://cmsassets.rgpub.io/sanity/images/dsfx7636/game_data_live/30bed82f66ce9e4eae260d029d92c9d8cb1588ab-1488x2078.png?accountingTag=RB
ogn-301-298,OGN-301/298,301,Loose Cannon,OGN,Origins,showcase,Showcase,Legend,,"Fury, Chaos",,,,Jinx,"At start of your Beginning Phase, draw 1 if you have one or fewer cards in your hand.","Riftbound Legend: Loose Cannon. At start of your Beginning Phase, draw 1 if you have one or fewer cards in your hand.",Sean Yang,portrait,https://cmsassets.rgpub.io/sanity/images/dsfx7636/game_data_live/8a7dbbed04133926e58843f1d586f51178ef2ebd-1488x2078.png?accountingTag=RB
ogn-302-star-298,OGN-302*/298,302,Hand of Noxus,OGN,Origins,showcase,Showcase,Legend,,"Fury, Order",,,,Darius,":rb_exhaust:: [Reaction], [Legion] — [Add] :rb_energy_1:. (Abilities that add resources can't be reacted to. Get the effect if you've played a card this turn.)","Riftbound Legend: Hand of Noxus. [T]: [Reaction], [Legion] — [Add] [1]. (Abilities that add resources can't be reacted to. Get the effect if you've played a card this turn.)",Peter Kim,portrait,https://cmsassets.rgpub.io/sanity/images/dsfx7636/game_data_live/31f3c975c6f5693f6567b0ebdb66bd4dd92d730b-744x1039.png?accountingTag=RB
ogn-302-298,OGN-302/298,302,Hand of Noxus,OGN,Origins,showcase,Showcase,Legend,,"Fury, Order",,,,Darius,":rb_exhaust:: [Reaction], [Legion] — [Add] :rb_energy_1:. (Abilities that add resources can't be reacted to. Get the effect if you've played a card this turn.)","Riftbound Legend: Hand of Noxus. [T]: [Reaction], [Legion] — [Add] [1]. (Abilities that add resources can't be reacted to. Get the effect if you've played a card this turn.)",Peter Kim,portrait,https://cmsassets.rgpub.io/sanity/images/dsfx7636/game_data_live/37d43efe09ccfe5d72ce37fdc27599bd5ef736af-1488x2078.png?accountingTag=RB
ogn-303-298,OGN-303/298,303,Nine-Tailed Fox,OGN,Origins,showcase,Showcase,Legend,,"Calm, Mind",,,,Ahri,"When an enemy unit attacks a battlefield you control, give it -1 :rb_might: this turn, to a minimum of 1 :rb_might:.","Riftbound Legend: Nine-Tailed Fox. When an enemy unit attacks a battlefield you control, give it -1 [S] this turn, to a minimum of 1 [S].",Airi Pan,portrait,https://cmsassets.rgpub.io/sanity/images/dsfx7636/game_data_live/dc89c6a2415debd5bf504ed46843f5dcc1d9b815-1488x2078.png?accountingTag=RB
ogn-303-star-298,OGN-303*/298,303,Nine-Tailed Fox,OGN,Origins,showcase,Showcase,Legend,,"Calm, Mind",,,,Ahri,"When an enemy unit attacks a battlefield you control, give it -1 :rb_might: this turn, to a minimum of 1 :rb_might:.","Riftbound Legend: Nine-Tailed Fox. When an enemy unit attacks a battlefield you control, give it -1 [S] this turn, to a minimum of 1 [S].",Airi Pan,portrait,https://cmsassets.rgpub.io/sanity/images/dsfx7636/game_data_live/e5fe571a8f09c0a9e76345ec32b446480f54617c-1488x2078.png?accountingTag=RB
ogn-304-star-298,OGN-304*/298,304,Blind Monk,OGN,Origins,showcase,Showcase,Legend,,"Calm, Body",,,,Lee Sin,":rb_energy_1:, :rb_exhaust:: Buff a friendly unit. (If it doesn't have a buff, it gets a +1 :rb_might: buff.)","Riftbound Legend: Blind Monk. [1], [T]: Buff a friendly unit. (If it doesn't have a buff, it gets a +1 [S] buff.)",Loiza Chen,portrait,https://cmsassets.rgpub.io/sanity/images/dsfx7636/game_data_live/b4dfd543b1cfcdefba4568fe78146e0d6e46add7-1488x2078.png?accountingTag=RB
ogn-304-298,OGN-304/298,304,Blind Monk,OGN,Origins,showcase,Showcase,Legend,,"Calm, Body",,,,Lee Sin,":rb_energy_1:, :rb_exhaust:: Buff a friendly unit. (If it doesn't have a buff, it gets a +1 :rb_might: buff.)","Riftbound Legend: Blind Monk. [1], [T]: Buff a friendly unit. (If it doesn't have a buff, it gets a +1 [S] buff.)",Loiza Chen,portrait,https://cmsassets.rgpub.io/sanity/images/dsfx7636/game_data_live/fb6316c39ad2a00d65f4b6cc823cbdd61cadda3b-1488x2078.png?accountingTag=RB
ogn-305-298,OGN-305/298,305,Unforgiven,OGN,Origins,showcase,Showcase,Legend,,"Calm, Chaos",,,,Yasuo,":rb_energy_2:, :rb_exhaust:: Move a friendly unit to or from its base.","Riftbound Legend: Unforgiven. [2], [T]: Move a friendly unit to or from its base.",Quy Ho,portrait,https://cmsassets.rgpub.io/sanity/images/dsfx7636/game_data_live/2c804ec513085702763a9145fac93a8adb6c4783-1488x2078.png?accountingTag=RB
ogn-305-star-298,OGN-305*/298,305,Unforgiven,OGN,Origins,showcase,Showcase,Legend,,"Calm, Chaos",,,,Yasuo,":rb_energy_2:, :rb_exhaust:: Move a friendly unit to or from its base.","Riftbound Legend: Unforgiven. [2], [T]: Move a friendly unit to or from its base.",Quy Ho,portrait,https://cmsassets.rgpub.io/sanity/images/dsfx7636/game_data_live/6a06599a299b15175984c1e38d27a3be21258fbe-1488x2078.png?accountingTag=RB
ogn-306-298,OGN-306/298,306,Radiant Dawn,OGN,Origins,showcase,Showcase,Legend,,"Calm, Order",,,,Leona,"When you stun one or more enemy units, buff a friendly unit. (If it doesn't have a buff, it gets a +1 :rb_might: buff.)","Riftbound Legend: Radiant Dawn. When you stun one or more enemy units, buff a friendly unit. (If it doesn't have a buff, it gets a +1 [S] buff.)",Su Ke,portrait,https://cmsassets.rgpub.io/sanity/images/dsfx7636/game_data_live/496d173b74d036a9e28ca1b4383551be0148f13d-1488x2078.png?accountingTag=RB
ogn-306-star-298,OGN-306*/298,306,Radiant Dawn,OGN,Origins,showcase,Showcase,Legend,,"Calm, Order",,,,Leona,"When you stun one or more enemy units, buff a friendly unit. (If it doesn't have a buff, it gets a +1 :rb_might: buff.)","Riftbound Legend: Radiant Dawn. When you stun one or more enemy units, buff a friendly unit. (If it doesn't have a buff, it gets a +1 [S] buff.)",Su Ke,portrait,https://cmsassets.rgpub.io/sanity/images/dsfx7636/game_data_live/bd526a0f9177aaa9ec575add7d02e72b46520070-744x1039.png?accountingTag=RB
ogn-307-298,OGN-307/298,307,Swift Scout,OGN,Origins,showcase,Showcase,Legend,,"Mind, Chaos",,,,Teemo,"You may pay :rb_energy_1: to hide a card with [Hidden] instead of :rb_rune_rainbow:.
:rb_energy_1:, :rb_exhaust:: Put a Teemo unit you own into your hand from your Champion Zone or the board.","Riftbound Legend: Swift Scout. You may pay [1] to hide a card with [Hidden] instead of [C].
[1], [T]: Put a Teemo unit you own into your hand from your Champion Zone or the board.",Jordan Yoon,portrait,https://cmsassets.rgpub.io/sanity/images/dsfx7636/game_data_live/e2fbf10efaddbabe9241bd2c7b4d059accd1d5a7-1488x2078.png?accountingTag=RB
ogn-307-star-298,OGN-307*/298,307,Swift Scout,OGN,Origins,showcase,Showcase,Legend,,"Mind, Chaos",,,,Teemo,"You may pay :rb_energy_1: to hide a card with [Hidden] instead of :rb_rune_rainbow:.
:rb_energy_1:, :rb_exhaust:: Put a Teemo unit you own into your hand from your Champion Zone or the board.","Riftbound Legend: Swift Scout. You may pay [1] to hide a card with [Hidden] instead of [C].
[1], [T]: Put a Teemo unit you own into your hand from your Champion Zone or the board.",Jordan Yoon,portrait,https://cmsassets.rgpub.io/sanity/images/dsfx7636/game_data_live/4fd9e82cbd96010e2556430970d433022b541a51-1488x2078.png?accountingTag=RB
ogn-308-star-298,OGN-308*/298,308,Herald of the Arcane,OGN,Origins,showcase,Showcase,Legend,,"Mind, Order",,,,Viktor,":rb_energy_1:, :rb_exhaust:: Play a 1 :rb_might: Recruit unit token.","Riftbound Legend: Herald of the Arcane. [1], [T]: Play a 1 [S] Recruit unit token.",Rudy Siswanto,portrait,https://cmsassets.rgpub.io/sanity/images/dsfx7636/game_data_live/e345a5fc347e6a5835f2afa33492058fdbfcb169-744x1039.png?accountingTag=RB
ogn-308-298,OGN-308/298,308,Herald of the Arcane,OGN,Origins,showcase,Showcase,Legend,,"Mind, Order",,,,Viktor,":rb_energy_1:, :rb_exhaust:: Play a 1 :rb_might: Recruit unit token.","Riftbound Legend: Herald of the Arcane. [1], [T]: Play a 1 [S] Recruit unit token.",Rudy Siswanto,portrait,https://cmsassets.rgpub.io/sanity/images/dsfx7636/game_data_live/a39902058db800a4318f3333dddb8a62a8751d7c-1488x2078.png?accountingTag=RB
ogn-309-star-298,OGN-309*/298,309,Bounty Hunter,OGN,Origins,showcase,Showcase,Legend,,"Body, Chaos",,,,Miss Fortune,:rb_exhaust:: Give a unit [Ganking] this turn. (It can move from battlefield to battlefield.),Riftbound Legend: Bounty Hunter. [T]: Give a unit [Ganking] this turn. (It can move from battlefield to battlefield.),Mindy Kang,portrait,https://cmsassets.rgpub.io/sanity/images/dsfx7636/game_data_live/37153cce7f58b2fceb28ea9ff91deb0411f849e2-1488x2078.png?accountingTag=RB
ogn-309-298,OGN-309/298,309,Bounty Hunter,OGN,Origins,showcase,Showcase,Legend,,"Body, Chaos",,,,Miss Fortune,:rb_exhaust:: Give a unit [Ganking] this turn. (It can move from battlefield to battlefield.),Riftbound Legend: Bounty Hunter. [T]: Give a unit [Ganking] this turn. (It can move from battlefield to battlefield.),Mindy Kang,portrait,https://cmsassets.rgpub.io/sanity/images/dsfx7636/game_data_live/f4b7f334f442d30ccea4743c641760c5533804b4-1488x2078.png?accountingTag=RB
ogn-310-star-298,OGN-310*/298,310,The Boss,OGN,Origins,showcase,Showcase,Legend,,"Body, Order",,,,Sett,"When a buffed unit you control would die, you may pay :rb_rune_rainbow: and exhaust me to spend its buff and recall it exhausted instead. (Send it to base. This isn't a move.)
When you conquer, ready me.","Riftbound Legend: The Boss. When a buffed unit you control would die, you may pay [C] and exhaust me to spend its buff and recall it exhausted instead. (Send it to base. This isn't a move.)
When you conquer, ready me.",Gem Lim,portrait,https://cmsassets.rgpub.io/sanity/images/dsfx7636/game_data_live/6e8efcd343dfd37d9d108243a86c2a5a6412f698-744x1039.png?accountingTag=RB
ogn-310-298,OGN-310/298,310,The Boss,OGN,Origins,showcase,Showcase,Legend,,"Body, Order",,,,Sett,"When a buffed unit you control would die, you may pay :rb_rune_rainbow: and exhaust me to spend its buff and recall it exhausted instead. (Send it to base. This isn't a move.)
When you conquer, ready me.","Riftbound Legend: The Boss. When a buffed unit you control would die, you may pay [C] and exhaust me to spend its buff and recall it exhausted instead. (Send it to base. This isn't a move.)
When you conquer, ready me.",Gem Lim,portrait,https://cmsassets.rgpub.io/sanity/images/dsfx7636/game_data_live/af042a5ee9ca9cca47b6f9736b33aaa599353516-1488x2078.png?accountingTag=RB
