id,publicCode,collectorNumber,name,set_id,set_label,rarity_id,rarity_label,cardType,superType,domain,energy,might,power,tags,ability_text,accessibilityText,illustrator,orientation,cardImage_url
sfd-001-221,SFD-001/221,1,Against the Odds,SFD,Spiritforged,common,Common,Spell,,Fury,2,,,,"[Reaction] (Play any time, even before spells and abilities resolve.)
Give a friendly unit at a battlefield +2 :rb_might: this turn for each enemy unit there.","Riftbound Spell: Against the Odds. [Reaction] (Play any time, even before spells and abilities resolve.)
Give a friendly unit at a battlefield +2 [S] this turn for each enemy unit there.",Kudos Productions,portrait,https://cmsassets.rgpub.io/sanity/images/dsfx7636/game_data_live/4c4ab0c838854ccd5d5399a045835876450287e8-744x1039.png?accountingTag=RB
sfd-002-221,SFD-002/221,2,Armed Assailant,SFD,Spiritforged,common,Common,Unit,,Fury,6,6,1,Noxus,"[Accelerate] (You may pay :rb_energy_1::rb_rune_fury: as an additional cost to have me enter ready.)
[Weaponmaster] (When you play me, you may [Equip] one of your Equipment to me for :rb_rune_rainbow: less, even if it's already attached.)","Riftbound Unit: Armed Assailant. [Accelerate] (You may pay [1][C] as an additional cost to have me enter ready.)
[Weaponmaster] (When you play me, you may [Equip] one of your Equipment to me for [A] less, even if it's already attached.)",Six More Vodka,portrait,https://cmsassets.rgpub.io/sanity/images/dsfx7636/game_data_live/1debdef1d45f7b2a452951db39674aeb01a8dc2b-744x1039.png?accountingTag=RB
sfd-003-221,SFD-003/221,3,Blood Rush,SFD,Spiritforged,common,Common,Spell,,Fury,1,,,,"[Action] (Play on your turn or in showdowns.)
[Repeat] :rb_energy_1: (You may pay the additional cost to repeat this spell's effect.)
Give a unit [Assault 2]. (+2 :rb_might: while it's an attacker.)","Riftbound Spell: Blood Rush. [Action] (Play on your turn or in showdowns.)
[Repeat] [1] (You may pay the additional cost to repeat this spell's effect.)
Give a unit [Assault 2]. (+2 [M] while it's an attacker.)",Rafael Zanchetin,portrait,https://cmsassets.rgpub.io/sanity/images/dsfx7636/game_data_live/931b77b9ab56c3abc85686be4d2452c450f9b3e0-744x1039.png?accountingTag=RB
sfd-t03,SFD-T03,3,Gold,SFD,Spiritforged,common,Common,Gear,Token,Colorless,,,,,"Kill this, :rb_exhaust:: [Reaction] — [Add] :rb_rune_rainbow:. (Abilities that add resources can't be reacted to.)","Riftbound Gear: Gold. Kill this, [T]: [Reaction] — [Add] [A]. (Abilities that add resources can't be reacted to.)",Kudos Productions,portrait,https://cmsassets.rgpub.io/sanity/images/dsfx7636/game_data_live/e878c39b562a4e870e93b819c6d85cdf3fdc5238-744x1039.png?accountingTag=RB
sfd-004-221,SFD-004/221,4,Bushwhack,SFD,Spiritforged,common,Common,Spell,,Fury,2,,1,,"[Hidden] (Hide now for :rb_rune_rainbow: to react with later for :rb_energy_0:.)
Friendly units enter ready this turn. Play a Gold gear token exhausted.","Riftbound Spell: Bushwhack. [Hidden] (Hide now for [A] to react with later for [0].)
Friendly units enter ready this turn. Play a Gold gear token exhausted.",Kudos Productions,portrait,https://cmsassets.rgpub.io/sanity/images/dsfx7636/game_data_live/f728959ad6d4ee6c507310000c3c9e02c0772a16-744x1039.png?accountingTag=RB
sfd-005-221,SFD-005/221,5,Detonate,SFD,Spiritforged,common,Common,Spell,,Fury,1,,1,,Kill a gear. Its controller draws 2.,Riftbound Spell: Detonate. Kill a gear. Its controller draws 2.,Kudos Productions,portrait,https://cmsassets.rgpub.io/sanity/images/dsfx7636/game_data_live/e837fbd6aeeb1293386dcfa284aae5a4baca10ef-744x1039.png?accountingTag=RB
sfd-006-221,SFD-006/221,6,Eager Drakehound,SFD,Spiritforged,common,Common,Unit,,Fury,3,3,1,"Dog, Dragon, Noxus",I enter ready.,Riftbound Unit: Eager Drakehound. I enter ready.,Michal Ivan,portrait,https://cmsassets.rgpub.io/sanity/images/dsfx7636/game_data_live/ac0fac5af309842ba91b4b8d80e1abd47622e14a-744x1039.png?accountingTag=RB
sfd-007-221,SFD-007/221,7,Gem Jammer,SFD,Spiritforged,common,Common,Unit,,Fury,2,2,,"Mech, Bandle City","When you play me, give a unit [Ganking] this turn. (It can move from battlefield to battlefield.)","Riftbound Unit: Gem Jammer. When you play me, give a unit [Ganking] this turn. (It can move from battlefield to battlefield.)",Caravan Studio,portrait,https://cmsassets.rgpub.io/sanity/images/dsfx7636/game_data_live/9f487e8a76e6e6b9f2e32de0c9c147be42f49e59-744x1039.png?accountingTag=RB
sfd-008-221,SFD-008/221,8,Sentinel Adept,SFD,Spiritforged,common,Common,Unit,,Fury,3,3,,"Shadow Isles, Sentinel","[Weaponmaster] (When you play me, you may [Equip] one of your Equipment to me for :rb_rune_rainbow: less, even if it's already attached.)","Riftbound Unit: Sentinel Adept. [Weaponmaster] (When you play me, you may [Equip] one of your Equipment to me for [A] less, even if it's already attached.)",Wild Blue Studios,portrait,https://cmsassets.rgpub.io/sanity/images/dsfx7636/game_data_live/94e213b77131d9a67e51743a35fc5dff80fd79ec-744x1039.png?accountingTag=RB
sfd-009-221,SFD-009/221,9,Serrated Dirk,SFD,Spiritforged,common,Common,Gear,,Fury,1,,,Equipment,[Equip] :rb_rune_fury: (:rb_rune_fury:: Attach this to a unit you control.),Riftbound Gear: Serrated Dirk. [Equip] [C] ([C]: Attach this to a unit you control.),黯荧岛Dark Glow,portrait,https://cmsassets.rgpub.io/sanity/images/dsfx7636/game_data_live/9498c8146745124fc45a7b55184854a9c9da21f5-744x1039.png?accountingTag=RB
sfd-010-221,SFD-010/221,10,Void Drone,SFD,Spiritforged,common,Common,Unit,,Fury,3,3,,The Void,I cost :rb_energy_2: less to play from anywhere other than your hand.,Riftbound Unit: Void Drone. I cost [2] less to play from anywhere other than your hand.,Wild Blue Studios,portrait,https://cmsassets.rgpub.io/sanity/images/dsfx7636/game_data_live/589dde45bc610eb83bc808803e4becf8a6d2da84-744x1039.png?accountingTag=RB
sfd-011-221,SFD-011/221,11,Angle Shot,SFD,Spiritforged,uncommon,Uncommon,Spell,,Fury,2,,,,"[Reaction] (Play any time, even before spells and abilities resolve.)
Choose a unit and an Equipment with the same controller. Attach that Equipment to that unit or detach that Equipment from that unit. Draw 1.","Riftbound Spell: Angle Shot. [Reaction] (Play any time, even before spells and abilities resolve.)
Choose a unit and an Equipment with the same controller. Attach that Equipment to that unit or detach that Equipment from that unit. Draw 1.",Kudos Productions,portrait,https://cmsassets.rgpub.io/sanity/images/dsfx7636/game_data_live/757d507b684e55e333bac0ecdf2ec9ff3ad6045c-744x1039.png?accountingTag=RB
sfd-012-221,SFD-012/221,12,Battering Ram,SFD,Spiritforged,uncommon,Uncommon,Unit,,Fury,5,5,,"Trifarian, Noxus","I cost :rb_energy_1: less for each card you've played this turn, to a minimum of :rb_energy_1:.","Riftbound Unit: Battering Ram. I cost [1] less for each card you've played this turn, to a minimum of [1].",Six More Vodka,portrait,https://cmsassets.rgpub.io/sanity/images/dsfx7636/game_data_live/5661f07778201b236b014a6078003cde9af57cdd-744x1039.png?accountingTag=RB
sfd-013-221,SFD-013/221,13,Blast Corps Cadet,SFD,Spiritforged,uncommon,Uncommon,Unit,,Fury,2,2,,Piltover,"You may pay :rb_energy_1::rb_rune_fury: as an additional cost to play me.
When you play me, if you paid the additional cost, deal 2 to a unit at a battlefield.","Riftbound Unit: Blast Corps Cadet. You may pay [1][C] as an additional cost to play me.
When you play me, if you paid the additional cost, deal 2 to a unit at a battlefield.",Six More Vodka,portrait,https://cmsassets.rgpub.io/sanity/images/dsfx7636/game_data_live/9efe5a8322a90822650ff18578cd5e1a8561fac5-744x1039.png?accountingTag=RB
sfd-014-221,SFD-014/221,14,Minotaur Reckoner,SFD,Spiritforged,uncommon,Uncommon,Unit,,Fury,5,5,,Noxus,Units can't move to base.,Riftbound Unit: Minotaur Reckoner. Units can't move to base.,Six More Vodka,portrait,https://cmsassets.rgpub.io/sanity/images/dsfx7636/game_data_live/77bb46cd667e59f26310797ac99686f3a4d19af5-744x1039.png?accountingTag=RB
sfd-015-221,SFD-015/221,15,Perched Grimwyrm,SFD,Spiritforged,uncommon,Uncommon,Unit,,Fury,4,5,,"Dragon, Shadow Isles",Play me only to a battlefield you conquered this turn. (You can't play me anywhere else.),Riftbound Unit: Perched Grimwyrm. Play me only to a battlefield you conquered this turn. (You can't play me anywhere else.),Kudos Productions & 黯荧岛Dark Glow,portrait,https://cmsassets.rgpub.io/sanity/images/dsfx7636/game_data_live/71af1587378c1c3feabd1b148fb776e42c7d27e8-744x1039.png?accountingTag=RB
sfd-016-221,SFD-016/221,16,Recurve Bow,SFD,Spiritforged,uncommon,Uncommon,Gear,,Fury,2,,,Equipment,[Equip] :rb_rune_fury: (:rb_rune_fury:: Attach this to a unit you control.),Riftbound Gear: Recurve Bow. [Equip] [C] ([C]: Attach this to a unit you control.),黯荧岛Dark Glow,portrait,https://cmsassets.rgpub.io/sanity/images/dsfx7636/game_data_live/763604237b4b59df5df98f61528be2233b850dd5-744x1039.png?accountingTag=RB
sfd-017-221,SFD-017/221,17,Sudden Storm,SFD,Spiritforged,uncommon,Uncommon,Spell,,Fury,3,,,,"[Hidden] (Hide now for :rb_rune_rainbow: to react with later for :rb_energy_0:.)
[Action] (Play on your turn or in showdowns.)
Deal 2 to a unit at a battlefield. If it's attacking, deal 4 to it instead.","Riftbound Spell: Sudden Storm. [Hidden] (Hide now for [A] to react with later for [0].)
[Action] (Play on your turn or in showdowns.)
Deal 2 to a unit at a battlefield. If it's attacking, deal 4 to it instead.",Kudos Productions,portrait,https://cmsassets.rgpub.io/sanity/images/dsfx7636/game_data_live/ba3e8c3e95137a289dbdec88e96e5c5a9a45f2c7-744x1039.png?accountingTag=RB
sfd-018-221,SFD-018/221,18,Void Hatchling,SFD,Spiritforged,uncommon,Uncommon,Unit,,Fury,2,2,,The Void,"If you would reveal cards from a deck, look at the top card first. You may recycle it. Then reveal those cards.","Riftbound Unit: Void Hatchling. If you would reveal cards from a deck, look at the top card first. You may recycle it. Then reveal those cards.",Kudos Productions,portrait,https://cmsassets.rgpub.io/sanity/images/dsfx7636/game_data_live/a909782d0a30f31f9414c99ba143fa570a3cb456-744x1039.png?accountingTag=RB
sfd-019-221,SFD-019/221,19,Assembly Rig,SFD,Spiritforged,rare,Rare,Gear,,Fury,4,,,,":rb_energy_1::rb_rune_fury:, Recycle a unit from your trash, :rb_exhaust:: Play a 3 :rb_might: Mech unit token to your base.","Riftbound Gear: Assembly Rig. [1][C], Recycle a unit from your trash, [T]: Play a 3 [S] Mech unit token to your base.",Six More Vodka,portrait,https://cmsassets.rgpub.io/sanity/images/dsfx7636/game_data_live/40ae6f61f1a0b5d65d91e3bb3fd2a0dad9148208-744x1039.png?accountingTag=RB
sfd-020-221,SFD-020/221,20,"Draven, Vanquisher",SFD,Spiritforged,rare,Rare,Unit,Champion,Fury,4,4,,"Draven, Noxus","When I win a combat, play a Gold gear token exhausted.
When I attack or defend, you may pay :rb_rune_fury:. If you do, give me +2 :rb_might: this turn.","Riftbound Unit: Draven, Vanquisher. When I win a combat, play a Gold gear token exhausted.
When I attack or defend, you may pay [C]. If you do, give me +2 [S] this turn.",League Splash Team,portrait,https://cmsassets.rgpub.io/sanity/images/dsfx7636/game_data_live/8e49e0b83df68f37a15bf704b83475144fd9ef92-744x1039.png?accountingTag=RB
sfd-020a-221,SFD-020a/221,20,"Draven, Vanquisher",SFD,Spiritforged,showcase,Showcase,Unit,Champion,Fury,4,4,,"Draven, Noxus","When I win a combat, play a Gold gear token exhausted.
When I attack or defend, you may pay :rb_rune_fury:. If you do, give me +2 :rb_might: this turn.","Riftbound Unit: Draven, Vanquisher. When I win a combat, play a Gold gear token exhausted.
When I attack or defend, you may pay [C]. If you do, give me +2 [S] this turn.",League Splash Team,portrait,https://cmsassets.rgpub.io/sanity/images/dsfx7636/game_data_live/9019c449004f246de6607bf1829f4f3cabcda200-744x1039.png?accountingTag=RB
sfd-021-221,SFD-021/221,21,Ferrous Forerunner,SFD,Spiritforged,rare,Rare,Unit,,Fury,6,6,1,"Mech, Yordle, Bandle City","[Deathknell] — Play two 3 :rb_might: Mech unit tokens to your base. (When I die, get the effect.)","Riftbound Unit: Ferrous Forerunner. [Deathknell] — Play two 3 [S] Mech unit tokens to your base. (When I die, get the effect.)",Envar Studio,portrait,https://cmsassets.rgpub.io/sanity/images/dsfx7636/game_data_live/b2873a352c0158a677255894cec458d1c17709f7-744x1039.png?accountingTag=RB
sfd-022-221,SFD-022/221,22,Long Sword,SFD,Spiritforged,rare,Rare,Gear,,Fury,2,,1,Equipment,"[Quick-Draw] (This has [Reaction]. When you play it, attach it to a unit you control.)
[Equip] :rb_rune_fury: (:rb_rune_fury:: Attach this to a unit you control.)","Riftbound Gear: Long Sword. [Quick-Draw] (This has [Reaction]. When you play it, attach it to a unit you control.)
[Equip] [C] ([C]: Attach this to a unit you control.)",黯荧岛Dark Glow,portrait,https://cmsassets.rgpub.io/sanity/images/dsfx7636/game_data_live/48d798bf93afd1ef139dcafc6cd8705742b93169-744x1039.png?accountingTag=RB
sfd-023-221,SFD-023/221,23,Piercing Light,SFD,Spiritforged,rare,Rare,Spell,,Fury,2,,1,,"[Repeat] :rb_energy_2::rb_rune_fury: (You may pay the additional cost to repeat this spell's effect.)
Deal 2 to a unit at a battlefield, then deal 2 to up to one other unit.","Riftbound Spell: Piercing Light. [Repeat] [2][C] (You may pay the additional cost to repeat this spell's effect.)
Deal 2 to a unit at a battlefield, then deal 2 to up to one other unit.",Kudos Productions,portrait,https://cmsassets.rgpub.io/sanity/images/dsfx7636/game_data_live/7fb3283b11fb8e5b5b08f9ead9b98c695b75bff0-744x1039.png?accountingTag=RB
sfd-024-221,SFD-024/221,24,"Rell, Magnetic",SFD,Spiritforged,rare,Rare,Unit,Champion,Fury,4,4,,"Rell, Noxus","[Tank] (I must be assigned combat damage first.)
When I attack, you may play an Equipment with Energy cost no more than :rb_energy_2:, ignoring its cost, and attach it to me.","Riftbound Unit: Rell, Magnetic. [Tank] (I must be assigned combat damage first.)
When I attack, you may play an Equipment with Energy cost no more than [2], ignoring its cost, and attach it to me.",League Splash Team,portrait,https://cmsassets.rgpub.io/sanity/images/dsfx7636/game_data_live/8aa1a9cf0a91a9ab601d5e5d42a438d4217eddd7-744x1039.png?accountingTag=RB
sfd-025-221,SFD-025/221,25,"Rengar, Pouncing",SFD,Spiritforged,rare,Rare,Unit,Champion,Fury,3,3,1,"Cat, Rengar, Ixtal","[Reaction] (Play any time, even before spells and abilities resolve, including to a battlefield you control.)
[Assault 2] (+2 :rb_might: while I'm an attacker.)
I can be played to a battlefield you're attacking.","Riftbound Unit: Rengar, Pouncing. [Reaction] (Play any time, even before spells and abilities resolve, including to a battlefield you control.)
[Assault 2] (+2 [S] while I'm an attacker.)
I can be played to a battlefield you're attacking.",League Splash Team,portrait,https://cmsassets.rgpub.io/sanity/images/dsfx7636/game_data_live/e24eb3fb835c4762479da5608b018785ef22e02c-744x1039.png?accountingTag=RB
sfd-026a-221,SFD-026a/221,26,"Rumble, Hotheaded",SFD,Spiritforged,showcase,Showcase,Unit,Champion,Fury,4,4,,"Mech, Yordle, Rumble, Bandle City","Your Mechs each have [Assault]. (+1 :rb_might: while we're attackers.)
When I conquer, you may recycle another friendly unit to play a Mech from your trash. Reduce its Energy cost by the Might of the unit you recycled.","Riftbound Unit: Rumble, Hotheaded. Your Mechs each have [Assault]. (+1 [S] while we're attackers.)
When I conquer, you may recycle another friendly unit to play a Mech from your trash. Reduce its Energy cost by the Might of the unit you recycled.",League Splash Team,portrait,https://cmsassets.rgpub.io/sanity/images/dsfx7636/game_data_live/dfeef09dacae683e39013902d77b3398fdcd5db8-744x1039.png?accountingTag=RB
sfd-026-221,SFD-026/221,26,"Rumble, Hotheaded",SFD,Spiritforged,rare,Rare,Unit,Champion,Fury,4,4,,"Mech, Yordle, Rumble, Bandle City","Your Mechs each have [Assault]. (+1 :rb_might: while we're attackers.)
When I conquer, you may recycle another friendly unit to play a Mech from your trash. Reduce its Energy cost by the Might of the unit you recycled.","Riftbound Unit: Rumble, Hotheaded. Your Mechs each have [Assault]. (+1 [S] while we're attackers.)
When I conquer, you may recycle another friendly unit to play a Mech from your trash. Reduce its Energy cost by the Might of the unit you recycled.",Six More Vodka,portrait,https://cmsassets.rgpub.io/sanity/images/dsfx7636/game_data_live/e211311ecb1475e87d3d94eba4a6774b4e900091-744x1039.png?accountingTag=RB
sfd-027-221,SFD-027/221,27,Dunebreaker,SFD,Spiritforged,epic,Epic,Unit,,Fury,7,7,1,The Void,"If you have two or fewer cards in your hand, I enter ready.
When I hold, draw 2.","Riftbound Unit: Dunebreaker. If you have two or fewer cards in your hand, I enter ready.
When I hold, draw 2.",Wild Blue Studios,portrait,https://cmsassets.rgpub.io/sanity/images/dsfx7636/game_data_live/fa17369233dfc68e011d16b7b98971a6f8743c3e-744x1039.png?accountingTag=RB
sfd-028a-221,SFD-028a/221,28,"Lucian, Gunslinger",SFD,Spiritforged,showcase,Showcase,Unit,Champion,Fury,3,2,,"Lucian, Demacia, Sentinel","[Assault] (+1 :rb_might: while I'm an attacker.)
When I attack, deal damage equal to my [Assault] to an enemy unit here.","Riftbound Unit: Lucian, Gunslinger. [Assault] (+1 [S] while I'm an attacker.)
When I attack, deal damage equal to my [Assault] to an enemy unit here.",Kudos Productions,portrait,https://cmsassets.rgpub.io/sanity/images/dsfx7636/game_data_live/3982de5a4aee53471ca589179f5cf8617169fb52-744x1039.png?accountingTag=RB
sfd-028-221,SFD-028/221,28,"Lucian, Gunslinger",SFD,Spiritforged,epic,Epic,Unit,Champion,Fury,3,2,,"Lucian, Demacia, Sentinel","[Assault] (+1 :rb_might: while I'm an attacker.)
When I attack, deal damage equal to my [Assault] to an enemy unit here.","Riftbound Unit: Lucian, Gunslinger. [Assault] (+1 [S] while I'm an attacker.)
When I attack, deal damage equal to my [Assault] to an enemy unit here.",Six More Vodka,portrait,https://cmsassets.rgpub.io/sanity/images/dsfx7636/game_data_live/2dfb106d7c85235436d25261195a638e2ab15092-744x1039.png?accountingTag=RB
sfd-029-221,SFD-029/221,29,"Rek'Sai, Breacher",SFD,Spiritforged,epic,Epic,Unit,Champion,Fury,3,3,,"Rek'Sai, The Void","[Accelerate] (You may pay :rb_energy_1::rb_rune_fury: as an additional cost to have me enter ready.)
[Assault] (+1 :rb_might: while I'm an attacker.)
Friendly units played from anywhere other than a player's hand have [Accelerate].","Riftbound Unit: Rek'Sai, Breacher. [Accelerate] (You may pay [1][C] as an additional cost to have me enter ready.)
[Assault] (+1 [S] while I'm an attacker.)
Friendly units played from anywhere other than a player's hand have [Accelerate].",Six More Vodka,portrait,https://cmsassets.rgpub.io/sanity/images/dsfx7636/game_data_live/999e2d25ea32da971e7b99b6e75558286c17949e-744x1039.png?accountingTag=RB
sfd-029a-221,SFD-029a/221,29,"Rek'Sai, Breacher",SFD,Spiritforged,showcase,Showcase,Unit,Champion,Fury,3,3,,"Rek'Sai, The Void","[Accelerate] (You may pay :rb_energy_1::rb_rune_fury: as an additional cost to have me enter ready.)
[Assault] (+1 :rb_might: while I'm an attacker.)
Friendly units played from anywhere other than a player's hand have [Accelerate].","Riftbound Unit: Rek'Sai, Breacher. [Accelerate] (You may pay [1][C] as an additional cost to have me enter ready.)
[Assault] (+1 [S] while I'm an attacker.)
Friendly units played from anywhere other than a player's hand have [Accelerate].",League Splash Team,portrait,https://cmsassets.rgpub.io/sanity/images/dsfx7636/game_data_live/8ef898e761ab44c43cb1cba11109a02d9cb5ce10-744x1039.png?accountingTag=RB
sfd-030-221,SFD-030/221,30,Skyfall of Areion,SFD,Spiritforged,epic,Epic,Gear,,Fury,3,,,Equipment,[Equip] :rb_energy_1::rb_rune_fury: (:rb_energy_1::rb_rune_fury:: Attach this to a unit you control.),Riftbound Gear: Skyfall of Areion. [Equip] [1][C] ([1][C]: Attach this to a unit you control.),黯荧岛Dark Glow,portrait,https://cmsassets.rgpub.io/sanity/images/dsfx7636/game_data_live/bea8390beb651502413cf644319c8ca6a8db1102-744x1039.png?accountingTag=RB
sfd-031-221,SFD-031/221,31,Desert's Call,SFD,Spiritforged,common,Common,Spell,,Calm,2,,,,"[Repeat] :rb_energy_2: (You may pay the additional cost to repeat this spell's effect.)
Play a 2 :rb_might: Sand Soldier unit token.","Riftbound Spell: Desert's Call. [Repeat] [2] (You may pay the additional cost to repeat this spell's effect.)
Play a 2 [S] Sand Soldier unit token.",Kudos Productions,portrait,https://cmsassets.rgpub.io/sanity/images/dsfx7636/game_data_live/b38ab6c02238b5a8e456cdad9b5108bb30e718bc-744x1039.png?accountingTag=RB
sfd-032-221,SFD-032/221,32,Disarming Rake,SFD,Spiritforged,common,Common,Unit,,Calm,3,2,1,Demacia,"When you play me, you may kill a gear.","Riftbound Unit: Disarming Rake. When you play me, you may kill a gear.",Six More Vodka,portrait,https://cmsassets.rgpub.io/sanity/images/dsfx7636/game_data_live/523732db17d8cf3c7c55f57c5dfb397b73e2b116-744x1039.png?accountingTag=RB
sfd-033-221,SFD-033/221,33,Doran's Shield,SFD,Spiritforged,common,Common,Gear,,Calm,1,,,Equipment,[Equip] :rb_rune_calm: (:rb_rune_calm:: Attach this to a unit you control.),Riftbound Gear: Doran's Shield. [Equip] [C] ([C]: Attach this to a unit you control.),黯荧岛Dark Glow,portrait,https://cmsassets.rgpub.io/sanity/images/dsfx7636/game_data_live/49a24d4c6d770ed233c4a69bf8d87385bfc997d8-744x1039.png?accountingTag=RB
sfd-034-221,SFD-034/221,34,Feral Strength,SFD,Spiritforged,common,Common,Spell,,Calm,2,,,,"[Reaction] (Play any time, even before spells and abilities resolve.)
[Repeat] :rb_energy_2: (You may pay the additional cost to repeat this spell's effect.)
Give a unit +2 :rb_might: this turn.","Riftbound Spell: Feral Strength. [Reaction] (Play any time, even before spells and abilities resolve.)
[Repeat] [2] (You may pay the additional cost to repeat this spell's effect.)
Give a unit +2 [S] this turn.",Kudos Productions,portrait,https://cmsassets.rgpub.io/sanity/images/dsfx7636/game_data_live/f07842b38914f6bc73235fe07788a3fce89b4785-744x1039.png?accountingTag=RB
sfd-035-221,SFD-035/221,35,Guardian of the Passage,SFD,Spiritforged,common,Common,Unit,,Calm,6,6,,"Spirit, Shadow Isles","When I hold, you may return a unit or gear from your trash to your hand.","Riftbound Unit: Guardian of the Passage. When I hold, you may return a unit or gear from your trash to your hand.",JiHun Lee,portrait,https://cmsassets.rgpub.io/sanity/images/dsfx7636/game_data_live/f6b932aa510c92d014422d31e27b1505e54abe20-744x1039.png?accountingTag=RB
sfd-036-221,SFD-036/221,36,Lonely Poro,SFD,Spiritforged,common,Common,Unit,,Calm,2,2,,"Poro, Freljord","[Deathknell] — If I died alone, draw 1. (When I die, get the effect. I'm alone if there are no other friendly units here.)","Riftbound Unit: Lonely Poro. [Deathknell] — If I died alone, draw 1. (When I die, get the effect. I'm alone if there are no other friendly units here.)",Six More Vodka,portrait,https://cmsassets.rgpub.io/sanity/images/dsfx7636/game_data_live/f5ab933035b7a6d6bb1d35c10c13f58c7fbf3398-744x1039.png?accountingTag=RB
sfd-037-221,SFD-037/221,37,Navori Scout,SFD,Spiritforged,common,Common,Unit,,Calm,4,4,,"Yordle, Ionia",[Deflect] (Opponents must pay :rb_rune_rainbow: to choose me with a spell or ability.),Riftbound Unit: Navori Scout. [Deflect] (Opponents must pay [A] to choose me with a spell or ability.),Six More Vodka,portrait,https://cmsassets.rgpub.io/sanity/images/dsfx7636/game_data_live/038625518f5b46f5217d300d9dc9fbf507c4ae09-744x1039.png?accountingTag=RB
sfd-038-221,SFD-038/221,38,Ribbon Dancer,SFD,Spiritforged,common,Common,Unit,,Calm,3,3,,Ionia,"When I move to a battlefield, give another friendly unit +1 :rb_might: this turn.","Riftbound Unit: Ribbon Dancer. When I move to a battlefield, give another friendly unit +1 [S] this turn.",Six More Vodka,portrait,https://cmsassets.rgpub.io/sanity/images/dsfx7636/game_data_live/92550ab70647046115133c7547423bcf308906f6-744x1039.png?accountingTag=RB
sfd-039-221,SFD-039/221,39,Royal Entourage,SFD,Spiritforged,common,Common,Unit,,Calm,3,4,1,Shurima,"When you play me, ready or exhaust a legend.","Riftbound Unit: Royal Entourage. When you play me, ready or exhaust a legend.",Kudos Productions,portrait,https://cmsassets.rgpub.io/sanity/images/dsfx7636/game_data_live/a6f3ce580860fe80fdf1b41533ba89b5060e946a-744x1039.png?accountingTag=RB
sfd-040-221,SFD-040/221,40,Thwonk!,SFD,Spiritforged,common,Common,Spell,,Calm,2,,,,"[Action] (Play on your turn or in showdowns.)
[Repeat] :rb_energy_2: (You may pay the additional cost to repeat this spell's effect.)
Stun an attacking unit. (It doesn't deal combat damage this turn.)","Riftbound Spell: Thwonk!. [Action] (Play on your turn or in showdowns.)
[Repeat] [2] (You may pay the additional cost to repeat this spell's effect.)
Stun an attacking unit. (It doesn't deal combat damage this turn.)",Kudos Productions,portrait,https://cmsassets.rgpub.io/sanity/images/dsfx7636/game_data_live/c414fdba5e47db294b8364a07f1258bc3e204c51-744x1039.png?accountingTag=RB
sfd-041-221,SFD-041/221,41,Apprentice Smith,SFD,Spiritforged,uncommon,Uncommon,Unit,,Calm,2,2,,Freljord,"When I move, reveal the top card of your Main Deck. If it's a gear, draw it. Otherwise, recycle it.","Riftbound Unit: Apprentice Smith. When I move, reveal the top card of your Main Deck. If it's a gear, draw it. Otherwise, recycle it.",Kudos Productions,portrait,https://cmsassets.rgpub.io/sanity/images/dsfx7636/game_data_live/3998c6171ddc7a021560d9d9600c8eced9a8d628-744x1039.png?accountingTag=RB
sfd-042-221,SFD-042/221,42,Brutalizer,SFD,Spiritforged,uncommon,Uncommon,Gear,,Calm,2,,,Equipment,[Equip] :rb_rune_calm: (:rb_rune_calm:: Attach this to a unit you control.),Riftbound Gear: Brutalizer. [Equip] [C] ([C]: Attach this to a unit you control.),黯荧岛Dark Glow,portrait,https://cmsassets.rgpub.io/sanity/images/dsfx7636/game_data_live/3a0de7eec3de501f79f33c09b43c7fe42721d10d-744x1039.png?accountingTag=RB
sfd-043-221,SFD-043/221,43,Emperor's Divide,SFD,Spiritforged,uncommon,Uncommon,Spell,,Calm,2,,,,"[Hidden] (Hide now for :rb_rune_rainbow: to react with later for :rb_energy_0:.)
[Action] (Play on your turn or in showdowns.)
Move any number of friendly units at a battlefield to their base.","Riftbound Spell: Emperor's Divide. [Hidden] (Hide now for [A] to react with later for [0].)
[Action] (Play on your turn or in showdowns.)
Move any number of friendly units at a battlefield to their base.",Kudos Productions,portrait,https://cmsassets.rgpub.io/sanity/images/dsfx7636/game_data_live/80f367f06549d597c7b5a77be73eb647eab34f59-744x1039.png?accountingTag=RB
sfd-044-221,SFD-044/221,44,Legion Quartermaster,SFD,Spiritforged,uncommon,Uncommon,Unit,,Calm,3,4,,"Trifarian, Noxus","As an additional cost to play me, return a friendly gear to its owner's hand.","Riftbound Unit: Legion Quartermaster. As an additional cost to play me, return a friendly gear to its owner's hand.",Kudos Productions,portrait,https://cmsassets.rgpub.io/sanity/images/dsfx7636/game_data_live/c09cc35ffc98b46f919c09e09a93b603d63eb73e-744x1039.png?accountingTag=RB
sfd-045-221,SFD-045/221,45,Not So Fast,SFD,Spiritforged,uncommon,Uncommon,Spell,,Calm,2,,1,,"[Reaction] (Play any time, even before spells and abilities resolve.)
Counter an enemy spell or ability that chooses a friendly unit or gear.","Riftbound Spell: Not So Fast. [Reaction] (Play any time, even before spells and abilities resolve.)
Counter an enemy spell or ability that chooses a friendly unit or gear.",Kudos Productions,portrait,https://cmsassets.rgpub.io/sanity/images/dsfx7636/game_data_live/e576fefdce72ad862a7e374bf8c0fd509f359da9-744x1039.png?accountingTag=RB
sfd-046-221,SFD-046/221,46,Poro Snax,SFD,Spiritforged,uncommon,Uncommon,Gear,,Calm,1,,1,,"When you play this, draw 1.
:rb_energy_1::rb_rune_calm:, :rb_exhaust:, Kill this: Draw 1.","Riftbound Gear: Poro Snax. When you play this, draw 1.
[1][C], [T], Kill this: Draw 1.",Six More Vodka,portrait,https://cmsassets.rgpub.io/sanity/images/dsfx7636/game_data_live/8caaa64513b5ba57d676c7b2b9ee64af61711539-744x1039.png?accountingTag=RB
sfd-047-221,SFD-047/221,47,Simian Ancestor,SFD,Spiritforged,uncommon,Uncommon,Unit,,Calm,5,5,1,Ionia,"When you buff me, ready me.","Riftbound Unit: Simian Ancestor. When you buff me, ready me.",Kudos Productions,portrait,https://cmsassets.rgpub.io/sanity/images/dsfx7636/game_data_live/901a77a01e869f1f38f7a0b1ba5ae28f06b54a08-744x1039.png?accountingTag=RB
sfd-048-221,SFD-048/221,48,Stellacorn Herder,SFD,Spiritforged,uncommon,Uncommon,Unit,,Calm,4,3,,Mount Targon,"When I move, draw 1.","Riftbound Unit: Stellacorn Herder. When I move, draw 1.",Six More Vodka,portrait,https://cmsassets.rgpub.io/sanity/images/dsfx7636/game_data_live/1e7960a35d45dd55e934260ea23307853aa5afd4-744x1039.png?accountingTag=RB
sfd-049-221,SFD-049/221,49,"Aphelios, Exalted",SFD,Spiritforged,rare,Rare,Unit,Champion,Calm,4,4,1,"Aphelios, Mount Targon","When you attach an Equipment to me, choose one that hasn't been chosen this turn —Ready 2 runes.Channel 1 rune exhausted.Buff a friendly unit.","Riftbound Unit: Aphelios, Exalted. When you attach an Equipment to me, choose one that hasn't been chosen this turn —
- Ready 2 runes.
- Channel 1 rune exhausted.
- Buff a friendly unit.",Six More Vodka,portrait,https://cmsassets.rgpub.io/sanity/images/dsfx7636/game_data_live/df9ccbba2501059e5781a44434745a1f0e33ecae-744x1039.png?accountingTag=RB
sfd-050a-221,SFD-050a/221,50,"Azir, Ascendant",SFD,Spiritforged,showcase,Showcase,Unit,Champion,Calm,6,6,1,"Bird, Azir, Shurima",":rb_rune_calm:: [Action] — Choose a unit you control. Move me to its location and it to my original location. If it's equipped, you may attach one of its Equipment to me. Use only once per turn.","Riftbound Unit: Azir, Ascendant. [C]: [Action] — Choose a unit you control. Move me to its location and it to my original location. If it's equipped, you may attach one of its Equipment to me. Use only once per turn.",League Splash Team,portrait,https://cmsassets.rgpub.io/sanity/images/dsfx7636/game_data_live/3a0859ca50e71c69b22e4dab93e840b6d30e3d50-744x1039.png?accountingTag=RB
sfd-050-221,SFD-050/221,50,"Azir, Ascendant",SFD,Spiritforged,rare,Rare,Unit,Champion,Calm,6,6,1,"Bird, Azir, Shurima",":rb_rune_calm:: [Action] — Choose a unit you control. Move me to its location and it to my original location. If it's equipped, you may attach one of its Equipment to me. Use only once per turn.","Riftbound Unit: Azir, Ascendant. [C]: [Action] — Choose a unit you control. Move me to its location and it to my original location. If it's equipped, you may attach one of its Equipment to me. Use only once per turn.",Six More Vodka,portrait,https://cmsassets.rgpub.io/sanity/images/dsfx7636/game_data_live/3c42c02f6ebd2e4d4a640c2c6ac081231439888e-744x1039.png?accountingTag=RB
sfd-051-221,SFD-051/221,51,Guardian Angel,SFD,Spiritforged,rare,Rare,Gear,,Calm,2,,,Equipment,[Equip] :rb_rune_calm: (:rb_rune_calm:: Attach this to a unit you control.),Riftbound Gear: Guardian Angel. [Equip] [C] ([C]: Attach this to a unit you control.),黯荧岛Dark Glow,portrait,https://cmsassets.rgpub.io/sanity/images/dsfx7636/game_data_live/d09a797345659a1853d6d12910cf3c634990ea0c-744x1039.png?accountingTag=RB
sfd-052-221,SFD-052/221,52,Heart of Dark Ice,SFD,Spiritforged,rare,Rare,Gear,,Calm,3,,1,,:rb_exhaust:: Give a unit +3 :rb_might: this turn.,Riftbound Gear: Heart of Dark Ice. [T]: Give a unit +3 [S] this turn.,Kudos Productions,portrait,https://cmsassets.rgpub.io/sanity/images/dsfx7636/game_data_live/73d8251c3bd8f7cd77010e9628515cd7fa462386-744x1039.png?accountingTag=RB
sfd-053-221,SFD-053/221,53,"Janna, Savior",SFD,Spiritforged,rare,Rare,Unit,Champion,Calm,3,3,1,"Janna, Zaun","[Reaction] (Play any time, even before spells and abilities resolve, including to a battlefield you control.)
When you play me, heal your units here, then move an enemy unit from here to its base.","Riftbound Unit: Janna, Savior. [Reaction] (Play any time, even before spells and abilities resolve, including to a battlefield you control.)
When you play me, heal your units here, then move an enemy unit from here to its base.",Envar Studio,portrait,https://cmsassets.rgpub.io/sanity/images/dsfx7636/game_data_live/191f04059bbfd69dfe63d36010586597bb3549b2-744x1039.png?accountingTag=RB
sfd-054-221,SFD-054/221,54,"Jax, Unmatched",SFD,Spiritforged,rare,Rare,Unit,Champion,Calm,5,5,1,"Jax, Icathia","[Deflect] (Opponents must pay :rb_rune_rainbow: to choose me with a spell or ability.)
Each Equipment in your hand has [Quick-Draw]. (It gains [Reaction]. When you play it, attach it to a unit you control.)","Riftbound Unit: Jax, Unmatched. [Deflect] (Opponents must pay [A] to choose me with a spell or ability.)
Each Equipment in your hand has [Quick-Draw]. (It gains [Reaction]. When you play it, attach it to a unit you control.)",Envar Studio,portrait,https://cmsassets.rgpub.io/sanity/images/dsfx7636/game_data_live/3d425589c74dbff818fa09db134fdd8bb7136420-744x1039.png?accountingTag=RB
sfd-054a-221,SFD-054a/221,54,"Jax, Unmatched",SFD,Spiritforged,showcase,Showcase,Unit,Champion,Calm,5,5,1,"Jax, Icathia","[Deflect] (Opponents must pay :rb_rune_rainbow: to choose me with a spell or ability.)
Each Equipment in your hand has [Quick-Draw]. (It gains [Reaction]. When you play it, attach it to a unit you control.)","Riftbound Unit: Jax, Unmatched. [Deflect] (Opponents must pay [A] to choose me with a spell or ability.)
Each Equipment in your hand has [Quick-Draw]. (It gains [Reaction]. When you play it, attach it to a unit you control.)",League Splash Team,portrait,https://cmsassets.rgpub.io/sanity/images/dsfx7636/game_data_live/1d2eae793e415c5f53d7b11c335b5f0ed08c2086-744x1039.png?accountingTag=RB
sfd-055-221,SFD-055/221,55,Needlessly Large Yordle,SFD,Spiritforged,rare,Rare,Unit,,Calm,10,5,3,"Yordle, Bandle City","[Shield 5] (+5 :rb_might: while I'm a defender.)
[Tank] (I must be assigned combat damage first.)
I cost :rb_energy_2::rb_rune_calm: less for each point you scored from holding this turn.","Riftbound Unit: Needlessly Large Yordle. [Shield 5] (+5 [S] while I'm a defender.)
[Tank] (I must be assigned combat damage first.)
I cost [2][C] less for each point you scored from holding this turn.",Kudos Productions,portrait,https://cmsassets.rgpub.io/sanity/images/dsfx7636/game_data_live/952dcaf9fd4b5f3e8592d140c11d792175597da1-744x1039.png?accountingTag=RB
sfd-056-221,SFD-056/221,56,Sterak's Gage,SFD,Spiritforged,rare,Rare,Gear,,Calm,3,,2,Equipment,"[Quick-Draw] (This has [Reaction]. When you play it, attach it to a unit you control.)
[Equip] :rb_rune_calm: (:rb_rune_calm:: Attach this to a unit you control.)","Riftbound Gear: Sterak's Gage. [Quick-Draw] (This has [Reaction]. When you play it, attach it to a unit you control.)
[Equip] [C] ([C]: Attach this to a unit you control.)",黯荧岛Dark Glow,portrait,https://cmsassets.rgpub.io/sanity/images/dsfx7636/game_data_live/df16e6b668fc6771ff657512deba1bf48363e23a-744x1039.png?accountingTag=RB
sfd-057-221,SFD-057/221,57,"Irelia, Fervent",SFD,Spiritforged,epic,Epic,Unit,Champion,Calm,5,4,,"Irelia, Ionia","[Deflect] (Opponents must pay :rb_rune_rainbow: to choose me with a spell or ability.)
When you choose or ready me, give me +1 :rb_might: this turn.","Riftbound Unit: Irelia, Fervent. [Deflect] (Opponents must pay [A] to choose me with a spell or ability.)
When you choose or ready me, give me +1 [S] this turn.",Six More Vodka,portrait,https://cmsassets.rgpub.io/sanity/images/dsfx7636/game_data_live/fe05fa55781f8036f8bfc9c10bba94326a0c8cc9-744x1039.png?accountingTag=RB
sfd-057a-221,SFD-057a/221,57,"Irelia, Fervent",SFD,Spiritforged,showcase,Showcase,Unit,Champion,Calm,5,4,,"Irelia, Ionia","[Deflect] (Opponents must pay :rb_rune_rainbow: to choose me with a spell or ability.)
When you choose or ready me, give me +1 :rb_might: this turn.","Riftbound Unit: Irelia, Fervent. [Deflect] (Opponents must pay [A] to choose me with a spell or ability.)
When you choose or ready me, give me +1 [S] this turn.",League Splash Team,portrait,https://cmsassets.rgpub.io/sanity/images/dsfx7636/game_data_live/cef4f73541e0623b4024b483d141d0396f1dddcb-744x1039.png?accountingTag=RB
sfd-058a-221,SFD-058a/221,58,"Ornn, Blacksmith",SFD,Spiritforged,showcase,Showcase,Unit,Champion,Calm,5,5,1,"Ornn, Freljord","When you play me or when I hold, look at the top 4 cards of your Main Deck. You may reveal a gear from among them and draw it. Then recycle the rest.","Riftbound Unit: Ornn, Blacksmith. When you play me or when I hold, look at the top 4 cards of your Main Deck. You may reveal a gear from among them and draw it. Then recycle the rest.",League Splash Team,portrait,https://cmsassets.rgpub.io/sanity/images/dsfx7636/game_data_live/e0621bba6475425d93191677b2b120c07a8efe20-744x1039.png?accountingTag=RB
sfd-058-221,SFD-058/221,58,"Ornn, Blacksmith",SFD,Spiritforged,epic,Epic,Unit,Champion,Calm,5,5,1,"Ornn, Freljord","When you play me or when I hold, look at the top 4 cards of your Main Deck. You may reveal a gear from among them and draw it. Then recycle the rest.","Riftbound Unit: Ornn, Blacksmith. When you play me or when I hold, look at the top 4 cards of your Main Deck. You may reveal a gear from among them and draw it. Then recycle the rest.",Kudos Productions,portrait,https://cmsassets.rgpub.io/sanity/images/dsfx7636/game_data_live/77b48a28f48f26714f4bcf860379945a2d7186aa-744x1039.png?accountingTag=RB
sfd-059-221,SFD-059/221,59,Svellsongur,SFD,Spiritforged,epic,Epic,Gear,,Calm,3,,1,Equipment,"[Equip] :rb_energy_1::rb_rune_calm: (:rb_energy_1::rb_rune_calm:: Attach this to a unit you control.)
As this is attached to a unit, copy that unit's text to this Equipment's effect text for as long as this is attached to it.","Riftbound Gear: Svellsongur. [Equip] [1][C] ([1][C]: Attach this to a unit you control.)
As this is attached to a unit, copy that unit's text to this Equipment's effect text for as long as this is attached to it.",Envar Studio,portrait,https://cmsassets.rgpub.io/sanity/images/dsfx7636/game_data_live/bc254398dfb5db217327b56862011a2fd6020789-744x1039.png?accountingTag=RB
sfd-060-221,SFD-060/221,60,Tianna Crownguard,SFD,Spiritforged,epic,Epic,Unit,,Calm,7,4,2,"Elite, Demacia","[Deflect] (Opponents must pay :rb_rune_rainbow: to choose me with a spell or ability.)
While I'm at a battlefield, opponents can't score points.","Riftbound Unit: Tianna Crownguard. [Deflect] (Opponents must pay [A] to choose me with a spell or ability.)
While I'm at a battlefield, opponents can't score points.",Six More Vodka,portrait,https://cmsassets.rgpub.io/sanity/images/dsfx7636/game_data_live/2a1876aeedae7310409d0eaaf453507188b0c82b-744x1039.png?accountingTag=RB
sfd-061-221,SFD-061/221,61,Aspiring Engineer,SFD,Spiritforged,common,Common,Unit,,Mind,3,3,1,Piltover,"When you play me, return a gear from your trash to your hand.","Riftbound Unit: Aspiring Engineer. When you play me, return a gear from your trash to your hand.",Six More Vodka,portrait,https://cmsassets.rgpub.io/sanity/images/dsfx7636/game_data_live/5d61995ae384bcee56838beb0eb6d83bf5faefad-744x1039.png?accountingTag=RB
sfd-062-221,SFD-062/221,62,Bubble Bot,SFD,Spiritforged,common,Common,Unit,,Mind,3,3,,"Mech, Yordle, Bandle City","When you play me, ready another friendly Mech.","Riftbound Unit: Bubble Bot. When you play me, ready another friendly Mech.",Envar Studio,portrait,https://cmsassets.rgpub.io/sanity/images/dsfx7636/game_data_live/c0fe9df24ae4b8a5b4fb8276b1bd6c5a5f5f7b2b-744x1039.png?accountingTag=RB
sfd-063-221,SFD-063/221,63,Chemtech Cask,SFD,Spiritforged,common,Common,Gear,,Mind,1,,,,"When you play a spell on an opponent's turn, you may exhaust me to play a Gold gear token exhausted.","Riftbound Gear: Chemtech Cask. When you play a spell on an opponent's turn, you may exhaust me to play a Gold gear token exhausted.",Six More Vodka & 黯荧岛Dark Glow,portrait,https://cmsassets.rgpub.io/sanity/images/dsfx7636/game_data_live/39071feea6d3739a834a83b1841f496bdfc3a59a-744x1039.png?accountingTag=RB
sfd-064-221,SFD-064/221,64,Cloth Armor,SFD,Spiritforged,common,Common,Gear,,Mind,1,,,Equipment,"[Quick-Draw] (This has [Reaction]. When you play it, attach it to a unit you control.)
[Equip] :rb_rune_mind: (:rb_rune_mind:: Attach this to a unit you control.)","Riftbound Gear: Cloth Armor. [Quick-Draw] (This has [Reaction]. When you play it, attach it to a unit you control.)
[Equip] [C] ([C]: Attach this to a unit you control.)",黯荧岛Dark Glow,portrait,https://cmsassets.rgpub.io/sanity/images/dsfx7636/game_data_live/fe02bf01609ff2e6cc6fa8fbd578fd596ab5cb84-744x1039.png?accountingTag=RB
sfd-065-221,SFD-065/221,65,Forecaster,SFD,Spiritforged,common,Common,Unit,,Mind,2,2,,"Mech, Yordle, Bandle City","Your Mechs have [Vision]. (When you play us, look at the top card of your Main Deck. You may recycle it.)","Riftbound Unit: Forecaster. Your Mechs have [Vision]. (When you play us, look at the top card of your Main Deck. You may recycle it.)",Envar Studio,portrait,https://cmsassets.rgpub.io/sanity/images/dsfx7636/game_data_live/3f58f0c58503e4f8caecb7ea7f77b478a1e92961-744x1039.png?accountingTag=RB
sfd-066-221,SFD-066/221,66,Frigid Touch,SFD,Spiritforged,common,Common,Spell,,Mind,2,,,,"[Reaction] (Play any time, even before spells and abilities resolve.)
[Repeat] :rb_energy_2: (You may pay the additional cost to repeat this spell's effect.)
Give a unit -2 :rb_might: this turn.","Riftbound Spell: Frigid Touch. [Reaction] (Play any time, even before spells and abilities resolve.)
[Repeat] [2] (You may pay the additional cost to repeat this spell's effect.)
Give a unit -2 [S] this turn.",Kudos Productions,portrait,https://cmsassets.rgpub.io/sanity/images/dsfx7636/game_data_live/1caaf42d4cc12ab9acc57dc8c572448f8d8dd34d-744x1039.png?accountingTag=RB
sfd-067-221,SFD-067/221,67,Frostcoat Cub,SFD,Spiritforged,common,Common,Unit,,Mind,3,3,,"Dog, Freljord","You may pay :rb_rune_mind: as an additional cost to play me.
When you play me, if you paid the additional cost, give a unit -2 :rb_might: this turn.","Riftbound Unit: Frostcoat Cub. You may pay [C] as an additional cost to play me.
When you play me, if you paid the additional cost, give a unit -2 [S] this turn.",Caravan Studio,portrait,https://cmsassets.rgpub.io/sanity/images/dsfx7636/game_data_live/0b5f1f6ed65e070d2878b8aa21fd95e43688fc1d-744x1039.png?accountingTag=RB
sfd-068-221,SFD-068/221,68,Gearhead,SFD,Spiritforged,common,Common,Unit,,Mind,5,3,,Zaun,"[Accelerate] (You may pay :rb_energy_1::rb_rune_mind: as an additional cost to have me enter ready.)
Each Equipment attached to me gives double its base Might bonus.","Riftbound Unit: Gearhead. [Accelerate] (You may pay [1][C] as an additional cost to have me enter ready.)
Each Equipment attached to me gives double its base Might bonus.",Six More Vodka & 黯荧岛Dark Glow,portrait,https://cmsassets.rgpub.io/sanity/images/dsfx7636/game_data_live/355b97bf135b8c60afabca7e4c6ecbf1aa25b4d9-744x1039.png?accountingTag=RB
sfd-069-221,SFD-069/221,69,Plundering Poro,SFD,Spiritforged,common,Common,Unit,,Mind,2,2,,"Poro, Pirate, Bilgewater","When I conquer, play a Gold gear token exhausted.","Riftbound Unit: Plundering Poro. When I conquer, play a Gold gear token exhausted.",Six More Vodka,portrait,https://cmsassets.rgpub.io/sanity/images/dsfx7636/game_data_live/4ff9e6c73f67b505e50ec2f5f513292fe5b20b95-744x1039.png?accountingTag=RB
sfd-070-221,SFD-070/221,70,Wages of Pain,SFD,Spiritforged,common,Common,Spell,,Mind,3,,,,"[Hidden] (Hide now for :rb_rune_rainbow: to react with later for :rb_energy_0:.)
[Action] (Play on your turn or in showdowns.)
Deal 3 to a unit at a battlefield. Play a Gold gear token exhausted.","Riftbound Spell: Wages of Pain. [Hidden] (Hide now for [A] to react with later for [0].)
[Action] (Play on your turn or in showdowns.)
Deal 3 to a unit at a battlefield. Play a Gold gear token exhausted.",Kudos Productions,portrait,https://cmsassets.rgpub.io/sanity/images/dsfx7636/game_data_live/aef5c891bd6f7cbc3a97b1e01688868316599929-744x1039.png?accountingTag=RB
sfd-071-221,SFD-071/221,71,Breakneck Mech,SFD,Spiritforged,uncommon,Uncommon,Unit,,Mind,8,7,2,"Mech, Yordle, Bandle City","Your Mechs have [Deflect] and [Ganking]. (Opponents must pay :rb_rune_rainbow: to choose us with a spell or ability. We can move from battlefield to battlefield.)
I enter ready if you control another Mech.","Riftbound Unit: Breakneck Mech. Your Mechs have [Deflect] and [Ganking]. (Opponents must pay [A] to choose us with a spell or ability. We can move from battlefield to battlefield.)
I enter ready if you control another Mech.",Caravan Studio,portrait,https://cmsassets.rgpub.io/sanity/images/dsfx7636/game_data_live/8564fc233cfcb4fc774ac4bc4ee72085d7586163-744x1039.png?accountingTag=RB
sfd-072-221,SFD-072/221,72,Dropboarder,SFD,Spiritforged,uncommon,Uncommon,Unit,,Mind,4,4,,Zaun,"When you play me, if you control two or more gear, ready me.","Riftbound Unit: Dropboarder. When you play me, if you control two or more gear, ready me.",Dao Trong Le,portrait,https://cmsassets.rgpub.io/sanity/images/dsfx7636/game_data_live/8572e4cb5af60dd548e3b87374ff1b12840d981a-744x1039.png?accountingTag=RB
sfd-073-221,SFD-073/221,73,Experimental Hexplate,SFD,Spiritforged,uncommon,Uncommon,Gear,,Mind,1,,,Equipment,[Equip] :rb_rune_mind: (:rb_rune_mind:: Attach this to a unit you control.),Riftbound Gear: Experimental Hexplate. [Equip] [C] ([C]: Attach this to a unit you control.),黯荧岛Dark Glow,portrait,https://cmsassets.rgpub.io/sanity/images/dsfx7636/game_data_live/940a5e9796d4ac10a238d9b2612545c04bd9a570-744x1039.png?accountingTag=RB
sfd-074-221,SFD-074/221,74,Pickpocket,SFD,Spiritforged,uncommon,Uncommon,Unit,,Mind,3,3,,Zaun,"When you play me, you may kill a gear with Energy cost no more than :rb_energy_1:. If you do, play a Gold gear token exhausted.","Riftbound Unit: Pickpocket. When you play me, you may kill a gear with Energy cost no more than [1]. If you do, play a Gold gear token exhausted.",Six More Vodka,portrait,https://cmsassets.rgpub.io/sanity/images/dsfx7636/game_data_live/ebf54af997e53079e1a476feb0411d1791b20f7e-744x1039.png?accountingTag=RB
sfd-075-221,SFD-075/221,75,Prize of Progress,SFD,Spiritforged,uncommon,Uncommon,Unit,,Mind,4,3,1,"Mech, Piltover","When you use an activated ability of a gear, give me +1 :rb_might: this turn.","Riftbound Unit: Prize of Progress. When you use an activated ability of a gear, give me +1 [S] this turn.",Six More Vodka,portrait,https://cmsassets.rgpub.io/sanity/images/dsfx7636/game_data_live/c08f0b6ed24415e6a440a17931c7e2a2db3ab2cc-744x1039.png?accountingTag=RB
sfd-076-221,SFD-076/221,76,Production Surge,SFD,Spiritforged,uncommon,Uncommon,Spell,,Mind,4,,1,,"This costs :rb_energy_2: less if you control a Mech.
Play a 3 :rb_might: Mech unit token to your base.
Draw 1.","Riftbound Spell: Production Surge. This costs [2] less if you control a Mech.
Play a 3 [S] Mech unit token to your base.
Draw 1.",Kudos Productions,portrait,https://cmsassets.rgpub.io/sanity/images/dsfx7636/game_data_live/78783854dd9372138e599affbe96a269d8908c29-744x1039.png?accountingTag=RB
sfd-077-221,SFD-077/221,77,Rocket Barrage,SFD,Spiritforged,uncommon,Uncommon,Spell,,Mind,4,,1,,"[Repeat] :rb_energy_4::rb_rune_mind: (You may pay the additional cost to repeat this spell's effect, and may make different choices.)
Choose one —Deal 4 to a unit in a base.Kill a gear.","Riftbound Spell: Rocket Barrage. [Repeat] [4][C] (You may pay the additional cost to repeat this spell's effect, and may make different choices.)
Choose one —
- Deal 4 to a unit in a base.
- Kill a gear.",Kudos Productions,portrait,https://cmsassets.rgpub.io/sanity/images/dsfx7636/game_data_live/0378f9adf9df08fed264fdd217ce0e94c3f611cb-744x1039.png?accountingTag=RB
sfd-078-221,SFD-078/221,78,Temporal Portal,SFD,Spiritforged,uncommon,Uncommon,Gear,,Mind,3,,,,":rb_rune_rainbow:, :rb_exhaust:: Give the next spell you play this turn [Repeat] equal to its cost. (You may pay the additional cost to repeat the spell's effect.)","Riftbound Gear: Temporal Portal. [A], [T]: Give the next spell you play this turn [Repeat] equal to its cost. (You may pay the additional cost to repeat the spell's effect.)",Kudos Productions,portrait,https://cmsassets.rgpub.io/sanity/images/dsfx7636/game_data_live/a6b8167486d552cc41d10cb9321bae4cef338fa7-744x1039.png?accountingTag=RB
sfd-079-221,SFD-079/221,79,"Bard, Mercurial",SFD,Spiritforged,rare,Rare,Unit,Champion,Mind,4,4,1,Bard,"You may exhaust your legend as an additional cost to play me.
When you play me, if you paid the additional cost, move any number of your units to an open battlefield.","Riftbound Unit: Bard, Mercurial. You may exhaust your legend as an additional cost to play me.
When you play me, if you paid the additional cost, move any number of your units to an open battlefield.",Caravan Studio,portrait,https://cmsassets.rgpub.io/sanity/images/dsfx7636/game_data_live/edfefb81b8821f548a234d8e6d54fd072d7dc22c-744x1039.png?accountingTag=RB
sfd-080-221,SFD-080/221,80,Bellows Breath,SFD,Spiritforged,rare,Rare,Spell,,Mind,1,,1,,"[Action] (Play on your turn or in showdowns.)
[Repeat] :rb_energy_1::rb_rune_mind: (You may pay the additional cost to repeat this spell's effect.)
Deal 1 to up to three units at the same location.","Riftbound Spell: Bellows Breath. [Action] (Play on your turn or in showdowns.)
[Repeat] [1][C] (You may pay the additional cost to repeat this spell's effect.)
Deal 1 to up to three units at the same location.",Kudos Productions,portrait,https://cmsassets.rgpub.io/sanity/images/dsfx7636/game_data_live/f0ae1c4bb788f6fadc251c9d9b36f3f92eef4c56-744x1039.png?accountingTag=RB
sfd-081-221,SFD-081/221,81,Card Sharp,SFD,Spiritforged,rare,Rare,Unit,,Mind,3,3,,Bilgewater,"When you play me, you and each opponent may play a Gold gear token exhausted. For each opponent who did, you play a Gold gear token exhausted.","Riftbound Unit: Card Sharp. When you play me, you and each opponent may play a Gold gear token exhausted. For each opponent who did, you play a Gold gear token exhausted.",Grafit Studio,portrait,https://cmsassets.rgpub.io/sanity/images/dsfx7636/game_data_live/8bfd5dc22473d439cd78d5a3cb23ed03de66953d-744x1039.png?accountingTag=RB
sfd-082a-221,SFD-082a/221,82,"Ezreal, Dashing",SFD,Spiritforged,showcase,Showcase,Unit,Champion,Mind,4,3,1,"Ezreal, Piltover","When I attack or defend, deal damage equal to my Might to an enemy unit here.
I don't deal combat damage.
:rb_rune_mind:: [Action] — Move me to your base.","Riftbound Unit: Ezreal, Dashing. When I attack or defend, deal damage equal to my Might to an enemy unit here.
I don't deal combat damage.
[C]: [Action] — Move me to your base.",League Splash Team,portrait,https://cmsassets.rgpub.io/sanity/images/dsfx7636/game_data_live/83da64e39d838d2fee68c319c03fbff0d4c7035f-744x1039.png?accountingTag=RB
sfd-082-221,SFD-082/221,82,"Ezreal, Dashing",SFD,Spiritforged,rare,Rare,Unit,Champion,Mind,4,3,1,"Ezreal, Piltover","When I attack or defend, deal damage equal to my Might to an enemy unit here.
I don't deal combat damage.
:rb_rune_mind:: [Action] — Move me to your base.","Riftbound Unit: Ezreal, Dashing. When I attack or defend, deal damage equal to my Might to an enemy unit here.
I don't deal combat damage.
[C]: [Action] — Move me to your base.",Six More Vodka,portrait,https://cmsassets.rgpub.io/sanity/images/dsfx7636/game_data_live/3e040f7b7ca16009a2558674a911b8cc93122ba3-744x1039.png?accountingTag=RB
sfd-083-221,SFD-083/221,83,Hextech Anomaly,SFD,Spiritforged,rare,Rare,Gear,,Mind,3,,1,,:rb_exhaust:: [Reaction] — Pay any amount of :rb_rune_rainbow: to [Add] that much Energy. (Abilities that add resources can't be reacted to.),Riftbound Gear: Hextech Anomaly. [T]: [Reaction] — Pay any amount of [A] to [Add] that much Energy. (Abilities that add resources can't be reacted to.),Kudos Productions,portrait,https://cmsassets.rgpub.io/sanity/images/dsfx7636/game_data_live/32a46943778755e2b6210e5adb4507780f08e2c8-744x1039.png?accountingTag=RB
sfd-084-221,SFD-084/221,84,"Jayce, Man of Progress",SFD,Spiritforged,rare,Rare,Unit,Champion,Mind,4,4,,"Jayce, Piltover","When you play me, you may kill a friendly gear. If you do, you may play a gear with Energy cost no more than :rb_energy_7: from hand this turn, ignoring its Energy cost. (You must still pay its Power cost.)","Riftbound Unit: Jayce, Man of Progress. When you play me, you may kill a friendly gear. If you do, you may play a gear with Energy cost no more than [7] from hand this turn, ignoring its Energy cost. (You must still pay its Power cost.)",TUTU,portrait,https://cmsassets.rgpub.io/sanity/images/dsfx7636/game_data_live/b508fa4e52ebbd5f66e1fc7df28cfb70acdfe1f5-744x1039.png?accountingTag=RB
sfd-085-221,SFD-085/221,85,"Ornn, Forge God",SFD,Spiritforged,rare,Rare,Unit,Champion,Mind,6,4,,"Ornn, Freljord","[Deflect 2] (Opponents must pay :rb_rune_rainbow::rb_rune_rainbow: to choose me with a spell or ability.)
[Weaponmaster] (When you play me, you may [Equip] one of your Equipment to me for :rb_rune_rainbow: less, even if it's already attached.)
I have +1 :rb_might: for each friendly gear.","Riftbound Unit: Ornn, Forge God. [Deflect 2] (Opponents must pay [A][A] to choose me with a spell or ability.)
[Weaponmaster] (When you play me, you may [Equip] one of your Equipment to me for [A] less, even if it's already attached.)
I have +1 [S] for each friendly gear.",Will Gist,portrait,https://cmsassets.rgpub.io/sanity/images/dsfx7636/game_data_live/f33c4ea9010ea5f440d4470554845c0ecae2c893-744x1039.png?accountingTag=RB
sfd-085a-221,SFD-085a/221,85,"Ornn, Forge God",SFD,Spiritforged,showcase,Showcase,Unit,Champion,Mind,6,4,,"Ornn, Freljord","[Deflect 2] (Opponents must pay :rb_rune_rainbow::rb_rune_rainbow: to choose me with a spell or ability.)
[Weaponmaster] (When you play me, you may [Equip] one of your Equipment to me for :rb_rune_rainbow: less, even if it's already attached.)
I have +1 :rb_might: for each friendly gear.","Riftbound Unit: Ornn, Forge God. [Deflect 2] (Opponents must pay [A][A] to choose me with a spell or ability.)
[Weaponmaster] (When you play me, you may [Equip] one of your Equipment to me for [A] less, even if it's already attached.)
I have +1 [S] for each friendly gear.",League Splash Team,portrait,https://cmsassets.rgpub.io/sanity/images/dsfx7636/game_data_live/22af72b06cb92d4a0078dddfb87cc9c21c92231d-744x1039.png?accountingTag=RB
sfd-086-221,SFD-086/221,86,World Atlas,SFD,Spiritforged,rare,Rare,Gear,,Mind,3,,,Equipment,[Equip] :rb_rune_mind: (:rb_rune_mind:: Attach this to a unit you control.),Riftbound Gear: World Atlas. [Equip] [C] ([C]: Attach this to a unit you control.),黯荧岛Dark Glow,portrait,https://cmsassets.rgpub.io/sanity/images/dsfx7636/game_data_live/7b8d96e128c19c5ff368119a60759cffa644e942-744x1039.png?accountingTag=RB
sfd-087-221,SFD-087/221,87,Premonition,SFD,Spiritforged,epic,Epic,Spell,,Mind,2,,3,,"[Reaction] (Play any time, even before spells and abilities resolve.)
Draw 3.","Riftbound Spell: Premonition. [Reaction] (Play any time, even before spells and abilities resolve.)
Draw 3.",Polar Engine Studio,portrait,https://cmsassets.rgpub.io/sanity/images/dsfx7636/game_data_live/20ad2f42bcf9a0402e2a0d5a21d55eacee9ecf35-744x1039.png?accountingTag=RB
sfd-088a-221,SFD-088a/221,88,"Renata Glasc, Mastermind",SFD,Spiritforged,showcase,Showcase,Unit,Champion,Mind,5,4,,"Renata Glasc, Zaun",":rb_energy_1::rb_rune_mind:: Draw 1.
:rb_energy_4::rb_rune_mind::rb_rune_mind::rb_rune_mind::rb_rune_mind:, :rb_exhaust:: Score 1 point.
Use my abilities only while I'm at a battlefield.","Riftbound Unit: Renata Glasc, Mastermind. [1][C]: Draw 1.
[4][C][C][C][C], [T]: Score 1 point. 
Use my abilities only while I'm at a battlefield.",League Splash Team,portrait,https://cmsassets.rgpub.io/sanity/images/dsfx7636/game_data_live/b2b269d8ec274f3869ba42982f5710b160c4c43f-744x1039.png?accountingTag=RB
sfd-088-221,SFD-088/221,88,"Renata Glasc, Mastermind",SFD,Spiritforged,epic,Epic,Unit,Champion,Mind,5,4,,"Renata Glasc, Zaun",":rb_energy_1::rb_rune_mind:: Draw 1.
:rb_energy_4::rb_rune_mind::rb_rune_mind::rb_rune_mind::rb_rune_mind:, :rb_exhaust:: Score 1 point.
Use my abilities only while I'm at a battlefield.","Riftbound Unit: Renata Glasc, Mastermind. [1][C]: Draw 1.
[4][C][C][C][C], [T]: Score 1 point. 
Use my abilities only while I'm at a battlefield.",League of Legends,portrait,https://cmsassets.rgpub.io/sanity/images/dsfx7636/game_data_live/be8f7e08562c076e8947aafc3ecd202051d17c02-744x1039.png?accountingTag=RB
sfd-089-221,SFD-089/221,89,"Rumble, Scrapper",SFD,Spiritforged,epic,Epic,Unit,Champion,Mind,5,4,1,"Mech, Yordle, Rumble, Bandle City","Your Mechs have +1 :rb_might: (including me).
When I hold, play a 3 :rb_might: Mech unit token to your base.","Riftbound Unit: Rumble, Scrapper. Your Mechs have +1 [S] (including me).
When I hold, play a 3 [S] Mech unit token to your base.",Six More Vodka,portrait,https://cmsassets.rgpub.io/sanity/images/dsfx7636/game_data_live/6528aa0656cac59ff7299bc8bdac371238038080-744x1039.png?accountingTag=RB
sfd-089a-221,SFD-089a/221,89,"Rumble, Scrapper",SFD,Spiritforged,showcase,Showcase,Unit,Champion,Mind,5,4,1,"Mech, Yordle, Rumble, Bandle City","Your Mechs have +1 :rb_might: (including me).
When I hold, play a 3 :rb_might: Mech unit token to your base.","Riftbound Unit: Rumble, Scrapper. Your Mechs have +1 [S] (including me).
When I hold, play a 3 [S] Mech unit token to your base.",League Splash Team,portrait,https://cmsassets.rgpub.io/sanity/images/dsfx7636/game_data_live/1acbb906fba20f4e5d60f7a82566ca9a19e1a6ea-744x1039.png?accountingTag=RB
sfd-090-221,SFD-090/221,90,The Zero Drive,SFD,Spiritforged,epic,Epic,Gear,,Mind,3,,,Equipment,"[Equip] :rb_energy_1::rb_rune_mind: (:rb_energy_1::rb_rune_mind:: Attach this to a unit you control.)
:rb_energy_3::rb_rune_mind:, Banish this: Play all units banished with this, ignoring their costs. (Use only if unattached.)","Riftbound Gear: The Zero Drive. [Equip] [1][C] ([1][C]: Attach this to a unit you control.)
[3][C], Banish this: Play all units banished with this, ignoring their costs. (Use only if unattached.)",Envar Studio,portrait,https://cmsassets.rgpub.io/sanity/images/dsfx7636/game_data_live/cc80cbfa1a64ad22dc5f7df870e9206f6938f7f5-744x1039.png?accountingTag=RB
sfd-091-221,SFD-091/221,91,Buhru Captain,SFD,Spiritforged,common,Common,Unit,,Body,3,3,1,Bilgewater,"When you play me, you may draw 1 or buff me. (To buff a unit, give it a +1 :rb_might: buff if it doesn't already have one.)","Riftbound Unit: Buhru Captain. When you play me, you may draw 1 or buff me. (To buff a unit, give it a +1 [S] buff if it doesn't already have one.)",Envar Studio,portrait,https://cmsassets.rgpub.io/sanity/images/dsfx7636/game_data_live/9f5186bd42c23f75ea84186aa2cb945cc02a222e-744x1039.png?accountingTag=RB
sfd-092-221,SFD-092/221,92,Combat Chef,SFD,Spiritforged,common,Common,Unit,,Body,5,5,,Demacia,"[Weaponmaster] (When you play me, you may [Equip] one of your Equipment to me for :rb_rune_rainbow: less, even if it's already attached.)","Riftbound Unit: Combat Chef. [Weaponmaster] (When you play me, you may [Equip] one of your Equipment to me for [A] less, even if it's already attached.)",Envar Studio,portrait,https://cmsassets.rgpub.io/sanity/images/dsfx7636/game_data_live/dffa05408c0b53f62dfbb9452986342ff2d4352d-744x1039.png?accountingTag=RB
sfd-093-221,SFD-093/221,93,Dauntless Vanguard,SFD,Spiritforged,common,Common,Unit,,Body,4,4,1,"Elite, Demacia",You may play me to an occupied enemy battlefield.,Riftbound Unit: Dauntless Vanguard. You may play me to an occupied enemy battlefield.,Six More Vodka,portrait,https://cmsassets.rgpub.io/sanity/images/dsfx7636/game_data_live/cb19a57b58370952cb37fff27375826d5c274129-744x1039.png?accountingTag=RB
sfd-094-221,SFD-094/221,94,Direwing,SFD,Spiritforged,common,Common,Unit,,Body,7,7,,"Dragon, Demacia",I enter ready if you control another Dragon.,Riftbound Unit: Direwing. I enter ready if you control another Dragon.,Six More Vodka,portrait,https://cmsassets.rgpub.io/sanity/images/dsfx7636/game_data_live/52edf5b0f045d7c65360a8eb3c21f0954750cd1a-744x1039.png?accountingTag=RB
sfd-095-221,SFD-095/221,95,Doran's Blade,SFD,Spiritforged,common,Common,Gear,,Body,2,,,Equipment,[Equip] :rb_rune_body: (:rb_rune_body:: Attach this to a unit you control.),Riftbound Gear: Doran's Blade. [Equip] [C] ([C]: Attach this to a unit you control.),黯荧岛Dark Glow,portrait,https://cmsassets.rgpub.io/sanity/images/dsfx7636/game_data_live/53fc0c307c83871c9755a496764ef7d6aa11f510-744x1039.png?accountingTag=RB
sfd-096-221,SFD-096/221,96,Laurent Bladekeeper,SFD,Spiritforged,common,Common,Unit,,Body,3,3,,Demacia,Ganking (I can move from battlefield to battlefield.),Riftbound Unit: Laurent Bladekeeper. Ganking (I can move from battlefield to battlefield.),Six More Vodka,portrait,https://cmsassets.rgpub.io/sanity/images/dsfx7636/game_data_live/d9dac8bbc898bfead8338ef387f2d144302e278f-744x1039.png?accountingTag=RB
sfd-097-221,SFD-097/221,97,Punch First,SFD,Spiritforged,common,Common,Spell,,Body,1,,2,,"[Action] (Play on your turn or in showdowns.)
Give a unit +5 :rb_might: this turn.","Riftbound Spell: Punch First. [Action] (Play on your turn or in showdowns.)
Give a unit +5 [S] this turn.",Kudos Productions,portrait,https://cmsassets.rgpub.io/sanity/images/dsfx7636/game_data_live/d124efad90ff61d4ac29ee69fe71e48a7cd6ece2-744x1039.png?accountingTag=RB
sfd-098-221,SFD-098/221,98,Sea Monkey,SFD,Spiritforged,common,Common,Unit,,Body,2,2,,"Pirate, Bilgewater","You may pay :rb_energy_1: as an additional cost to play me.
When you play me, if you paid the additional cost, buff me. (Give me a +1 :rb_might: buff if I don't already have one.)","Riftbound Unit: Sea Monkey. You may pay [1] as an additional cost to play me.
When you play me, if you paid the additional cost, buff me. (Give me a +1 [S] buff if I don't already have one.)",Bubble Cat Studio,portrait,https://cmsassets.rgpub.io/sanity/images/dsfx7636/game_data_live/0ef7f1de2bc7845f5e3dace1634c6c58a8765452-744x1039.png?accountingTag=RB
sfd-099-221,SFD-099/221,99,Veteran Poro,SFD,Spiritforged,common,Common,Unit,,Body,2,2,,"Poro, Freljord","[Weaponmaster] (When you play me, you may [Equip] one of your Equipment to me for :rb_rune_rainbow: less, even if it's already attached.)","Riftbound Unit: Veteran Poro. [Weaponmaster] (When you play me, you may [Equip] one of your Equipment to me for [A] less, even if it's already attached.)",Six More Vodka,portrait,https://cmsassets.rgpub.io/sanity/images/dsfx7636/game_data_live/54b8aa5aa80e74e0c545d4c484353c5b9e78bdfc-744x1039.png?accountingTag=RB
sfd-100-221,SFD-100/221,100,Yordle Explorer,SFD,Spiritforged,common,Common,Unit,,Body,4,4,,"Yordle, Bandle City","When you play a card with Power cost :rb_rune_rainbow::rb_rune_rainbow: or more, draw 1.","Riftbound Unit: Yordle Explorer. When you play a card with Power cost [A][A] or more, draw 1.",Caravan Studio,portrait,https://cmsassets.rgpub.io/sanity/images/dsfx7636/game_data_live/556b20c8c605545f13a8990dca36586a287ebb29-744x1039.png?accountingTag=RB
sfd-101-221,SFD-101/221,101,Fae Dragon,SFD,Spiritforged,uncommon,Uncommon,Unit,,Body,7,7,1,"Fae, Dragon, Bandle City","When you play me, buff up to four friendly units. (Give each a +1 :rb_might: buff if it doesn't have one.)
When you spend a buff, play a Gold gear token exhausted.","Riftbound Unit: Fae Dragon. When you play me, buff up to four friendly units. (Give each a +1 [S] buff if it doesn't have one.)
When you spend a buff, play a Gold gear token exhausted.",Bubble Cat Studio,portrait,https://cmsassets.rgpub.io/sanity/images/dsfx7636/game_data_live/76aeda6bf59acee92b512f4a0272892673cfce90-744x1039.png?accountingTag=RB
sfd-102-221,SFD-102/221,102,Hexdrinker,SFD,Spiritforged,uncommon,Uncommon,Gear,,Body,2,,,Equipment,[Equip] :rb_rune_body: (:rb_rune_body:: Attach this to a unit you control.),Riftbound Gear: Hexdrinker. [Equip] [C] ([C]: Attach this to a unit you control.),黯荧岛Dark Glow,portrait,https://cmsassets.rgpub.io/sanity/images/dsfx7636/game_data_live/e7fdd555cbf9ef8c4ff8bd3ba38d187842de563d-744x1039.png?accountingTag=RB
sfd-103-221,SFD-103/221,103,Jaull-Fish,SFD,Spiritforged,uncommon,Uncommon,Unit,,Body,7,6,2,Bilgewater,"[Accelerate] (You may pay :rb_energy_1::rb_rune_body: as an additional cost to have me enter ready.)
I cost :rb_energy_2: less for each of your [Mighty] units. (A unit is Mighty while it has 5+ :rb_might:.)","Riftbound Unit: Jaull-Fish. [Accelerate] (You may pay [1][C] as an additional cost to have me enter ready.)
I cost [2] less for each of your [Mighty] units. (A unit is Mighty while it has 5+ [S].)",MAR Studio,portrait,https://cmsassets.rgpub.io/sanity/images/dsfx7636/game_data_live/56a31630910179a1fb2f2ddf3e6e5c9627bddf5e-744x1039.png?accountingTag=RB
sfd-104-221,SFD-104/221,104,Petricite Monument,SFD,Spiritforged,uncommon,Uncommon,Gear,,Body,2,,,,"[Temporary] (Kill this at the start of its controller's Beginning Phase, before scoring.)
Friendly units have [Deflect]. (Opponents must pay :rb_rune_rainbow: to choose them with a spell or ability.)","Riftbound Gear: Petricite Monument. [Temporary] (Kill this at the start of its controller's Beginning Phase, before scoring.)
Friendly units have [Deflect]. (Opponents must pay [A] to choose them with a spell or ability.)",Kudos Productions,portrait,https://cmsassets.rgpub.io/sanity/images/dsfx7636/game_data_live/c994dcefe24e00f8033bc31327bf7dbe4a8703d1-744x1039.png?accountingTag=RB
sfd-105-221,SFD-105/221,105,Ruin Runner,SFD,Spiritforged,uncommon,Uncommon,Unit,,Body,6,5,,Shurima,I can't be chosen by enemy spells and abilities.,Riftbound Unit: Ruin Runner. I can't be chosen by enemy spells and abilities.,Grafit Studio,portrait,https://cmsassets.rgpub.io/sanity/images/dsfx7636/game_data_live/08abcf17d3356325b0c1b83a78a87be855e5a71a-744x1039.png?accountingTag=RB
sfd-106-221,SFD-106/221,106,Show of Strength,SFD,Spiritforged,uncommon,Uncommon,Spell,,Body,2,,1,,"[Reaction] (Play any time, even before spells and abilities resolve.)
Draw 1 for each of your [Mighty] units. (A unit is Mighty while it has 5+ :rb_might:.)","Riftbound Spell: Show of Strength. [Reaction] (Play any time, even before spells and abilities resolve.)
Draw 1 for each of your [Mighty] units. (A unit is Mighty while it has 5+ [S].)",Kudos Productions,portrait,https://cmsassets.rgpub.io/sanity/images/dsfx7636/game_data_live/d04ac6687931018fd68368c65cc024155867cab4-744x1039.png?accountingTag=RB
sfd-107-221,SFD-107/221,107,Strike Down,SFD,Spiritforged,uncommon,Uncommon,Spell,,Body,3,,1,,Choose an equipped friendly unit. It deals damage equal to its Might to an enemy unit. Then detach an Equipment from it.,Riftbound Spell: Strike Down. Choose an equipped friendly unit. It deals damage equal to its Might to an enemy unit. Then detach an Equipment from it.,Kudos Productions,portrait,https://cmsassets.rgpub.io/sanity/images/dsfx7636/game_data_live/3570810e867d132fd5a60cc3462f53f42b245ad9-744x1039.png?accountingTag=RB
sfd-108-221,SFD-108/221,108,Warmog's Armor,SFD,Spiritforged,uncommon,Uncommon,Gear,,Body,1,,,Equipment,[Equip] :rb_rune_body: (:rb_rune_body:: Attach this to a unit you control.),Riftbound Gear: Warmog's Armor. [Equip] [C] ([C]: Attach this to a unit you control.),黯荧岛Dark Glow,portrait,https://cmsassets.rgpub.io/sanity/images/dsfx7636/game_data_live/0d680867670dd75a66a632cd6f044a7f7e39b42b-744x1039.png?accountingTag=RB
sfd-109-221,SFD-109/221,109,"Akshan, Mischievous",SFD,Spiritforged,rare,Rare,Unit,Champion,Body,4,4,,"Akshan, Shurima, Sentinel","[Weaponmaster]
You may pay :rb_rune_body::rb_rune_body: as an additional cost to play me.
When you play me, if you paid the additional cost, move an enemy gear to your base. You control it until I leave the board. If it's an Equipment, attach it to me.","Riftbound Unit: Akshan, Mischievous. [Weaponmaster]
You may pay [C][C] as an additional cost to play me.
When you play me, if you paid the additional cost, move an enemy gear to your base. You control it until I leave the board. If it's an Equipment, attach it to me.",Six More Vodka,portrait,https://cmsassets.rgpub.io/sanity/images/dsfx7636/game_data_live/f9e79f88463c1d516b9f1b053661937676e0e1f4-744x1039.png?accountingTag=RB
sfd-110-221,SFD-110/221,110,"Fiora, Peerless",SFD,Spiritforged,rare,Rare,Unit,Champion,Body,3,3,1,"Fiora, Demacia","When I attack or defend one on one, double my Might this combat.","Riftbound Unit: Fiora, Peerless. When I attack or defend one on one, double my Might this combat.",Six More Vodka,portrait,https://cmsassets.rgpub.io/sanity/images/dsfx7636/game_data_live/3fb80fed6fb916f47b7cebd5b31a970f1d0d562a-744x1039.png?accountingTag=RB
sfd-110a-221,SFD-110a/221,110,"Fiora, Peerless",SFD,Spiritforged,showcase,Showcase,Unit,Champion,Body,3,3,1,"Fiora, Demacia","When I attack or defend one on one, double my Might this combat.","Riftbound Unit: Fiora, Peerless. When I attack or defend one on one, double my Might this combat.",League Splash Team,portrait,https://cmsassets.rgpub.io/sanity/images/dsfx7636/game_data_live/9081906c24455218d9fef8c0faa04ecc85dc462c-744x1039.png?accountingTag=RB
sfd-111-221,SFD-111/221,111,Here to Help,SFD,Spiritforged,rare,Rare,Spell,,Body,2,,1,,"[Hidden] (Hide now for :rb_rune_rainbow: to react with later for :rb_energy_0:.)
[Action] (Play on your turn or in showdowns.)
You may play a unit from hand to a battlefield you control, reducing its cost by :rb_energy_3:.","Riftbound Spell: Here to Help. [Hidden] (Hide now for [A] to react with later for [0].)
[Action] (Play on your turn or in showdowns.)
You may play a unit from hand to a battlefield you control, reducing its cost by [3].",Kudos Productions,portrait,https://cmsassets.rgpub.io/sanity/images/dsfx7636/game_data_live/6daa8caf27f76f2b0bce189fb9df196129582afa-744x1039.png?accountingTag=RB
sfd-112-221,SFD-112/221,112,Kato the Arm,SFD,Spiritforged,rare,Rare,Unit,,Body,4,3,1,Noxus,"[Deflect] (Opponents must pay :rb_rune_rainbow: to choose me with a spell or ability.)
When I move to a battlefield, give a friendly unit my keywords and +:rb_might: equal to my Might this turn.","Riftbound Unit: Kato the Arm. [Deflect] (Opponents must pay [A] to choose me with a spell or ability.)
When I move to a battlefield, give a friendly unit my keywords and +[M] equal to my Might this turn.",Six More Vodka,portrait,https://cmsassets.rgpub.io/sanity/images/dsfx7636/game_data_live/f4ea4f2f5169a3813d9eb7f0d3d2f41bdddebfc7-744x1039.png?accountingTag=RB
sfd-113-221,SFD-113/221,113,"Lucian, Merciless",SFD,Spiritforged,rare,Rare,Unit,Champion,Body,3,3,,"Lucian, Demacia, Sentinel","[Weaponmaster] (When you play me, you may [Equip] one of your Equipment to me for :rb_rune_rainbow: less, even if it's already attached.)
The first time I conquer each turn, ready me.","Riftbound Unit: Lucian, Merciless. [Weaponmaster] (When you play me, you may [Equip] one of your Equipment to me for [A] less, even if it's already attached.)
The first time I conquer each turn, ready me.",Six More Vodka,portrait,https://cmsassets.rgpub.io/sanity/images/dsfx7636/game_data_live/bc192b6e22e7a277c53f035809c59db4548a0fd5-744x1039.png?accountingTag=RB
sfd-113a-221,SFD-113a/221,113,"Lucian, Merciless",SFD,Spiritforged,showcase,Showcase,Unit,Champion,Body,3,3,,"Lucian, Demacia, Sentinel","[Weaponmaster] (When you play me, you may [Equip] one of your Equipment to me for :rb_rune_rainbow: less, even if it's already attached.)
The first time I conquer each turn, ready me.","Riftbound Unit: Lucian, Merciless. [Weaponmaster] (When you play me, you may [Equip] one of your Equipment to me for [A] less, even if it's already attached.)
The first time I conquer each turn, ready me.",League Splash Team,portrait,https://cmsassets.rgpub.io/sanity/images/dsfx7636/game_data_live/e05478b8081b3694a795ab0308b1e2c2a7748715-744x1039.png?accountingTag=RB
sfd-114-221,SFD-114/221,114,Marching Orders,SFD,Spiritforged,rare,Rare,Spell,,Body,3,,,,"[Action] (Play on your turn or in showdowns.)
[Repeat] :rb_energy_3: (You may pay the additional cost to repeat this spell's effect.)
Choose a friendly unit anywhere and an enemy unit at a battlefield. They deal damage equal to their Mights to each other.","Riftbound Spell: Marching Orders. [Action] (Play on your turn or in showdowns.)
[Repeat] [3] (You may pay the additional cost to repeat this spell's effect.)
Choose a friendly unit anywhere and an enemy unit at a battlefield. They deal damage equal to their Mights to each other.",Kudos Productions,portrait,https://cmsassets.rgpub.io/sanity/images/dsfx7636/game_data_live/b553f8e16e0ff1aaa57f74121e68954fbe45a07b-744x1039.png?accountingTag=RB
sfd-115-221,SFD-115/221,115,Trinity Force,SFD,Spiritforged,rare,Rare,Gear,,Body,4,,,Equipment,[Equip] :rb_rune_body: (:rb_rune_body:: Attach this to a unit you control.),Riftbound Gear: Trinity Force. [Equip] [C] ([C]: Attach this to a unit you control.),黯荧岛Dark Glow,portrait,https://cmsassets.rgpub.io/sanity/images/dsfx7636/game_data_live/e8b64985389e5792afc2a2fe0dc23ae7590d7709-744x1039.png?accountingTag=RB
sfd-116-221,SFD-116/221,116,"Yone, Blademaster",SFD,Spiritforged,rare,Rare,Unit,Champion,Body,5,5,1,"Yone, Ionia, Demon","[Weaponmaster] (When you play me, you may [Equip] one of your Equipment to me for :rb_rune_rainbow: less, even if it's already attached.)
When I conquer an open battlefield, deal damage equal to my Might to an enemy unit in a base.","Riftbound Unit: Yone, Blademaster. [Weaponmaster] (When you play me, you may [Equip] one of your Equipment to me for [A] less, even if it's already attached.)
When I conquer an open battlefield, deal damage equal to my Might to an enemy unit in a base.",蛋费鸡丁,portrait,https://cmsassets.rgpub.io/sanity/images/dsfx7636/game_data_live/0e8efd9af74b65170e04eed45844e6d7e2c4d70b-744x1039.png?accountingTag=RB
sfd-117-221,SFD-117/221,117,Ancient Henge,SFD,Spiritforged,epic,Epic,Gear,,Body,2,,1,,:rb_exhaust:: [Reaction] — Pay any amount of Energy to [Add] that much :rb_rune_rainbow:. (Abilities that add resources can't be reacted to.),Riftbound Gear: Ancient Henge. [T]: [Reaction] — Pay any amount of Energy to [Add] that much [A]. (Abilities that add resources can't be reacted to.),Six More Vodka,portrait,https://cmsassets.rgpub.io/sanity/images/dsfx7636/game_data_live/c7c260b77b4174a61aed6243ed90f76594102193-744x1039.png?accountingTag=RB
sfd-118-221,SFD-118/221,118,Boneshiver,SFD,Spiritforged,epic,Epic,Gear,,Body,3,,,Equipment,[Equip] :rb_energy_1::rb_rune_body: (:rb_energy_1::rb_rune_body:: Attach this to a unit you control.),Riftbound Gear: Boneshiver. [Equip] [1][C] ([1][C]: Attach this to a unit you control.),Envar Studio,portrait,https://cmsassets.rgpub.io/sanity/images/dsfx7636/game_data_live/c3e4d8c3f3975a7429428ac90e5ebcffa1f8e5a9-744x1039.png?accountingTag=RB
sfd-119-221,SFD-119/221,119,"Jax, Unrelenting",SFD,Spiritforged,epic,Epic,Unit,Champion,Body,4,3,1,"Jax, Icathia","[Weaponmaster] (When you play me, you may [Equip] one of your Equipment to me for :rb_rune_rainbow: less, even if it's already attached.)
When you attach an Equipment to me, you may pay :rb_energy_1: to draw 1.","Riftbound Unit: Jax, Unrelenting. [Weaponmaster] (When you play me, you may [Equip] one of your Equipment to me for [A] less, even if it's already attached.)
When you attach an Equipment to me, you may pay [1] to draw 1.",Envar Studio,portrait,https://cmsassets.rgpub.io/sanity/images/dsfx7636/game_data_live/e63ab3370a6e4ce4baddfba12ab92468f6cc9541-744x1039.png?accountingTag=RB
sfd-119a-221,SFD-119a/221,119,"Jax, Unrelenting",SFD,Spiritforged,showcase,Showcase,Unit,Champion,Body,4,3,1,"Jax, Icathia","[Weaponmaster] (When you play me, you may [Equip] one of your Equipment to me for :rb_rune_rainbow: less, even if it's already attached.)
When you attach an Equipment to me, you may pay :rb_energy_1: to draw 1.","Riftbound Unit: Jax, Unrelenting. [Weaponmaster] (When you play me, you may [Equip] one of your Equipment to me for [A] less, even if it's already attached.)
When you attach an Equipment to me, you may pay [1] to draw 1.",League Splash Team,portrait,https://cmsassets.rgpub.io/sanity/images/dsfx7636/game_data_live/a5796125bdb0af8ceb60cd0c5c273c6417e0f7da-744x1039.png?accountingTag=RB
sfd-120a-221,SFD-120a/221,120,"Sivir, Ambitious",SFD,Spiritforged,showcase,Showcase,Unit,Champion,Body,6,7,3,"Sivir, Shurima","[Deflect 2] (Opponents must pay :rb_rune_rainbow::rb_rune_rainbow: to choose me with a spell or Ability.)
When I conquer after an attack, if you assigned 5 or more excess damage to enemy units, you may deal that much to an enemy unit.","Riftbound Unit: Sivir, Ambitious. [Deflect 2] (Opponents must pay [A][A] to choose me with a spell or Ability.)
When I conquer after an attack, if you assigned 5 or more excess damage to enemy units, you may deal that much to an enemy unit.",League Splash Team,portrait,https://cmsassets.rgpub.io/sanity/images/dsfx7636/game_data_live/484adbe28bafadf0ac37d7787c916013bd106793-744x1039.png?accountingTag=RB
sfd-120-221,SFD-120/221,120,"Sivir, Ambitious",SFD,Spiritforged,epic,Epic,Unit,Champion,Body,6,7,3,"Sivir, Shurima","[Deflect 2] (Opponents must pay :rb_rune_rainbow::rb_rune_rainbow: to choose me with a spell or Ability.)
When I conquer after an attack, if you assigned 5 or more excess damage to enemy units, you may deal that much to an enemy unit.","Riftbound Unit: Sivir, Ambitious. [Deflect 2] (Opponents must pay [A][A] to choose me with a spell or Ability.)
When I conquer after an attack, if you assigned 5 or more excess damage to enemy units, you may deal that much to an enemy unit.",Six More Vodka,portrait,https://cmsassets.rgpub.io/sanity/images/dsfx7636/game_data_live/bd3f242c9ca59cfc2d7dc5b146877c66bb310bb7-744x1039.png?accountingTag=RB
sfd-121-221,SFD-121/221,121,Black Market Broker,SFD,Spiritforged,common,Common,Unit,,Chaos,3,3,,Zaun,"When you play a card from face down, play a Gold gear token exhausted.","Riftbound Unit: Black Market Broker. When you play a card from face down, play a Gold gear token exhausted.",Six More Vodka,portrait,https://cmsassets.rgpub.io/sanity/images/dsfx7636/game_data_live/f167c95cea17981f20b767ff81c180aab8a383e2-744x1039.png?accountingTag=RB
sfd-122-221,SFD-122/221,122,Called Shot,SFD,Spiritforged,common,Common,Spell,,Chaos,0,,1,,"[Action] (Play on your turn or in showdowns.)
[Repeat] :rb_rune_chaos: (You may pay the additional cost to repeat this spell's effect.)
Look at the top 2 cards of your Main Deck. Draw one and recycle the other.","Riftbound Spell: Called Shot. [Action] (Play on your turn or in showdowns.)
[Repeat] [C] (You may pay the additional cost to repeat this spell's effect.)
Look at the top 2 cards of your Main Deck. Draw one and recycle the other.",Kudos Productions,portrait,https://cmsassets.rgpub.io/sanity/images/dsfx7636/game_data_live/8fb07f0b3c0c697e324fb016f4cf7e4288aa4594-744x1039.png?accountingTag=RB
sfd-123-221,SFD-123/221,123,Corrupt Enforcer,SFD,Spiritforged,common,Common,Unit,,Chaos,3,4,1,Piltover,"When I move to a battlefield, discard 1.
When I win a combat, draw 1.","Riftbound Unit: Corrupt Enforcer. When I move to a battlefield, discard 1.
When I win a combat, draw 1.",Six More Vodka,portrait,https://cmsassets.rgpub.io/sanity/images/dsfx7636/game_data_live/3c0a6bf40b629fa038299329c1d803fc9fc8e61e-744x1039.png?accountingTag=RB
sfd-124-221,SFD-124/221,124,Doran's Ring,SFD,Spiritforged,common,Common,Gear,,Chaos,1,,,Equipment,[Equip] :rb_rune_chaos: (:rb_rune_chaos:: Attach this to a unit you control.),Riftbound Gear: Doran's Ring. [Equip] [C] ([C]: Attach this to a unit you control.),黯荧岛Dark Glow,portrait,https://cmsassets.rgpub.io/sanity/images/dsfx7636/game_data_live/054df5a11967b768430a2f763e1b5d4dbbac3b50-744x1039.png?accountingTag=RB
sfd-125-221,SFD-125/221,125,Fae Porter,SFD,Spiritforged,common,Common,Unit,,Chaos,4,4,,"Fae, Ionia","When I move to a battlefield, you may pay :rb_rune_chaos: to move a unit you control to the same battlefield.","Riftbound Unit: Fae Porter. When I move to a battlefield, you may pay [C] to move a unit you control to the same battlefield.",Kudos Productions,portrait,https://cmsassets.rgpub.io/sanity/images/dsfx7636/game_data_live/4d233b11d4efb2652d7ede556dd9f730903cdba9-744x1039.png?accountingTag=RB
sfd-126-221,SFD-126/221,126,Loyal Pup,SFD,Spiritforged,common,Common,Unit,,Chaos,3,3,,"Dog, Bandle City","When you defend at a battlefield, you may move me there.","Riftbound Unit: Loyal Pup. When you defend at a battlefield, you may move me there.",Kudos Productions,portrait,https://cmsassets.rgpub.io/sanity/images/dsfx7636/game_data_live/2f15c4508900636e1560fa0e8832aff6b3160d0f-744x1039.png?accountingTag=RB
sfd-127-221,SFD-127/221,127,Master Bingwen,SFD,Spiritforged,common,Common,Unit,,Chaos,6,6,,Ionia,"[Weaponmaster] (When you play me, you may [Equip] one of your Equipment to me for :rb_rune_rainbow: less, even if it's already attached.)","Riftbound Unit: Master Bingwen. [Weaponmaster] (When you play me, you may [Equip] one of your Equipment to me for [A] less, even if it's already attached.)",Kudos Productions,portrait,https://cmsassets.rgpub.io/sanity/images/dsfx7636/game_data_live/52c7f0fe49f24c29cb797613444f86a810292ec2-744x1039.png?accountingTag=RB
sfd-128-221,SFD-128/221,128,Overzealous Fan,SFD,Spiritforged,common,Common,Unit,,Chaos,2,2,,Noxus,"When I defend, you may kill me to move an attacking unit to its base.","Riftbound Unit: Overzealous Fan. When I defend, you may kill me to move an attacking unit to its base.",Six More Vodka,portrait,https://cmsassets.rgpub.io/sanity/images/dsfx7636/game_data_live/922d7f337fbf14f0d62d43f69ca2a1e7480dd022-744x1039.png?accountingTag=RB
sfd-129-221,SFD-129/221,129,Temptation,SFD,Spiritforged,common,Common,Spell,,Chaos,2,,,,"[Repeat] :rb_energy_2: (You may pay the additional cost to repeat this spell's effect.)
Move an enemy unit to a location where there's a unit with the same controller.","Riftbound Spell: Temptation. [Repeat] [2] (You may pay the additional cost to repeat this spell's effect.)
Move an enemy unit to a location where there's a unit with the same controller.",Polar Engine Studio,portrait,https://cmsassets.rgpub.io/sanity/images/dsfx7636/game_data_live/4d5075a540ff5e4a2daec598cb6400fbb6570673-744x1039.png?accountingTag=RB
sfd-130-221,SFD-130/221,130,Treasure Hunter,SFD,Spiritforged,common,Common,Unit,,Chaos,2,1,,Shurima,"When I move, play a Gold gear token exhausted.","Riftbound Unit: Treasure Hunter. When I move, play a Gold gear token exhausted.",Grafit Studio,portrait,https://cmsassets.rgpub.io/sanity/images/dsfx7636/game_data_live/c4e1bf257379b4612a1c58f0480480d9b698196c-744x1039.png?accountingTag=RB
sfd-131-221,SFD-131/221,131,Ancient Warmonger,SFD,Spiritforged,uncommon,Uncommon,Unit,,Chaos,5,4,,"Spirit, Noxus","[Accelerate] (You may pay :rb_energy_1::rb_rune_chaos: as an additional cost to have me enter ready.)
I have [Assault] equal to the number of enemy units here. (+1 :rb_might: while I'm an attacker for each instance of Assault.)","Riftbound Unit: Ancient Warmonger. [Accelerate] (You may pay [1][C] as an additional cost to have me enter ready.)
I have [Assault] equal to the number of enemy units here. (+1 [S] while I'm an attacker for each instance of Assault.)",Kudos Productions,portrait,https://cmsassets.rgpub.io/sanity/images/dsfx7636/game_data_live/8ba05afcfbe6901fb4bdb736d5e61656a551f668-744x1039.png?accountingTag=RB
sfd-132-221,SFD-132/221,132,Beast Below,SFD,Spiritforged,uncommon,Uncommon,Unit,,Chaos,7,8,2,Bilgewater,"When you play me, return another friendly unit and an enemy unit to their owners' hands.","Riftbound Unit: Beast Below. When you play me, return another friendly unit and an enemy unit to their owners' hands.",Six More Vodka,portrait,https://cmsassets.rgpub.io/sanity/images/dsfx7636/game_data_live/d27a56111c68c651099d7b73b22a54a825458857-744x1039.png?accountingTag=RB
sfd-133-221,SFD-133/221,133,Boots of Swiftness,SFD,Spiritforged,uncommon,Uncommon,Gear,,Chaos,3,,,Equipment,[Equip] :rb_rune_chaos: (:rb_rune_chaos:: Attach this to a unit you control.),Riftbound Gear: Boots of Swiftness. [Equip] [C] ([C]: Attach this to a unit you control.),黯荧岛Dark Glow,portrait,https://cmsassets.rgpub.io/sanity/images/dsfx7636/game_data_live/a8a8e977f7427227adac69b5d2db07f643d0df09-744x1039.png?accountingTag=RB
sfd-134-221,SFD-134/221,134,Cull,SFD,Spiritforged,uncommon,Uncommon,Gear,,Chaos,1,,,Equipment,[Equip] :rb_rune_chaos: (:rb_rune_chaos:: Attach this to a unit you control.),Riftbound Gear: Cull. [Equip] [C] ([C]: Attach this to a unit you control.),黯荧岛Dark Glow,portrait,https://cmsassets.rgpub.io/sanity/images/dsfx7636/game_data_live/885ee56a4153b4f9fd064e9d24c9d55400e1291f-744x1039.png?accountingTag=RB
sfd-135-221,SFD-135/221,135,Factory Recall,SFD,Spiritforged,uncommon,Uncommon,Spell,,Chaos,1,,,,"[Action] (Play on your turn or in showdowns.)
Return a gear to its owner's hand.","Riftbound Spell: Factory Recall. [Action] (Play on your turn or in showdowns.)
Return a gear to its owner's hand.",Kudos Productions,portrait,https://cmsassets.rgpub.io/sanity/images/dsfx7636/game_data_live/86bd2be6d0750e3444355bce229f83930825e968-744x1039.png?accountingTag=RB
sfd-136-221,SFD-136/221,136,Hard Bargain,SFD,Spiritforged,uncommon,Uncommon,Spell,,Chaos,2,,,,"[Reaction] (Play any time, even before spells and abilities resolve.)
[Repeat] :rb_energy_2: (You may pay the additional cost to repeat this spell's effect.)
Counter a spell unless its controller pays :rb_energy_2:.","Riftbound Spell: Hard Bargain. [Reaction] (Play any time, even before spells and abilities resolve.)
[Repeat] [2] (You may pay the additional cost to repeat this spell's effect.)
Counter a spell unless its controller pays [2].",Wild Blue Studios,portrait,https://cmsassets.rgpub.io/sanity/images/dsfx7636/game_data_live/2b09887a6e0d2f109aefea62ca6744488794c233-744x1039.png?accountingTag=RB
sfd-137-221,SFD-137/221,137,Harpoon Squad,SFD,Spiritforged,uncommon,Uncommon,Unit,,Chaos,4,4,,"Pirate, Bilgewater","When I move from a battlefield, give me +2 :rb_might: this turn.","Riftbound Unit: Harpoon Squad. When I move from a battlefield, give me +2 [S] this turn.",Six More Vodka,portrait,https://cmsassets.rgpub.io/sanity/images/dsfx7636/game_data_live/f50d32a202375bf09781ae578db107abe84937e0-744x1039.png?accountingTag=RB
sfd-138-221,SFD-138/221,138,Windsinger,SFD,Spiritforged,uncommon,Uncommon,Unit,,Chaos,2,1,,Ionia,"Hidden (Hide now for :rb_rune_rainbow: to react with later for :rb_energy_0:.)
When you play me, you may return another unit at a battlefield with 3 :rb_might: or less to its owner's hand.","Riftbound Unit: Windsinger. Hidden (Hide now for [A] to react with later for [0].)
When you play me, you may return another unit at a battlefield with 3 [S] or less to its owner's hand.",Kudos Productions,portrait,https://cmsassets.rgpub.io/sanity/images/dsfx7636/game_data_live/e47c9a3956f8fbb77daa5fdb2ee433dd1772f247-744x1039.png?accountingTag=RB
sfd-139-221,SFD-139/221,139,Edge of Night,SFD,Spiritforged,rare,Rare,Gear,,Chaos,3,,,Equipment,"[Hidden] (Hide now for :rb_rune_rainbow: to react with later for :rb_energy_0:.)
When you play this from face down, attach it to a unit you control here.
[Equip] :rb_rune_chaos: (:rb_rune_chaos:: Attach this to a unit you control.)","Riftbound Gear: Edge of Night. [Hidden] (Hide now for [A] to react with later for [0].)
When you play this from face down, attach it to a unit you control here.
[Equip] [C] ([C]: Attach this to a unit you control.)",黯荧岛Dark Glow,portrait,https://cmsassets.rgpub.io/sanity/images/dsfx7636/game_data_live/b3e385162bf3566618bb58b7a866eef846beefba-744x1039.png?accountingTag=RB
sfd-140-221,SFD-140/221,140,"Fizz, Trickster",SFD,Spiritforged,rare,Rare,Unit,Champion,Chaos,3,3,1,"Yordle, Fizz, Bilgewater","When you play me, you may play a spell from your trash with Energy cost no more than :rb_energy_3:, ignoring its Energy cost. Recycle that spell after you play it. (You must still pay its Power cost.)","Riftbound Unit: Fizz, Trickster. When you play me, you may play a spell from your trash with Energy cost no more than [3], ignoring its Energy cost. Recycle that spell after you play it. (You must still pay its Power cost.)",Six More Vodka,portrait,https://cmsassets.rgpub.io/sanity/images/dsfx7636/game_data_live/6d1c6615fb6ef5fb520a35b2ce76f8feee9167dc-744x1039.png?accountingTag=RB
sfd-141a-221,SFD-141a/221,141,"Irelia, Graceful",SFD,Spiritforged,showcase,Showcase,Unit,Champion,Chaos,4,4,1,"Irelia, Ionia",Your spells that choose me cost :rb_energy_1: or :rb_rune_rainbow: less.,"Riftbound Unit: Irelia, Graceful. Your spells that choose me cost [1] or [A] less.",League Splash Team,portrait,https://cmsassets.rgpub.io/sanity/images/dsfx7636/game_data_live/08419c2b5b7aa7e5f63854e324d5dabe0b5997a2-744x1039.png?accountingTag=RB
sfd-141-221,SFD-141/221,141,"Irelia, Graceful",SFD,Spiritforged,rare,Rare,Unit,Champion,Chaos,4,4,1,"Irelia, Ionia",Your spells that choose me cost :rb_energy_1: or :rb_rune_rainbow: less.,"Riftbound Unit: Irelia, Graceful. Your spells that choose me cost [1] or [A] less.",League Splash Team,portrait,https://cmsassets.rgpub.io/sanity/images/dsfx7636/game_data_live/03b9d73a7ef02447d7f4b67381a76616249061cc-744x1039.png?accountingTag=RB
sfd-142-221,SFD-142/221,142,Jae Medarda,SFD,Spiritforged,rare,Rare,Unit,,Chaos,5,5,2,Noxus,"When you choose me with a spell, draw 1.","Riftbound Unit: Jae Medarda. When you choose me with a spell, draw 1.",Six More Vodka,portrait,https://cmsassets.rgpub.io/sanity/images/dsfx7636/game_data_live/92eac6bb020a068d9c1668b59ecaaeab05112b3f-744x1039.png?accountingTag=RB
sfd-143a-221,SFD-143a/221,143,"Sivir, Mercenary",SFD,Spiritforged,showcase,Showcase,Unit,Champion,Chaos,4,4,1,"Sivir, Shurima","[Accelerate] (You may pay :rb_energy_1::rb_rune_chaos: as an additional cost to have me enter ready.)
If you've spent at least :rb_rune_rainbow::rb_rune_rainbow: this turn, I have +2 :rb_might: and [Ganking]. (I can move from battlefield to battlefield.)","Riftbound Unit: Sivir, Mercenary. [Accelerate] (You may pay [1][C] as an additional cost to have me enter ready.)
If you've spent at least [A][A] this turn, I have +2 [S] and [Ganking]. (I can move from battlefield to battlefield.)",League Splash Team,portrait,https://cmsassets.rgpub.io/sanity/images/dsfx7636/game_data_live/6c0eeb81da597528625d458cb4c560298b5bea50-744x1039.png?accountingTag=RB
sfd-143-221,SFD-143/221,143,"Sivir, Mercenary",SFD,Spiritforged,rare,Rare,Unit,Champion,Chaos,4,4,1,"Sivir, Shurima","[Accelerate] (You may pay :rb_energy_1::rb_rune_chaos: as an additional cost to have me enter ready.)
If you've spent at least :rb_rune_rainbow::rb_rune_rainbow: this turn, I have +2 :rb_might: and [Ganking]. (I can move from battlefield to battlefield.)","Riftbound Unit: Sivir, Mercenary. [Accelerate] (You may pay [1][C] as an additional cost to have me enter ready.)
If you've spent at least [A][A] this turn, I have +2 [S] and [Ganking]. (I can move from battlefield to battlefield.)",Six More Vodka,portrait,https://cmsassets.rgpub.io/sanity/images/dsfx7636/game_data_live/cb07b4adc6e301fae973ab13156028390facbad2-744x1039.png?accountingTag=RB
sfd-144-221,SFD-144/221,144,Spirit Wheel,SFD,Spiritforged,rare,Rare,Gear,,Chaos,2,,,,"When you choose a friendly unit, you may pay :rb_energy_1: and exhaust this to draw 1.","Riftbound Gear: Spirit Wheel. When you choose a friendly unit, you may pay [1] and exhaust this to draw 1.",Six More Vodka,portrait,https://cmsassets.rgpub.io/sanity/images/dsfx7636/game_data_live/d83d994e6dc7949eb783da16f4bbdb64342a8dfb-744x1039.png?accountingTag=RB
sfd-145-221,SFD-145/221,145,Switcheroo,SFD,Spiritforged,rare,Rare,Spell,,Chaos,2,,2,,"[Hidden] (Hide now for :rb_rune_rainbow: to react with later for :rb_energy_0:.)
[Action] (Play on your turn or in showdowns.)
Swap the Might of two units at the same battlefield this turn.","Riftbound Spell: Switcheroo. [Hidden] (Hide now for [A] to react with later for [0].)
[Action] (Play on your turn or in showdowns.)
Swap the Might of two units at the same battlefield this turn.",Kudos Productions,portrait,https://cmsassets.rgpub.io/sanity/images/dsfx7636/game_data_live/a4338f495feff5eee46d5349b5fded5e35e76176-744x1039.png?accountingTag=RB
sfd-146-221,SFD-146/221,146,"Vex, Cheerless",SFD,Spiritforged,rare,Rare,Unit,Champion,Chaos,5,5,1,"Yordle, Vex, Shadow Isles","While I'm in combat, friendly spells cost :rb_energy_1::rb_rune_rainbow: less to a minimum of :rb_energy_1:, and enemy spells cost :rb_energy_1::rb_rune_rainbow: more.","Riftbound Unit: Vex, Cheerless. While I'm in combat, friendly spells cost [1][A] less to a minimum of [1], and enemy spells cost [1][A] more.",Envar Studio,portrait,https://cmsassets.rgpub.io/sanity/images/dsfx7636/game_data_live/e9025578c7b5845a1a9c9a83e045bcbe71a76e71-744x1039.png?accountingTag=RB
sfd-147-221,SFD-147/221,147,Downwell,SFD,Spiritforged,epic,Epic,Spell,,Chaos,8,,2,,Return all units and gear to their owners' hands.,Riftbound Spell: Downwell. Return all units and gear to their owners' hands.,Kudos Productions,portrait,https://cmsassets.rgpub.io/sanity/images/dsfx7636/game_data_live/950eff0d07ef1e25be46fdb340fe8510c551c159-744x1039.png?accountingTag=RB
sfd-148a-221,SFD-148a/221,148,"Draven, Audacious",SFD,Spiritforged,showcase,Showcase,Unit,Champion,Chaos,6,6,1,"Draven, Noxus","[Deflect] (Opponents must pay :rb_rune_rainbow: to choose me with a spell or ability.)
The first time I win a combat each turn, you score 1 point.
When I die in combat, choose an opponent. They score 1 point.","Riftbound Unit: Draven, Audacious. [Deflect] (Opponents must pay [A] to choose me with a spell or ability.)
The first time I win a combat each turn, you score 1 point.
When I die in combat, choose an opponent. They score 1 point.",League Splash Team,portrait,https://cmsassets.rgpub.io/sanity/images/dsfx7636/game_data_live/2b2c2a20cd22c8799b211dd4d7f95c95a8be33ea-744x1039.png?accountingTag=RB
sfd-148-221,SFD-148/221,148,"Draven, Audacious",SFD,Spiritforged,epic,Epic,Unit,Champion,Chaos,6,6,1,"Draven, Noxus","[Deflect] (Opponents must pay :rb_rune_rainbow: to choose me with a spell or ability.)
The first time I win a combat each turn, you score 1 point.
When I die in combat, choose an opponent. They score 1 point.","Riftbound Unit: Draven, Audacious. [Deflect] (Opponents must pay [A] to choose me with a spell or ability.)
The first time I win a combat each turn, you score 1 point.
When I die in combat, choose an opponent. They score 1 point.",Six More Vodka,portrait,https://cmsassets.rgpub.io/sanity/images/dsfx7636/game_data_live/8247622cbe90eadada8d0660ea31d146b1207a87-744x1039.png?accountingTag=RB
sfd-149a-221,SFD-149a/221,149,"Ezreal, Prodigy",SFD,Spiritforged,showcase,Showcase,Unit,Champion,Chaos,3,3,1,"Ezreal, Piltover","When you play me, discard 1, then draw 2.
Optional additional costs you pay cost :rb_energy_1: or :rb_rune_rainbow: less.","Riftbound Unit: Ezreal, Prodigy. When you play me, discard 1, then draw 2.
Optional additional costs you pay cost [1] or [A] less.",League Splash Team,portrait,https://cmsassets.rgpub.io/sanity/images/dsfx7636/game_data_live/b371832f41cd8b15cd4f29828081dd030c48d7ac-744x1039.png?accountingTag=RB
sfd-149-221,SFD-149/221,149,"Ezreal, Prodigy",SFD,Spiritforged,epic,Epic,Unit,Champion,Chaos,3,3,1,"Ezreal, Piltover","When you play me, discard 1, then draw 2.
Optional additional costs you pay cost :rb_energy_1: or :rb_rune_rainbow: less.","Riftbound Unit: Ezreal, Prodigy. When you play me, discard 1, then draw 2.
Optional additional costs you pay cost [1] or [A] less.",Six More Vodka,portrait,https://cmsassets.rgpub.io/sanity/images/dsfx7636/game_data_live/b48d6242ceb84c3eae7109317d51efaf1e56c9c3-744x1039.png?accountingTag=RB
sfd-150-221,SFD-150/221,150,Last Rites,SFD,Spiritforged,epic,Epic,Gear,,Chaos,3,,,Equipment,"[Equip] — :rb_rune_chaos:, Recycle 2 cards from your trash (Pay the cost: Attach this to a unit you control.)","Riftbound Gear: Last Rites. [Equip] — [C], Recycle 2 cards from your trash (Pay the cost: Attach this to a unit you control.)",黯荧岛Dark Glow,portrait,https://cmsassets.rgpub.io/sanity/images/dsfx7636/game_data_live/6cfab85030bff454262794e4fa12f11b5dc45a74-744x1039.png?accountingTag=RB
sfd-151-221,SFD-151/221,151,Bonds of Strength,SFD,Spiritforged,common,Common,Spell,,Order,2,,,,"[Reaction] (Play any time, even before spells and abilities resolve.)
[Repeat] :rb_energy_2: (You may pay the additional cost to repeat this spell's effect.)
Give two friendly units each +1 :rb_might: this turn.","Riftbound Spell: Bonds of Strength. [Reaction] (Play any time, even before spells and abilities resolve.)
[Repeat] [2] (You may pay the additional cost to repeat this spell's effect.)
Give two friendly units each +1 [S] this turn.",Kudos Productions,portrait,https://cmsassets.rgpub.io/sanity/images/dsfx7636/game_data_live/344034c00d9fad558e98a64efab0310ad4bac37c-744x1039.png?accountingTag=RB
sfd-152-221,SFD-152/221,152,Eminent Benefactor,SFD,Spiritforged,common,Common,Unit,,Order,6,5,,Piltover,"When I hold, play two Gold gear tokens exhausted.","Riftbound Unit: Eminent Benefactor. When I hold, play two Gold gear tokens exhausted.",Six More Vodka,portrait,https://cmsassets.rgpub.io/sanity/images/dsfx7636/game_data_live/8b1a3e89fc40bb81c44f0ee232a701d85a1f209f-744x1039.png?accountingTag=RB
sfd-153-221,SFD-153/221,153,Eye of the Herald,SFD,Spiritforged,common,Common,Gear,,Order,1,,,Equipment,[Equip] :rb_rune_order: (:rb_rune_order:: Attach this to a unit you control.),Riftbound Gear: Eye of the Herald. [Equip] [C] ([C]: Attach this to a unit you control.),黯荧岛Dark Glow,portrait,https://cmsassets.rgpub.io/sanity/images/dsfx7636/game_data_live/fc3e26e0e4ff94de360f1163c41641daf81c1900-744x1039.png?accountingTag=RB
sfd-154-221,SFD-154/221,154,Guards!,SFD,Spiritforged,common,Common,Spell,,Order,3,,,,"[Hidden] (Hide now for :rb_rune_rainbow: to react with later for :rb_energy_0:.)
Play a 2 :rb_might: Sand Soldier unit token. You may pay :rb_rune_order: to ready it.","Riftbound Spell: Guards!. [Hidden] (Hide now for [A] to react with later for [0].)
Play a 2 [S] Sand Soldier unit token. You may pay [C] to ready it.",Kudos Productions,portrait,https://cmsassets.rgpub.io/sanity/images/dsfx7636/game_data_live/1dc4fef81d018c6cf14f0344b51ebcdec968aab9-744x1039.png?accountingTag=RB
sfd-155-221,SFD-155/221,155,Honest Broker,SFD,Spiritforged,common,Common,Unit,,Order,2,2,,Ionia,"[Deathknell] — Play a Gold gear token exhausted. (When I die, get the effect.)","Riftbound Unit: Honest Broker. [Deathknell] — Play a Gold gear token exhausted. (When I die, get the effect.)",Kudos Productions,portrait,https://cmsassets.rgpub.io/sanity/images/dsfx7636/game_data_live/b3cc9bb93888f6f276f674baa16a0e53c724ae99-744x1039.png?accountingTag=RB
sfd-156-221,SFD-156/221,156,Laurent Duelist,SFD,Spiritforged,common,Common,Unit,,Order,4,3,,Demacia,[Assault 2] (+2 :rb_might: while I'm an attacker.),Riftbound Unit: Laurent Duelist. [Assault 2] (+2 [S] while I'm an attacker.),JiHun Lee,portrait,https://cmsassets.rgpub.io/sanity/images/dsfx7636/game_data_live/7b3410a1d9ee175c4853453798bcd5f09d2e217c-744x1039.png?accountingTag=RB
sfd-157-221,SFD-157/221,157,Royal Guard,SFD,Spiritforged,common,Common,Unit,,Order,4,2,,Shurima,"When you play me, play a 2 :rb_might: Sand Soldier unit token here.","Riftbound Unit: Royal Guard. When you play me, play a 2 [S] Sand Soldier unit token here.",Kudos Productions,portrait,https://cmsassets.rgpub.io/sanity/images/dsfx7636/game_data_live/919d79a3f5a38c78476e6414a898a0dc7b385629-744x1039.png?accountingTag=RB
sfd-158-221,SFD-158/221,158,Sandshifter,SFD,Spiritforged,common,Common,Unit,,Order,5,6,2,Shurima,"When you play me, kill an enemy unit with 3 :rb_might: or less.","Riftbound Unit: Sandshifter. When you play me, kill an enemy unit with 3 [S] or less.",Kudos Productions,portrait,https://cmsassets.rgpub.io/sanity/images/dsfx7636/game_data_live/57f72b30862074bb5d1f302e86ee3cec024cd980-744x1039.png?accountingTag=RB
sfd-159-221,SFD-159/221,159,Trusty Ramhound,SFD,Spiritforged,common,Common,Unit,,Order,2,2,,"Dog, Elite, Demacia","While you have another unit here, I have +1 :rb_might:.","Riftbound Unit: Trusty Ramhound. While you have another unit here, I have +1 [S].",Kudos Productions,portrait,https://cmsassets.rgpub.io/sanity/images/dsfx7636/game_data_live/0bd3f82ebe45a4dc09204582d06900916e6c0480-744x1039.png?accountingTag=RB
sfd-160-221,SFD-160/221,160,Zaun Punk,SFD,Spiritforged,common,Common,Unit,,Order,3,3,,Zaun,"You may kill a friendly gear as an additional cost to play me.
When you play me, if you paid the additional cost, kill a gear.","Riftbound Unit: Zaun Punk. You may kill a friendly gear as an additional cost to play me.
When you play me, if you paid the additional cost, kill a gear.",Six More Vodka,portrait,https://cmsassets.rgpub.io/sanity/images/dsfx7636/game_data_live/af4eec8bb065708bf790b940fa065ea3e735afa0-744x1039.png?accountingTag=RB
sfd-161-221,SFD-161/221,161,B.F. Sword,SFD,Spiritforged,uncommon,Uncommon,Gear,,Order,4,,,Equipment,[Equip] :rb_rune_order: (:rb_rune_order:: Attach this to a unit you control.),Riftbound Gear: B.F. Sword. [Equip] [C] ([C]: Attach this to a unit you control.),黯荧岛Dark Glow,portrait,https://cmsassets.rgpub.io/sanity/images/dsfx7636/game_data_live/97cd20e414c7282abb18cf7691eb1a5a2435af90-744x1039.png?accountingTag=RB
sfd-162-221,SFD-162/221,162,Blood Money,SFD,Spiritforged,uncommon,Uncommon,Spell,,Order,2,,,,"[Action] (Play on your turn or in showdowns.)
Kill a unit at a battlefield with 2 :rb_might: or less. If it was an enemy unit, play a Gold gear token exhausted. If it was a friendly unit, play two Gold gear tokens exhausted.","Riftbound Spell: Blood Money. [Action] (Play on your turn or in showdowns.)
Kill a unit at a battlefield with 2 [S] or less. If it was an enemy unit, play a Gold gear token exhausted. If it was a friendly unit, play two Gold gear tokens exhausted.",Kudos Productions,portrait,https://cmsassets.rgpub.io/sanity/images/dsfx7636/game_data_live/0062fe2a96fc94bd8d85c01607a48e8619ed4e20-744x1039.png?accountingTag=RB
sfd-163-221,SFD-163/221,163,Deathgrip,SFD,Spiritforged,uncommon,Uncommon,Spell,,Order,2,,,,"[Reaction] (Play any time, even before spells and abilities resolve.)
Kill a friendly unit to give +:rb_might: equal to its Might to another friendly unit this turn. Draw 1.","Riftbound Spell: Deathgrip. [Reaction] (Play any time, even before spells and abilities resolve.)
Kill a friendly unit to give +[M] equal to its Might to another friendly unit this turn. Draw 1.",Polar Engine Studio,portrait,https://cmsassets.rgpub.io/sanity/images/dsfx7636/game_data_live/695304200c6fd3b287bd319ac564d31936b23d66-744x1039.png?accountingTag=RB
sfd-164-221,SFD-164/221,164,Drag Under,SFD,Spiritforged,uncommon,Uncommon,Spell,,Order,5,,1,,"[Action] (Play on your turn or in showdowns.)
I cost :rb_energy_2: less to play from anywhere other than your hand.
Kill a unit at a battlefield.","Riftbound Spell: Drag Under. [Action] (Play on your turn or in showdowns.)
I cost [2] less to play from anywhere other than your hand.
Kill a unit at a battlefield.",Kudos Productions,portrait,https://cmsassets.rgpub.io/sanity/images/dsfx7636/game_data_live/2400881960412ada4c1d1066105f206b02f8998a-744x1039.png?accountingTag=RB
sfd-165-221,SFD-165/221,165,Glasc Mixologist,SFD,Spiritforged,uncommon,Uncommon,Unit,,Order,5,5,1,Zaun,"[Deathknell] — You may play a unit with cost no more than :rb_energy_3: and no more than :rb_rune_rainbow: from your trash, ignoring its cost. (When I die, get the effect.)","Riftbound Unit: Glasc Mixologist. [Deathknell] — You may play a unit with cost no more than [3] and no more than [A] from your trash, ignoring its cost. (When I die, get the effect.)",Six More Vodka,portrait,https://cmsassets.rgpub.io/sanity/images/dsfx7636/game_data_live/e7422fee71796aa61f8d9691d07654b901fc20f2-744x1039.png?accountingTag=RB
sfd-166-221,SFD-166/221,166,Rally the Troops,SFD,Spiritforged,uncommon,Uncommon,Spell,,Order,2,,,,"[Action] (Play on your turn or in showdowns.)
When a friendly unit is played this turn, buff it. (If it doesn't have a buff, it gets a +1 :rb_might: buff.)
Draw 1.","Riftbound Spell: Rally the Troops. [Action] (Play on your turn or in showdowns.)
When a friendly unit is played this turn, buff it. (If it doesn't have a buff, it gets a +1 [S] buff.)
Draw 1.",Kudos Productions,portrait,https://cmsassets.rgpub.io/sanity/images/dsfx7636/game_data_live/952476dd51338ff97774946ded134a2072b2e6c9-744x1039.png?accountingTag=RB
sfd-167-221,SFD-167/221,167,Unsung Hero,SFD,Spiritforged,uncommon,Uncommon,Unit,,Order,2,2,,"Elite, Demacia","[Deathknell] — If I was [Mighty], draw 2. (When I die, get the effect. I'm Mighty while I have 5+ :rb_might:.)","Riftbound Unit: Unsung Hero. [Deathknell] — If I was [Mighty], draw 2. (When I die, get the effect. I'm Mighty while I have 5+ [S].)",Six More Vodka,portrait,https://cmsassets.rgpub.io/sanity/images/dsfx7636/game_data_live/2a227ef7494af6409000c13c4f3d1094cec3a3a8-744x1039.png?accountingTag=RB
sfd-168-221,SFD-168/221,168,Vanguard Armory,SFD,Spiritforged,uncommon,Uncommon,Gear,,Order,7,,1,,:rb_exhaust:: Play three 1 :rb_might: Recruit unit tokens. (You may play them to different locations.),Riftbound Gear: Vanguard Armory. [T]: Play three 1 [S] Recruit unit tokens. (You may play them to different locations.),Kudos Productions,portrait,https://cmsassets.rgpub.io/sanity/images/dsfx7636/game_data_live/4f4d735ff77ea599307e142196338d438fcedc05-744x1039.png?accountingTag=RB
sfd-169-221,SFD-169/221,169,Altar of Memories,SFD,Spiritforged,rare,Rare,Gear,,Order,2,,,,"When a friendly unit dies, you may exhaust me to draw 1, then put a card from your hand on the top or bottom of your Main Deck.","Riftbound Gear: Altar of Memories. When a friendly unit dies, you may exhaust me to draw 1, then put a card from your hand on the top or bottom of your Main Deck.",Kudos Productions,portrait,https://cmsassets.rgpub.io/sanity/images/dsfx7636/game_data_live/3ddc94a035d793d48987c6fe5d65fa11ea25c808-744x1039.png?accountingTag=RB
sfd-170a-221,SFD-170a/221,170,"Rek'Sai, Swarm Queen",SFD,Spiritforged,showcase,Showcase,Unit,Champion,Order,5,5,1,"Rek'Sai, The Void","When I attack, you may reveal the top 2 cards of your Main Deck. You may play one. Then recycle the rest. If the played card is a unit, you may play it here.","Riftbound Unit: Rek'Sai, Swarm Queen. When I attack, you may reveal the top 2 cards of your Main Deck. You may play one. Then recycle the rest. If the played card is a unit, you may play it here.",League Splash Team,portrait,https://cmsassets.rgpub.io/sanity/images/dsfx7636/game_data_live/a268cef6d06080055575bed86aca6db9d75359ac-744x1039.png?accountingTag=RB
sfd-170-221,SFD-170/221,170,"Rek'Sai, Swarm Queen",SFD,Spiritforged,rare,Rare,Unit,Champion,Order,5,5,1,"Rek'Sai, The Void","When I attack, you may reveal the top 2 cards of your Main Deck. You may play one. Then recycle the rest. If the played card is a unit, you may play it here.","Riftbound Unit: Rek'Sai, Swarm Queen. When I attack, you may reveal the top 2 cards of your Main Deck. You may play one. Then recycle the rest. If the played card is a unit, you may play it here.",Six More Vodka,portrait,https://cmsassets.rgpub.io/sanity/images/dsfx7636/game_data_live/5470aaad3bdb7ff5d2e605b07d93cedb7254c54d-744x1039.png?accountingTag=RB
sfd-171a-221,SFD-171a/221,171,"Renata Glasc, Industrialist",SFD,Spiritforged,showcase,Showcase,Unit,Champion,Order,4,4,1,"Renata Glasc, Zaun",Your tokens enter ready.,"Riftbound Unit: Renata Glasc, Industrialist. Your tokens enter ready.",League Splash Team,portrait,https://cmsassets.rgpub.io/sanity/images/dsfx7636/game_data_live/358df43d50a3fc018a6e092acd5fbb3031e0033d-744x1039.png?accountingTag=RB
sfd-171-221,SFD-171/221,171,"Renata Glasc, Industrialist",SFD,Spiritforged,rare,Rare,Unit,Champion,Order,4,4,1,"Renata Glasc, Zaun",Your tokens enter ready.,"Riftbound Unit: Renata Glasc, Industrialist. Your tokens enter ready.",League Splash Team,portrait,https://cmsassets.rgpub.io/sanity/images/dsfx7636/game_data_live/edacb8a82d840f2fe46233de9157319a1dc6361a-744x1039.png?accountingTag=RB
sfd-172-221,SFD-172/221,172,Sacred Shears,SFD,Spiritforged,rare,Rare,Gear,,Order,2,,1,Equipment,[Equip] :rb_rune_order: (:rb_rune_order:: Attach this to a unit you control.),Riftbound Gear: Sacred Shears. [Equip] [C] ([C]: Attach this to a unit you control.),Polar Engine Studio,portrait,https://cmsassets.rgpub.io/sanity/images/dsfx7636/game_data_live/af1069aef68d413127dfa84e4e96b8d66a8720ca-744x1039.png?accountingTag=RB
sfd-173-221,SFD-173/221,173,"Soraka, Wanderer",SFD,Spiritforged,rare,Rare,Unit,Champion,Order,4,4,1,"Soraka, Mount Targon","I must be assigned combat damage last.
If another unit you control here would die, if it has less Might than me, instead heal it, exhaust it, and recall it. (Send it to base. This isn't a move.)","Riftbound Unit: Soraka, Wanderer. I must be assigned combat damage last.
If another unit you control here would die, if it has less Might than me, instead heal it, exhaust it, and recall it. (Send it to base. This isn't a move.)",Six More Vodka,portrait,https://cmsassets.rgpub.io/sanity/images/dsfx7636/game_data_live/91fd5050b8caded842ce22c1e473f237cd991efd-744x1039.png?accountingTag=RB
sfd-174-221,SFD-174/221,174,Trove Golem,SFD,Spiritforged,rare,Rare,Unit,,Order,8,9,2,Freljord,"When you play me, play four Gold gear tokens exhausted.","Riftbound Unit: Trove Golem. When you play me, play four Gold gear tokens exhausted.",Envar Studio,portrait,https://cmsassets.rgpub.io/sanity/images/dsfx7636/game_data_live/e5b0966cc00203db1036b6fa95360541f72ae131-744x1039.png?accountingTag=RB
sfd-175-221,SFD-175/221,175,Undertitan,SFD,Spiritforged,rare,Rare,Unit,,Order,6,5,1,The Void,"When you play me, give your other units +2 :rb_might: this turn.
As I'm revealed from your deck, [Add] :rb_energy_2:.","Riftbound Unit: Undertitan. When you play me, give your other units +2 [S] this turn.
As I'm revealed from your deck, [Add] [2].",Kudos Productions,portrait,https://cmsassets.rgpub.io/sanity/images/dsfx7636/game_data_live/aa3bd795a1fa015b42bf64a2d588f527342c2a15-744x1039.png?accountingTag=RB
sfd-176-221,SFD-176/221,176,"Xin Zhao, Vigilant",SFD,Spiritforged,rare,Rare,Unit,Champion,Order,3,4,1,"Demacia, Xin Zhao","[Tank] (I must be assigned combat damage first.)
I enter ready if you have two or more other units in your base.","Riftbound Unit: Xin Zhao, Vigilant. [Tank] (I must be assigned combat damage first.)
I enter ready if you have two or more other units in your base.",JunHuan,portrait,https://cmsassets.rgpub.io/sanity/images/dsfx7636/game_data_live/ec694ac53a49fd4419434cb144daaaf0f38da574-744x1039.png?accountingTag=RB
sfd-177-221,SFD-177/221,177,"Azir, Sovereign",SFD,Spiritforged,epic,Epic,Unit,Champion,Order,4,4,,"Bird, Azir, Shurima","[Accelerate] (You may pay :rb_energy_1::rb_rune_order: as an additional cost to have me enter ready.)
When I attack, you may move any number of your token units to this battlefield.","Riftbound Unit: Azir, Sovereign. [Accelerate] (You may pay [1][C] as an additional cost to have me enter ready.)
When I attack, you may move any number of your token units to this battlefield.",Six More Vodka,portrait,https://cmsassets.rgpub.io/sanity/images/dsfx7636/game_data_live/088970936fc800bd2c4b36636734e16c83e1c8f9-744x1039.png?accountingTag=RB
sfd-177a-221,SFD-177a/221,177,"Azir, Sovereign",SFD,Spiritforged,showcase,Showcase,Unit,Champion,Order,4,4,,"Bird, Azir, Shurima","[Accelerate] (You may pay :rb_energy_1::rb_rune_order: as an additional cost to have me enter ready.)
When I attack, you may move any number of your token units to this battlefield.","Riftbound Unit: Azir, Sovereign. [Accelerate] (You may pay [1][C] as an additional cost to have me enter ready.)
When I attack, you may move any number of your token units to this battlefield.",League Splash Team,portrait,https://cmsassets.rgpub.io/sanity/images/dsfx7636/game_data_live/62c75543213df186d3f05236fda6abe8992c948e-744x1039.png?accountingTag=RB
sfd-178-221,SFD-178/221,178,Blade of the Ruined King,SFD,Spiritforged,epic,Epic,Gear,,Order,3,,1,Equipment,"[Equip] — :rb_rune_order:, Kill a friendly unit (Pay the cost: Attach this to a unit you control.)","Riftbound Gear: Blade of the Ruined King. [Equip] — [C], Kill a friendly unit (Pay the cost: Attach this to a unit you control.)",黯荧岛Dark Glow,portrait,https://cmsassets.rgpub.io/sanity/images/dsfx7636/game_data_live/26ab126258a15afd380c313e973f7469808ce55f-744x1039.png?accountingTag=RB
sfd-179-221,SFD-179/221,179,Corina Veraza,SFD,Spiritforged,epic,Epic,Unit,,Order,7,6,1,Zaun,"[Accelerate] (You may pay :rb_energy_1::rb_rune_order: as an additional cost to have me enter ready.)
When I move to a battlefield, play three 1 :rb_might: Recruit unit tokens here.","Riftbound Unit: Corina Veraza. [Accelerate] (You may pay [1][C] as an additional cost to have me enter ready.)
When I move to a battlefield, play three 1 [S] Recruit unit tokens here.",Six More Vodka,portrait,https://cmsassets.rgpub.io/sanity/images/dsfx7636/game_data_live/6b0f55aee4b4f9d0074c808e0fff00dcb7e35377-744x1039.png?accountingTag=RB
sfd-180a-221,SFD-180a/221,180,"Fiora, Worthy",SFD,Spiritforged,showcase,Showcase,Unit,Champion,Order,3,3,,"Fiora, Demacia","When a unit you control becomes [Mighty], you may pay :rb_rune_order: to ready it. (A unit is Mighty while it has 5+ :rb_might:.)","Riftbound Unit: Fiora, Worthy. When a unit you control becomes [Mighty], you may pay [C] to ready it. (A unit is Mighty while it has 5+ [S].)",League Splash Team,portrait,https://cmsassets.rgpub.io/sanity/images/dsfx7636/game_data_live/e38428b921717edf676bd7f9628fc61b1355814c-744x1039.png?accountingTag=RB
sfd-180-221,SFD-180/221,180,"Fiora, Worthy",SFD,Spiritforged,epic,Epic,Unit,Champion,Order,3,3,,"Fiora, Demacia","When a unit you control becomes [Mighty], you may pay :rb_rune_order: to ready it. (A unit is Mighty while it has 5+ :rb_might:.)","Riftbound Unit: Fiora, Worthy. When a unit you control becomes [Mighty], you may pay [C] to ready it. (A unit is Mighty while it has 5+ [S].)",League Splash Team,portrait,https://cmsassets.rgpub.io/sanity/images/dsfx7636/game_data_live/7339e76b7796242a15e97cfddbe04c32d5a05063-744x1039.png?accountingTag=RB
sfd-181-221,SFD-181/221,181,Mechanized Menace,SFD,Spiritforged,rare,Rare,Legend,,"Fury, Mind",,,,Rumble,Your Mechs have [Shield]. (+1 :rb_might: while they're defenders.),Riftbound Legend: Mechanized Menace. Your Mechs have [Shield]. (+1 [S] while they're defenders.),Pandart Studio,portrait,https://cmsassets.rgpub.io/sanity/images/dsfx7636/game_data_live/f311115e4c527ce82010596ce462d4050a9201b2-744x1039.png?accountingTag=RB
sfd-182-221,SFD-182/221,182,Danger Zone,SFD,Spiritforged,epic,Epic,Spell,Signature,"Fury, Mind",1,,1,Rumble,"[Reaction] (Play any time, even before spells and abilities resolve.)
[Repeat] :rb_energy_1::rb_rune_rainbow: (You may pay the additional cost to repeat this spell's effect.)
Give your Mechs +1 :rb_might: this turn.","Riftbound Spell: Danger Zone. [Reaction] (Play any time, even before spells and abilities resolve.)
[Repeat] [1][C] (You may pay the additional cost to repeat this spell's effect.)
Give your Mechs +1 [S] this turn.",Kudos Productions,portrait,https://cmsassets.rgpub.io/sanity/images/dsfx7636/game_data_live/c4652150ba885dd346b8f3622fd0e4ada7cf767f-744x1039.png?accountingTag=RB
sfd-183-221,SFD-183/221,183,Purifier,SFD,Spiritforged,rare,Rare,Legend,,"Fury, Body",,,,Lucian,Your Equipment each give [Assault]. (+1 :rb_might: while equipped unit is an attacker.),Riftbound Legend: Purifier. Your Equipment each give [Assault]. (+1 [S] while equipped unit is an attacker.),Pandart Studio,portrait,https://cmsassets.rgpub.io/sanity/images/dsfx7636/game_data_live/450cfb71b8890904d48b37a24bbdc78f8d849614-744x1039.png?accountingTag=RB
sfd-184-221,SFD-184/221,184,Relentless Pursuit,SFD,Spiritforged,epic,Epic,Spell,Signature,"Fury, Body",2,,1,Lucian,"[Action] (Play on your turn or in showdowns.)
Move a friendly unit. You may attach an Equipment with the same controller to it. This turn, that unit has ""When I conquer, you may move me to my base.""","Riftbound Spell: Relentless Pursuit. [Action] (Play on your turn or in showdowns.)
Move a friendly unit. You may attach an Equipment with the same controller to it. This turn, that unit has ""When I conquer, you may move me to my base.""",Max Grecke,portrait,https://cmsassets.rgpub.io/sanity/images/dsfx7636/game_data_live/48754730486abefdb56221d0760b9c963aae7c09-744x1039.png?accountingTag=RB
sfd-185-221,SFD-185/221,185,Glorious Executioner,SFD,Spiritforged,rare,Rare,Legend,,"Fury, Chaos",,,,Draven,"When you win a combat, draw 1. (You win if only your units remain after combat.)","Riftbound Legend: Glorious Executioner. When you win a combat, draw 1. (You win if only your units remain after combat.)",Pandart Studio,portrait,https://cmsassets.rgpub.io/sanity/images/dsfx7636/game_data_live/b01b2d0454ceeffdc106c4c64a390b275ebf390b-744x1039.png?accountingTag=RB
sfd-186-221,SFD-186/221,186,Spinning Axe,SFD,Spiritforged,epic,Epic,Gear,Signature,"Fury, Chaos",2,,1,"Draven, Equipment","[Quick-Draw] (This has [Reaction]. When you play it, attach it to a unit you control.)
[Equip] :rb_rune_rainbow: (:rb_rune_rainbow:: Attach this to a unit you control.)
[Temporary] (If this is unattached, kill it at the start of its controller's Beginning Phase, before scoring.)","Riftbound Gear: Spinning Axe. [Quick-Draw] (This has [Reaction]. When you play it, attach it to a unit you control.)
[Equip] [C] ([C]: Attach this to a unit you control.)
[Temporary] (If this is unattached, kill it at the start of its controller's Beginning Phase, before scoring.)",Six More Vodka,portrait,https://cmsassets.rgpub.io/sanity/images/dsfx7636/game_data_live/e4e0328034e605d000e23ac5e820d233f0e3b520-744x1039.png?accountingTag=RB
sfd-187-221,SFD-187/221,187,Void Burrower,SFD,Spiritforged,rare,Rare,Legend,,"Fury, Order",,,,Rek'Sai,"When you conquer, you may exhaust me to reveal the top 2 cards of your Main Deck. You may play one. Then recycle the rest.","Riftbound Legend: Void Burrower. When you conquer, you may exhaust me to reveal the top 2 cards of your Main Deck. You may play one. Then recycle the rest.",Pandart Studio,portrait,https://cmsassets.rgpub.io/sanity/images/dsfx7636/game_data_live/2db78549c30d8f9012af797fe075c4dc2355ec5d-744x1039.png?accountingTag=RB
sfd-188-221,SFD-188/221,188,Void Rush,SFD,Spiritforged,epic,Epic,Spell,Signature,"Fury, Order",2,,1,Rek'Sai,"Reveal the top 2 cards of your Main Deck. You may play one of them, reducing its cost by :rb_energy_2:. Draw any you did not play this way.","Riftbound Spell: Void Rush. Reveal the top 2 cards of your Main Deck. You may play one of them, reducing its cost by [2]. Draw any you did not play this way.",Kudos Productions,portrait,https://cmsassets.rgpub.io/sanity/images/dsfx7636/game_data_live/ce606f096ae76485cd8dd3cc337629b510f0d1e7-744x1039.png?accountingTag=RB
sfd-189-221,SFD-189/221,189,Fire Below the Mountain,SFD,Spiritforged,rare,Rare,Legend,,"Calm, Mind",,,,Ornn,:rb_exhaust:: [Reaction] — [Add] :rb_rune_rainbow:. Use only to play gear or use gear abilities. (Abilities that add resources can't be reacted to.),Riftbound Legend: Fire Below the Mountain. [T]: [Reaction] — [Add] [A]. Use only to play gear or use gear abilities. (Abilities that add resources can't be reacted to.),Pandart Studio,portrait,https://cmsassets.rgpub.io/sanity/images/dsfx7636/game_data_live/ed58d654034d545e54c85d836f3a6552772dd75b-744x1039.png?accountingTag=RB
sfd-190-221,SFD-190/221,190,Forgefire Cape,SFD,Spiritforged,epic,Epic,Gear,Signature,"Calm, Mind",4,,2,"Ornn, Equipment","[Unique] (Your deck can have only 1 card with this name.)
[Equip] :rb_rune_rainbow: (:rb_rune_rainbow:: Attach this to a unit you control.)","Riftbound Gear: Forgefire Cape. [Unique] (Your deck can have only 1 card with this name.)
[Equip] [C] ([C]: Attach this to a unit you control.)",Grafit Studio,portrait,https://cmsassets.rgpub.io/sanity/images/dsfx7636/game_data_live/9bc49433a6ec5a8f4f1b44351094523d51b6bc11-744x1039.png?accountingTag=RB
sfd-191-221,SFD-191/221,191,Rabadon's Deathcrown,SFD,Spiritforged,epic,Epic,Gear,Signature,"Calm, Mind",4,,2,"Ornn, Equipment","[Unique] (Your deck can have only 1 card with this name.)
[Equip] :rb_rune_rainbow: (:rb_rune_rainbow:: Attach this to a unit you control.)","Riftbound Gear: Rabadon's Deathcrown. [Unique] (Your deck can have only 1 card with this name.)
[Equip] [C] ([C]: Attach this to a unit you control.)",Grafit Studio,portrait,https://cmsassets.rgpub.io/sanity/images/dsfx7636/game_data_live/e93d11bdae446762b1932f0327d2ffe489fa4481-744x1039.png?accountingTag=RB
sfd-192-221,SFD-192/221,192,Shurelya's Requiem,SFD,Spiritforged,epic,Epic,Gear,Signature,"Calm, Mind",4,,2,"Ornn, Equipment","[Unique] (Your deck can have only 1 card with this name.)
[Equip] :rb_rune_rainbow: (:rb_rune_rainbow:: Attach this to a unit you control.)
When you play this, ready your units.","Riftbound Gear: Shurelya's Requiem. [Unique] (Your deck can have only 1 card with this name.)
[Equip] [C] ([C]: Attach this to a unit you control.)
When you play this, ready your units.",Grafit Studio,portrait,https://cmsassets.rgpub.io/sanity/images/dsfx7636/game_data_live/6f2f7175e61486859d7f5da804e41733d66b2254-744x1039.png?accountingTag=RB
sfd-193-221,SFD-193/221,193,Grandmaster at Arms,SFD,Spiritforged,rare,Rare,Legend,,"Calm, Body",,,,Jax,":rb_energy_1:, :rb_exhaust:: Attach a detached Equipment you control to a unit you control.
:rb_exhaust:: Attach an attached Equipment you control to a unit you control.","Riftbound Legend: Grandmaster at Arms. [1], [T]: Attach a detached Equipment you control to a unit you control.
[T]: Attach an attached Equipment you control to a unit you control.",Pandart Studio,portrait,https://cmsassets.rgpub.io/sanity/images/dsfx7636/game_data_live/c6ddf49d7249bc8ac194fd9b194bfcb8857a4466-744x1039.png?accountingTag=RB
sfd-194-221,SFD-194/221,194,Counter Strike,SFD,Spiritforged,epic,Epic,Spell,Signature,"Calm, Body",2,,1,Jax,"[Reaction] (Play any time, even before spells and abilities resolve.)
Choose a unit. The next time that unit would be dealt damage this turn, prevent it. Draw 1.","Riftbound Spell: Counter Strike. [Reaction] (Play any time, even before spells and abilities resolve.)
Choose a unit. The next time that unit would be dealt damage this turn, prevent it. Draw 1.",Kudos Productions,portrait,https://cmsassets.rgpub.io/sanity/images/dsfx7636/game_data_live/7c643b3da9a78518b1b92e3eeb0078b88d82bf79-744x1039.png?accountingTag=RB
sfd-195-221,SFD-195/221,195,Blade Dancer,SFD,Spiritforged,rare,Rare,Legend,,"Calm, Chaos",,,,Irelia,"When you choose a friendly unit, you may exhaust me and pay :rb_rune_rainbow: to ready it.
When you conquer, you may pay :rb_energy_1: to ready me.","Riftbound Legend: Blade Dancer. When you choose a friendly unit, you may exhaust me and pay [A] to ready it.
When you conquer, you may pay [1] to ready me.",Pandart Studio,portrait,https://cmsassets.rgpub.io/sanity/images/dsfx7636/game_data_live/656ef2d1724b818e9e737ec5dcce923de067a316-744x1039.png?accountingTag=RB
sfd-196-221,SFD-196/221,196,Defiant Dance,SFD,Spiritforged,epic,Epic,Spell,Signature,"Calm, Chaos",1,,1,Irelia,"[Reaction] (Play any time, even before spells and abilities resolve.)
Give a unit +2 :rb_might: this turn and another unit -2 :rb_might: this turn.","Riftbound Spell: Defiant Dance. [Reaction] (Play any time, even before spells and abilities resolve.)
Give a unit +2 [S] this turn and another unit -2 [S] this turn.",Kudos Productions,portrait,https://cmsassets.rgpub.io/sanity/images/dsfx7636/game_data_live/6f5bc5c9e321830337998a2b85e4fec3cd8251c9-744x1039.png?accountingTag=RB
sfd-197-221,SFD-197/221,197,Emperor of the Sands,SFD,Spiritforged,rare,Rare,Legend,,"Calm, Order",,,,Azir,"Your Sand Soldiers have [Weaponmaster].
:rb_energy_1:, :rb_exhaust:: Play a 2 :rb_might: Sand Soldier unit token to your base. Use only if you've played an Equipment this turn.","Riftbound Legend: Emperor of the Sands. Your Sand Soldiers have [Weaponmaster].
[1], [T]: Play a 2 [S] Sand Soldier unit token to your base. Use only if you've played an Equipment this turn.",蛋费鸡丁,portrait,https://cmsassets.rgpub.io/sanity/images/dsfx7636/game_data_live/0472274c49f6540858758ebf9bd2f107a601541a-744x1039.png?accountingTag=RB
sfd-198-221,SFD-198/221,198,Arise!,SFD,Spiritforged,epic,Epic,Spell,Signature,"Calm, Order",6,,1,Azir,Play a 2 :rb_might: Sand Soldier unit token for each Equipment you control. Then ready two of them.,Riftbound Spell: Arise!. Play a 2 [M] Sand Soldier unit token for each Equipment you control. Then ready two of them.,Kudos Productions,portrait,https://cmsassets.rgpub.io/sanity/images/dsfx7636/game_data_live/346f4698fea2878dde88470c1793047140c981e3-744x1039.png?accountingTag=RB
sfd-199-221,SFD-199/221,199,Prodigal Explorer,SFD,Spiritforged,rare,Rare,Legend,,"Mind, Chaos",,,,Ezreal,:rb_exhaust:: [Reaction] — Draw 1. Use only if you've chosen enemy units and/or gear twice this turn with spells or unit abilities.,Riftbound Legend: Prodigal Explorer. [T]: [Reaction] — Draw 1. Use only if you've chosen enemy units and/or gear twice this turn with spells or unit abilities.,Pandart Studio,portrait,https://cmsassets.rgpub.io/sanity/images/dsfx7636/game_data_live/d0e143d9edbc14971b2a7b463b3c25b2b6a0c098-744x1039.png?accountingTag=RB
sfd-200-221,SFD-200/221,200,Arcane Shift,SFD,Spiritforged,epic,Epic,Spell,Signature,"Mind, Chaos",3,,1,Ezreal,"[Action] (Play on your turn or in showdowns.)
Banish a friendly unit, then its owner plays it, ignoring its cost. Deal 3 to an enemy unit at a battlefield. Banish this.","Riftbound Spell: Arcane Shift. [Action] (Play on your turn or in showdowns.)
Banish a friendly unit, then its owner plays it, ignoring its cost. Deal 3 to an enemy unit at a battlefield. Banish this.",Original Force,portrait,https://cmsassets.rgpub.io/sanity/images/dsfx7636/game_data_live/a5d1d26dee01db24f32a1432639478753d22aa92-744x1039.png?accountingTag=RB
sfd-201-221,SFD-201/221,201,Chem-Baroness,SFD,Spiritforged,rare,Rare,Legend,,"Mind, Order",,,,Renata Glasc,"When you or an ally hold, you may exhaust me to play a Gold gear token exhausted.
While your score is within 3 points of the Victory Score, your Gold [Add] an additional :rb_energy_1:.","Riftbound Legend: Chem-Baroness. When you or an ally hold, you may exhaust me to play a Gold gear token exhausted.
While your score is within 3 points of the Victory Score, your Gold [Add] an additional [1].",Pandart Studio,portrait,https://cmsassets.rgpub.io/sanity/images/dsfx7636/game_data_live/4bd289c281ad64229061ff909abf88c12a574833-744x1039.png?accountingTag=RB
sfd-202-221,SFD-202/221,202,Hostile Takeover,SFD,Spiritforged,epic,Epic,Spell,Signature,"Mind, Order",5,,2,Renata Glasc,"[Hidden] (Hide now for :rb_rune_rainbow: to react with later for :rb_energy_0:.)
Take control of an enemy unit at a battlefield. Ready it. (Start a combat if other enemies are there. Otherwise, conquer.)
Lose control of that unit and recall it at end of turn. (Send it to base. This isn't a move.)","Riftbound Spell: Hostile Takeover. [Hidden] (Hide now for [A] to react with later for [0].)
Take control of an enemy unit at a battlefield. Ready it. (Start a combat if other enemies are there. Otherwise, conquer.)
Lose control of that unit and recall it at end of turn. (Send it to base. This isn't a move.)",Grafit Studio,portrait,https://cmsassets.rgpub.io/sanity/images/dsfx7636/game_data_live/56651a87166df7108ce9f945bd71390d4926770a-744x1039.png?accountingTag=RB
sfd-203-221,SFD-203/221,203,Battle Mistress,SFD,Spiritforged,rare,Rare,Legend,,"Body, Chaos",,,,Sivir,"When you recycle a rune, you may exhaust me to play a Gold gear token exhausted.
When one or more enemy units die, ready me.","Riftbound Legend: Battle Mistress. When you recycle a rune, you may exhaust me to play a Gold gear token exhausted.
When one or more enemy units die, ready me.",Zhongqi Li,portrait,https://cmsassets.rgpub.io/sanity/images/dsfx7636/game_data_live/fd060882c32a8deac04aea4241c6ab7b97236a05-744x1039.png?accountingTag=RB
sfd-204-221,SFD-204/221,204,On the Hunt,SFD,Spiritforged,epic,Epic,Spell,Signature,"Body, Chaos",1,,2,Sivir,Ready your units.,Riftbound Spell: On the Hunt. Ready your units.,Grafit Studio,portrait,https://cmsassets.rgpub.io/sanity/images/dsfx7636/game_data_live/3205df9cf3d12551c445a740889392264ec95b09-744x1039.png?accountingTag=RB
sfd-205-221,SFD-205/221,205,Grand Duelist,SFD,Spiritforged,rare,Rare,Legend,,"Body, Order",,,,Fiora,"When one of your units becomes [Mighty], you may exhaust me to channel 1 rune exhausted. (A unit is Mighty while it has 5+ :rb_might:.)","Riftbound Legend: Grand Duelist. When one of your units becomes [Mighty], you may exhaust me to channel 1 rune exhausted. (A unit is Mighty while it has 5+ [S].)",Pandart Studio,portrait,https://cmsassets.rgpub.io/sanity/images/dsfx7636/game_data_live/37064aa79c13316b5dd28f0a2b054821a43f6650-744x1039.png?accountingTag=RB
sfd-206-221,SFD-206/221,206,Riposte,SFD,Spiritforged,epic,Epic,Spell,Signature,"Body, Order",2,,2,Fiora,"[Reaction] (Play any time, even before spells and abilities resolve.)
Choose a friendly unit and a spell. Counter that spell and give that unit +:rb_might: equal to that spell's Energy cost this turn.","Riftbound Spell: Riposte. [Reaction] (Play any time, even before spells and abilities resolve.)
Choose a friendly unit and a spell. Counter that spell and give that unit +[S] equal to that spell's Energy cost this turn.",Kudos Productions,portrait,https://cmsassets.rgpub.io/sanity/images/dsfx7636/game_data_live/07af52eada661904b467ca118c2715435f0a3b00-744x1039.png?accountingTag=RB
sfd-207-221,SFD-207/221,207,Emperor's Dais,SFD,Spiritforged,uncommon,Uncommon,Battlefield,,Colorless,,,,,"When you conquer here, you may pay :rb_energy_1: and return a unit you control here to its owner's hand. If you do, play a 2 :rb_might: Sand Soldier unit token here.","Riftbound Battlefield: Emperor's Dais. When you conquer here, you may pay [1] and return a unit you control here to its owner's hand. If you do, play a 2 [S] Sand Soldier unit token here.",Kudos Productions,landscape,https://cmsassets.rgpub.io/sanity/images/dsfx7636/game_data_live/c1ea4f6f58a62fc2b62647aa3459109e3d10297a-1039x744.png?accountingTag=RB
sfd-208-221,SFD-208/221,208,Forge of the Fluft,SFD,Spiritforged,uncommon,Uncommon,Battlefield,,Colorless,,,,,"While you control this battlefield, friendly legends have "":rb_exhaust:: Attach an Equipment you control to a unit you control.""","Riftbound Battlefield: Forge of the Fluft. While you control this battlefield, friendly legends have ""[T]: Attach an Equipment you control to a unit you control.""",Dao Trong Le,landscape,https://cmsassets.rgpub.io/sanity/images/dsfx7636/game_data_live/6ad10353e7fc1337d8cc79086f8eaac1c75f5598-1039x744.png?accountingTag=RB
sfd-209-221,SFD-209/221,209,Forgotten Monument,SFD,Spiritforged,uncommon,Uncommon,Battlefield,,Colorless,,,,,Players can't score here until their third turn.,Riftbound Battlefield: Forgotten Monument. Players can't score here until their third turn.,Envar Studio,landscape,https://cmsassets.rgpub.io/sanity/images/dsfx7636/game_data_live/b0c98558fccd68c9ac93cd5b3412c31c68b5ace9-1039x744.png?accountingTag=RB
sfd-210-221,SFD-210/221,210,Hall of Legends,SFD,Spiritforged,uncommon,Uncommon,Battlefield,,Colorless,,,,,"When you conquer here, you may pay :rb_energy_1: to ready your legend.","Riftbound Battlefield: Hall of Legends. When you conquer here, you may pay [1] to ready your legend.",Kudos Productions,landscape,https://cmsassets.rgpub.io/sanity/images/dsfx7636/game_data_live/3b6438877bd2bd95e7a3a8921ddf6bca26d3fd95-1039x744.png?accountingTag=RB
sfd-211-221,SFD-211/221,211,Marai Spire,SFD,Spiritforged,uncommon,Uncommon,Battlefield,,Colorless,,,,,"While you control this battlefield, friendly [Repeat] costs cost :rb_energy_1: less.","Riftbound Battlefield: Marai Spire. While you control this battlefield, friendly [Repeat] costs cost [1] less.",Envar Studio,landscape,https://cmsassets.rgpub.io/sanity/images/dsfx7636/game_data_live/ff64dcbac9b392d4f6930a7359114aa68aa14ebe-1039x744.png?accountingTag=RB
sfd-212-221,SFD-212/221,212,Minefield,SFD,Spiritforged,uncommon,Uncommon,Battlefield,,Colorless,,,,,"When you conquer here, put the top 2 cards of your Main Deck into your trash.","Riftbound Battlefield: Minefield. When you conquer here, put the top 2 cards of your Main Deck into your trash.",Kudos Productions,landscape,https://cmsassets.rgpub.io/sanity/images/dsfx7636/game_data_live/46614658b08563f07cc81a4f4fa4ec8a067710b9-1039x744.png?accountingTag=RB
sfd-213-221,SFD-213/221,213,Ornn's Forge,SFD,Spiritforged,uncommon,Uncommon,Battlefield,,Colorless,,,,,"While you control this battlefield, the first friendly non-token gear played each turn costs :rb_energy_1: less.","Riftbound Battlefield: Ornn's Forge. While you control this battlefield, the first friendly non-token gear played each turn costs [1] less.",Envar Studio,landscape,https://cmsassets.rgpub.io/sanity/images/dsfx7636/game_data_live/e228948bc7a6d8ee858fbc0bed3d93a53f467097-1039x744.png?accountingTag=RB
sfd-214-221,SFD-214/221,214,Power Nexus,SFD,Spiritforged,uncommon,Uncommon,Battlefield,,Colorless,,,,,"When you hold here, you may pay :rb_rune_rainbow::rb_rune_rainbow::rb_rune_rainbow::rb_rune_rainbow: to score 1 point.","Riftbound Battlefield: Power Nexus. When you hold here, you may pay [A][A][A][A] to score 1 point.",Kudos Productions,landscape,https://cmsassets.rgpub.io/sanity/images/dsfx7636/game_data_live/653db9a5f2aead0191c8d61da3d1876fb894b545-1039x744.png?accountingTag=RB
sfd-215-221,SFD-215/221,215,Ravenbloom Conservatory,SFD,Spiritforged,uncommon,Uncommon,Battlefield,,Colorless,,,,,"When you defend here, reveal the top card of your Main Deck. If it's a spell, put it in your hand. Otherwise, recycle it.","Riftbound Battlefield: Ravenbloom Conservatory. When you defend here, reveal the top card of your Main Deck. If it's a spell, put it in your hand. Otherwise, recycle it.",Will Gist,landscape,https://cmsassets.rgpub.io/sanity/images/dsfx7636/game_data_live/6d820754b197eb5fb2af7567b7a7573e9a076e51-1039x744.png?accountingTag=RB
sfd-216-221,SFD-216/221,216,Rockfall Path,SFD,Spiritforged,uncommon,Uncommon,Battlefield,,Colorless,,,,,Units can't be played here.,Riftbound Battlefield: Rockfall Path. Units can't be played here.,Polar Engine Studio,landscape,https://cmsassets.rgpub.io/sanity/images/dsfx7636/game_data_live/a1bde66bccf2786e7c0b9d44fcdcdaa6b59f0328-1039x744.png?accountingTag=RB
sfd-217-221,SFD-217/221,217,Seat of Power,SFD,Spiritforged,uncommon,Uncommon,Battlefield,,Colorless,,,,,"When you conquer here, draw 1 for each other battlefield you or allies control..","Riftbound Battlefield: Seat of Power. When you conquer here, draw 1 for each other battlefield you or allies control..",Kudos Productions,landscape,https://cmsassets.rgpub.io/sanity/images/dsfx7636/game_data_live/8b9db30f8eedd5e5463a0fceaeaf90069bce39ae-1039x744.png?accountingTag=RB
sfd-218-221,SFD-218/221,218,Sunken Temple,SFD,Spiritforged,uncommon,Uncommon,Battlefield,,Colorless,,,,,"When you conquer here with one or more [Mighty] units, you may pay :rb_energy_1: to draw 1. (A unit is Mighty while it has 5+ :rb_might:.)","Riftbound Battlefield: Sunken Temple. When you conquer here with one or more [Mighty] units, you may pay [1] to draw 1. (A unit is Mighty while it has 5+ [S].)",Envar Studio,landscape,https://cmsassets.rgpub.io/sanity/images/dsfx7636/game_data_live/06f6d17929d19000006cf281d013ecbe1543af0e-1039x744.png?accountingTag=RB
sfd-219-221,SFD-219/221,219,The Papertree,SFD,Spiritforged,uncommon,Uncommon,Battlefield,,Colorless,,,,,"When you hold here, each player channels 1 rune exhausted.","Riftbound Battlefield: The Papertree. When you hold here, each player channels 1 rune exhausted.",Kudos Productions,landscape,https://cmsassets.rgpub.io/sanity/images/dsfx7636/game_data_live/c395b94a4f78b4e8b0590b56787c33600b18e358-1039x744.png?accountingTag=RB
sfd-220-221,SFD-220/221,220,Treasure Hoard,SFD,Spiritforged,uncommon,Uncommon,Battlefield,,Colorless,,,,,"When you conquer here, you may pay :rb_energy_1: to play a Gold gear token exhausted.","Riftbound Battlefield: Treasure Hoard. When you conquer here, you may pay [1] to play a Gold gear token exhausted.",Caravan Studio,landscape,https://cmsassets.rgpub.io/sanity/images/dsfx7636/game_data_live/cb39bf9f8c30d1ed756ba1b83c975a89d3635159-1039x744.png?accountingTag=RB
sfd-221-221,SFD-221/221,221,Veiled Temple,SFD,Spiritforged,uncommon,Uncommon,Battlefield,,Colorless,,,,,"When you conquer here, you may ready a friendly gear. If it's an Equipment, you may detach it.","Riftbound Battlefield: Veiled Temple. When you conquer here, you may ready a friendly gear. If it's an Equipment, you may detach it.",Kudos Productions,landscape,https://cmsassets.rgpub.io/sanity/images/dsfx7636/game_data_live/6f2b38874a09b3e3df3fe584ea77e84aa5423e37-1039x744.png?accountingTag=RB
sfd-222-221,SFD-222/221,222,Seal of Rage,SFD,Spiritforged,showcase,Showcase,Gear,,Fury,0,,1,,:rb_exhaust:: [Reaction] — [Add] :rb_rune_fury:. (Abilities that add resources can't be reacted to.),Riftbound Gear: Seal of Rage. [T]: [Reaction] — [Add] [C]. (Abilities that add resources can't be reacted to.),Envar Studio,portrait,https://cmsassets.rgpub.io/sanity/images/dsfx7636/game_data_live/669d4dd94cf2d88ad58333c13a98cca2014e71aa-744x1039.png?accountingTag=RB
sfd-223-221,SFD-223/221,223,"Vayne, Hunter",SFD,Spiritforged,showcase,Showcase,Unit,Champion,Fury,4,2,1,"Vayne, Demacia, Sentinel","[Assault 3] (+3 :rb_might: while I'm an attacker.)
If an opponent controls a battlefield, I enter ready.
When I conquer, you may pay :rb_energy_1: to return me to my owner's hand.","Riftbound Unit: Vayne, Hunter. [Assault 3] (+3 [S] while I'm an attacker.)
If an opponent controls a battlefield, I enter ready.
When I conquer, you may pay [1] to return me to my owner's hand.",John Kafka,portrait,https://cmsassets.rgpub.io/sanity/images/dsfx7636/game_data_live/6f8caecc98cb5dae1b818677ef5baaaa4a5f7cb2-744x1039.png?accountingTag=RB
sfd-223-star-221,SFD-223*/221,223,"Vayne, Hunter",SFD,Spiritforged,showcase,Showcase,Unit,Champion,Fury,4,2,1,"Vayne, Demacia, Sentinel","[Assault 3] (+3 :rb_might: while I'm an attacker.)
If an opponent controls a battlefield, I enter ready.
When I conquer, you may pay :rb_energy_1: to return me to my owner's hand.","Riftbound Unit: Vayne, Hunter. [Assault 3] (+3 [S] while I'm an attacker.)
If an opponent controls a battlefield, I enter ready.
When I conquer, you may pay [1] to return me to my owner's hand.",John Kafka,portrait,https://cmsassets.rgpub.io/sanity/images/dsfx7636/game_data_live/75f9eac062e43105ee602b6050fe230fb8d2dce5-744x1039.png?accountingTag=RB
sfd-224-221,SFD-224/221,224,"Aphelios, Exalted",SFD,Spiritforged,showcase,Showcase,Unit,Champion,Calm,4,4,1,"Aphelios, Mount Targon","When you attach an Equipment to me, choose one that hasn't been chosen this turn —Ready 2 runes.Channel 1 rune exhausted.Buff a friendly unit.","Riftbound Unit: Aphelios, Exalted. When you attach an Equipment to me, choose one that hasn't been chosen this turn —
- Ready 2 runes.
- Channel 1 rune exhausted.
- Buff a friendly unit.",Masaki Hsu,portrait,https://cmsassets.rgpub.io/sanity/images/dsfx7636/game_data_live/1da6ebc24ad6360186208ab70a0c43443c349bbe-744x1039.png?accountingTag=RB
sfd-224-star-221,SFD-224*/221,224,"Aphelios, Exalted",SFD,Spiritforged,showcase,Showcase,Unit,Champion,Calm,4,4,1,"Aphelios, Mount Targon","When you attach an Equipment to me, choose one that hasn't been chosen this turn —Ready 2 runes.Channel 1 rune exhausted.Buff a friendly unit.","Riftbound Unit: Aphelios, Exalted. When you attach an Equipment to me, choose one that hasn't been chosen this turn —
- Ready 2 runes.
- Channel 1 rune exhausted.
- Buff a friendly unit.",Masaki Hsu,portrait,https://cmsassets.rgpub.io/sanity/images/dsfx7636/game_data_live/58bb3f7a73a8aa38159cc63439e0483ca2574157-744x1039.png?accountingTag=RB
sfd-225-221,SFD-225/221,225,"Irelia, Fervent",SFD,Spiritforged,showcase,Showcase,Unit,Champion,Calm,5,4,,"Irelia, Ionia","[Deflect] (Opponents must pay :rb_rune_rainbow: to choose me with a spell or ability.)
When you choose or ready me, give me +1 :rb_might: this turn.","Riftbound Unit: Irelia, Fervent. [Deflect] (Opponents must pay [A] to choose me with a spell or ability.)
When you choose or ready me, give me +1 [S] this turn.",Bo Chen,portrait,https://cmsassets.rgpub.io/sanity/images/dsfx7636/game_data_live/40454a8534f7c9444bafd000ffbfc0e5bcc847f0-744x1039.png?accountingTag=RB
sfd-225-star-221,SFD-225*/221,225,"Irelia, Fervent",SFD,Spiritforged,showcase,Showcase,Unit,Champion,Calm,5,4,,"Irelia, Ionia","[Deflect] (Opponents must pay :rb_rune_rainbow: to choose me with a spell or ability.)
When you choose or ready me, give me +1 :rb_might: this turn.","Riftbound Unit: Irelia, Fervent. [Deflect] (Opponents must pay [A] to choose me with a spell or ability.)
When you choose or ready me, give me +1 [S] this turn.",Bo Chen,portrait,https://cmsassets.rgpub.io/sanity/images/dsfx7636/game_data_live/e064a9017b5d6bf0e18c4452acfca4ed8c279657-744x1039.png?accountingTag=RB
sfd-226-221,SFD-226/221,226,Seal of Focus,SFD,Spiritforged,showcase,Showcase,Gear,,Calm,0,,1,,:rb_exhaust:: [Reaction] — [Add] :rb_rune_calm:. (Abilities that add resources can't be reacted to.),Riftbound Gear: Seal of Focus. [T]: [Reaction] — [Add] [C]. (Abilities that add resources can't be reacted to.),Envar Studio,portrait,https://cmsassets.rgpub.io/sanity/images/dsfx7636/game_data_live/8b6bb0da7d3b37dad51148b7914e7d2b840b6482-744x1039.png?accountingTag=RB
sfd-227-star-221,SFD-227*/221,227,"Ahri, Inquisitive",SFD,Spiritforged,showcase,Showcase,Unit,Champion,Mind,3,3,1,Ahri,"When I attack or defend, give an enemy unit here -2 :rb_might: this turn, to a minimum of 1 :rb_might:.","Riftbound Unit: Ahri, Inquisitive. When I attack or defend, give an enemy unit here -2 [S] this turn, to a minimum of 1 [S].",Shawn Tan,portrait,https://cmsassets.rgpub.io/sanity/images/dsfx7636/game_data_live/608f786c30a7e80db87d3c2d45bc0c26b0840c5e-744x1039.png?accountingTag=RB
sfd-227-221,SFD-227/221,227,"Ahri, Inquisitive",SFD,Spiritforged,showcase,Showcase,Unit,Champion,Mind,3,3,1,Ahri,"When I attack or defend, give an enemy unit here -2 :rb_might: this turn, to a minimum of 1 :rb_might:.","Riftbound Unit: Ahri, Inquisitive. When I attack or defend, give an enemy unit here -2 [S] this turn, to a minimum of 1 [S].",Shawn Tan,portrait,https://cmsassets.rgpub.io/sanity/images/dsfx7636/game_data_live/d4c332e90c97e5e70b996598cd4a0f731b77fdef-744x1039.png?accountingTag=RB
sfd-228-221,SFD-228/221,228,"Bard, Mercurial",SFD,Spiritforged,showcase,Showcase,Unit,Champion,Mind,4,4,1,Bard,"You may exhaust your legend as an additional cost to play me.
When you play me, if you paid the additional cost, move any number of your units to an open battlefield.","Riftbound Unit: Bard, Mercurial. You may exhaust your legend as an additional cost to play me.
When you play me, if you paid the additional cost, move any number of your units to an open battlefield.",Felicia Chen,portrait,https://cmsassets.rgpub.io/sanity/images/dsfx7636/game_data_live/9c33fbc2dc78bb6af3d31fab0c0ca58e1141141d-744x1039.png?accountingTag=RB
sfd-228-star-221,SFD-228*/221,228,"Bard, Mercurial",SFD,Spiritforged,showcase,Showcase,Unit,Champion,Mind,4,4,1,Bard,"You may exhaust your legend as an additional cost to play me.
When you play me, if you paid the additional cost, move any number of your units to an open battlefield.","Riftbound Unit: Bard, Mercurial. You may exhaust your legend as an additional cost to play me.
When you play me, if you paid the additional cost, move any number of your units to an open battlefield.",Felicia Chen,portrait,https://cmsassets.rgpub.io/sanity/images/dsfx7636/game_data_live/1b7d48edee47c3eec4e5b554e47359a395777c70-744x1039.png?accountingTag=RB
sfd-229-221,SFD-229/221,229,Seal of Insight,SFD,Spiritforged,showcase,Showcase,Gear,,Mind,0,,1,,:rb_exhaust:: [Reaction] — [Add] :rb_rune_mind:. (Abilities that add resources can't be reacted to.),Riftbound Gear: Seal of Insight. [T]: [Reaction] — [Add] [C]. (Abilities that add resources can't be reacted to.),Envar Studio,portrait,https://cmsassets.rgpub.io/sanity/images/dsfx7636/game_data_live/eb4559c507f09cabc3735973a1b20d83688d2f9d-744x1039.png?accountingTag=RB
sfd-230-221,SFD-230/221,230,"Teemo, Strategist",SFD,Spiritforged,showcase,Showcase,Unit,Champion,Mind,2,2,1,"Yordle, Teemo","[Hidden] (Hide now for :rb_rune_rainbow: to react with later for :rb_energy_0:.)
When I defend or I'm played from [Hidden], reveal the top 5 cards of your Main Deck. Deal 1 to an enemy unit here for each card with [Hidden], then recycle them.","Riftbound Unit: Teemo, Strategist. [Hidden] (Hide now for [A] to react with later for [0].)
When I defend or I'm played from [Hidden], reveal the top 5 cards of your Main Deck. Deal 1 to an enemy unit here for each card with [Hidden], then recycle them.",Mo Yan,portrait,https://cmsassets.rgpub.io/sanity/images/dsfx7636/game_data_live/7f0962b840d228ad551fb9334fe9bdf76d209e7d-744x1039.png?accountingTag=RB
sfd-230-star-221,SFD-230*/221,230,"Teemo, Strategist",SFD,Spiritforged,showcase,Showcase,Unit,Champion,Mind,2,2,1,"Yordle, Teemo","[Hidden] (Hide now for :rb_rune_rainbow: to react with later for :rb_energy_0:.)
When I defend or I'm played from [Hidden], reveal the top 5 cards of your Main Deck. Deal 1 to an enemy unit here for each card with [Hidden], then recycle them.","Riftbound Unit: Teemo, Strategist. [Hidden] (Hide now for [A] to react with later for [0].)
When I defend or I'm played from [Hidden], reveal the top 5 cards of your Main Deck. Deal 1 to an enemy unit here for each card with [Hidden], then recycle them.",Mo Yan,portrait,https://cmsassets.rgpub.io/sanity/images/dsfx7636/game_data_live/5e31f0ea037604aa531d84c1d56d26f255210b7c-744x1039.png?accountingTag=RB
sfd-231-221,SFD-231/221,231,Seal of Strength,SFD,Spiritforged,showcase,Showcase,Gear,,Body,0,,1,,:rb_exhaust:: [Reaction] — [Add] :rb_rune_body:. (Abilities that add resources can't be reacted to.),Riftbound Gear: Seal of Strength. [T]: [Reaction] — [Add] [C]. (Abilities that add resources can't be reacted to.),Envar Studio,portrait,https://cmsassets.rgpub.io/sanity/images/dsfx7636/game_data_live/dd5c24995d5c6d327b5101da3d6426f1a75a49ef-744x1039.png?accountingTag=RB
sfd-232-221,SFD-232/221,232,"Sett, Brawler",SFD,Spiritforged,showcase,Showcase,Unit,Champion,Body,5,4,1,Sett,"When I'm played and when I conquer, buff me. (If I don't have a buff, I get a +1 :rb_might: buff.)
Spend my buff: Give me +4 :rb_might: this turn.","Riftbound Unit: Sett, Brawler. When I'm played and when I conquer, buff me. (If I don't have a buff, I get a +1 [S] buff.)
Spend my buff: Give me +4 [S] this turn.",Andie Tong,portrait,https://cmsassets.rgpub.io/sanity/images/dsfx7636/game_data_live/a13d5473e205cb9dd8123895c58ed6ac8f19e814-744x1039.png?accountingTag=RB
sfd-232-star-221,SFD-232*/221,232,"Sett, Brawler",SFD,Spiritforged,showcase,Showcase,Unit,Champion,Body,5,4,1,Sett,"When I'm played and when I conquer, buff me. (If I don't have a buff, I get a +1 :rb_might: buff.)
Spend my buff: Give me +4 :rb_might: this turn.","Riftbound Unit: Sett, Brawler. When I'm played and when I conquer, buff me. (If I don't have a buff, I get a +1 [S] buff.)
Spend my buff: Give me +4 [S] this turn.",Andie Tong,portrait,https://cmsassets.rgpub.io/sanity/images/dsfx7636/game_data_live/ea35315d12a86cff8e37fa716c92dc76d9edceb8-744x1039.png?accountingTag=RB
sfd-233-221,SFD-233/221,233,"Yone, Blademaster",SFD,Spiritforged,showcase,Showcase,Unit,Champion,Body,5,5,1,"Yone, Ionia, Demon","[Weaponmaster] (When you play me, you may [Equip] one of your Equipment to me for :rb_rune_rainbow: less, even if it's already attached.)
When I conquer an open battlefield, deal damage equal to my Might to an enemy unit in a base.","Riftbound Unit: Yone, Blademaster. [Weaponmaster] (When you play me, you may [Equip] one of your Equipment to me for [A] less, even if it's already attached.)
When I conquer an open battlefield, deal damage equal to my Might to an enemy unit in a base.",Anson Tan,portrait,https://cmsassets.rgpub.io/sanity/images/dsfx7636/game_data_live/0bb6fd6e7d1e6fefeeccc82059bdae2eaa000730-744x1039.png?accountingTag=RB
sfd-233-star-221,SFD-233*/221,233,"Yone, Blademaster",SFD,Spiritforged,showcase,Showcase,Unit,Champion,Body,5,5,1,"Yone, Ionia, Demon","[Weaponmaster] (When you play me, you may [Equip] one of your Equipment to me for :rb_rune_rainbow: less, even if it's already attached.)
When I conquer an open battlefield, deal damage equal to my Might to an enemy unit in a base.","Riftbound Unit: Yone, Blademaster. [Weaponmaster] (When you play me, you may [Equip] one of your Equipment to me for [A] less, even if it's already attached.)
When I conquer an open battlefield, deal damage equal to my Might to an enemy unit in a base.",Anson Tan,portrait,https://cmsassets.rgpub.io/sanity/images/dsfx7636/game_data_live/8b190a0e419af24797408f0df4c17b48e8d86e5f-744x1039.png?accountingTag=RB
sfd-234-221,SFD-234/221,234,Seal of Discord,SFD,Spiritforged,showcase,Showcase,Gear,,Chaos,0,,1,,:rb_exhaust:: [Reaction] — [Add] :rb_rune_chaos:. (Abilities that add resources can't be reacted to.),Riftbound Gear: Seal of Discord. [T]: [Reaction] — [Add] [C]. (Abilities that add resources can't be reacted to.),Envar Studio,portrait,https://cmsassets.rgpub.io/sanity/images/dsfx7636/game_data_live/9263b8f36725a4cec320c1049608824ae72f6237-744x1039.png?accountingTag=RB
sfd-235-star-221,SFD-235*/221,235,"Yasuo, Windrider",SFD,Spiritforged,showcase,Showcase,Unit,Champion,Chaos,5,4,1,Yasuo,"[Ganking] (I can move from battlefield to battlefield.)
The third time I move in a turn, you score 1 point.","Riftbound Unit: Yasuo, Windrider. [Ganking] (I can move from battlefield to battlefield.)
The third time I move in a turn, you score 1 point.",Jennifer Wuestling,portrait,https://cmsassets.rgpub.io/sanity/images/dsfx7636/game_data_live/40575a59f02c431223ef484edabdf7bd8cb28381-744x1039.png?accountingTag=RB
sfd-235-221,SFD-235/221,235,"Yasuo, Windrider",SFD,Spiritforged,showcase,Showcase,Unit,Champion,Chaos,5,4,1,Yasuo,"[Ganking] (I can move from battlefield to battlefield.)
The third time I move in a turn, you score 1 point.","Riftbound Unit: Yasuo, Windrider. [Ganking] (I can move from battlefield to battlefield.)
The third time I move in a turn, you score 1 point.",Jennifer Wuestling,portrait,https://cmsassets.rgpub.io/sanity/images/dsfx7636/game_data_live/74021c17acc45cf743609a825490a0e6dd7466b5-744x1039.png?accountingTag=RB
sfd-236-221,SFD-236/221,236,"Darius, Executioner",SFD,Spiritforged,showcase,Showcase,Unit,Champion,Order,6,6,1,"Trifarian, Darius","[Legion] — When you play me, ready me. (Get the effect if you've played another card this turn)
Other friendly units have +1 :rb_might: here.","Riftbound Unit: Darius, Executioner. [Legion] — When you play me, ready me. (Get the effect if you've played another card this turn)
Other friendly units have +1 [S] here.",Shishizaru,portrait,https://cmsassets.rgpub.io/sanity/images/dsfx7636/game_data_live/4f550f321dce06bb09bb47682d5bf2981280ea16-744x1039.png?accountingTag=RB
sfd-236-star-221,SFD-236*/221,236,"Darius, Executioner",SFD,Spiritforged,showcase,Showcase,Unit,Champion,Order,6,6,1,"Trifarian, Darius","[Legion] — When you play me, ready me. (Get the effect if you've played another card this turn)
Other friendly units have +1 :rb_might: here.","Riftbound Unit: Darius, Executioner. [Legion] — When you play me, ready me. (Get the effect if you've played another card this turn)
Other friendly units have +1 [S] here.",Shishizaru,portrait,https://cmsassets.rgpub.io/sanity/images/dsfx7636/game_data_live/46fc840c17925406d22703b82ad02f5eb2ab62cf-744x1039.png?accountingTag=RB
sfd-237-221,SFD-237/221,237,"Karma, Channeler",SFD,Spiritforged,showcase,Showcase,Unit,Champion,Order,6,6,1,Karma,"[Vision] (When you play me, look at the top card of your Main Deck. You may recycle it.)
When you recycle one or more cards, buff a friendly unit. (If it doesn't have a buff, it gets a +1 :rb_might: buff. Runes aren't cards.)","Riftbound Unit: Karma, Channeler. [Vision] (When you play me, look at the top card of your Main Deck. You may recycle it.)
When you recycle one or more cards, buff a friendly unit. (If it doesn't have a buff, it gets a +1 [S] buff. Runes aren't cards.)",Andres Blanco,portrait,https://cmsassets.rgpub.io/sanity/images/dsfx7636/game_data_live/ba0113d449813c94534ae0e74f3ef38f9b8010c2-744x1039.png?accountingTag=RB
sfd-237-star-221,SFD-237*/221,237,"Karma, Channeler",SFD,Spiritforged,showcase,Showcase,Unit,Champion,Order,6,6,1,Karma,"[Vision] (When you play me, look at the top card of your Main Deck. You may recycle it.)
When you recycle one or more cards, buff a friendly unit. (If it doesn't have a buff, it gets a +1 :rb_might: buff. Runes aren't cards.)","Riftbound Unit: Karma, Channeler. [Vision] (When you play me, look at the top card of your Main Deck. You may recycle it.)
When you recycle one or more cards, buff a friendly unit. (If it doesn't have a buff, it gets a +1 [S] buff. Runes aren't cards.)",Andres Blanco,portrait,https://cmsassets.rgpub.io/sanity/images/dsfx7636/game_data_live/2e2c1cb4016543e3288da2dac3ecc3faf8a98927-744x1039.png?accountingTag=RB
sfd-238-221,SFD-238/221,238,Seal of Unity,SFD,Spiritforged,showcase,Showcase,Gear,,Order,0,,1,,:rb_exhaust:: [Reaction] — [Add] :rb_rune_order:. (Abilities that add resources can't be reacted to.),Riftbound Gear: Seal of Unity. [T]: [Reaction] — [Add] [C]. (Abilities that add resources can't be reacted to.),Envar Studio,portrait,https://cmsassets.rgpub.io/sanity/images/dsfx7636/game_data_live/228dbde67ec37f9a0b28f81e40fce5a8fa7af56b-744x1039.png?accountingTag=RB
sfd-239-star-221,SFD-239*/221,239,"Soraka, Wanderer",SFD,Spiritforged,showcase,Showcase,Unit,Champion,Order,4,4,1,"Soraka, Mount Targon","I must be assigned combat damage last.
If another unit you control here would die, if it has less Might than me, instead heal it, exhaust it, and recall it. (Send it to base. This isn't a move.)","Riftbound Unit: Soraka, Wanderer. I must be assigned combat damage last.
If another unit you control here would die, if it has less Might than me, instead heal it, exhaust it, and recall it. (Send it to base. This isn't a move.)",Loiza Chen,portrait,https://cmsassets.rgpub.io/sanity/images/dsfx7636/game_data_live/956c7e0ae3d68327c5e822321841c5bf3c96269a-744x1039.png?accountingTag=RB
sfd-239-221,SFD-239/221,239,"Soraka, Wanderer",SFD,Spiritforged,showcase,Showcase,Unit,Champion,Order,4,4,1,"Soraka, Mount Targon","I must be assigned combat damage last.
If another unit you control here would die, if it has less Might than me, instead heal it, exhaust it, and recall it. (Send it to base. This isn't a move.)","Riftbound Unit: Soraka, Wanderer. I must be assigned combat damage last.
If another unit you control here would die, if it has less Might than me, instead heal it, exhaust it, and recall it. (Send it to base. This isn't a move.)",Loiza Chen,portrait,https://cmsassets.rgpub.io/sanity/images/dsfx7636/game_data_live/fc329097625a1f98a564134945950bd3bd3610a3-744x1039.png?accountingTag=RB
sfd-240-221,SFD-240/221,240,Mechanized Menace,SFD,Spiritforged,showcase,Showcase,Legend,,"Fury, Mind",,,,Rumble,Your Mechs have [Shield]. (+1 :rb_might: while they're defenders.),Riftbound Legend: Mechanized Menace. Your Mechs have [Shield]. (+1 [S] while they're defenders.),Envar Studio,portrait,https://cmsassets.rgpub.io/sanity/images/dsfx7636/game_data_live/0234cad3663d52d3120e78f2adbe8a253102a7a3-744x1039.png?accountingTag=RB
sfd-241-221,SFD-241/221,241,Purifier,SFD,Spiritforged,showcase,Showcase,Legend,,"Fury, Body",,,,Lucian,Your Equipment each give [Assault]. (+1 :rb_might: while equipped unit is an attacker.),Riftbound Legend: Purifier. Your Equipment each give [Assault]. (+1 [S] while equipped unit is an attacker.),Envar Studio,portrait,https://cmsassets.rgpub.io/sanity/images/dsfx7636/game_data_live/eb2a5262da6044c041ba87becae1dc71d58b2bf7-744x1039.png?accountingTag=RB
sfd-242-221,SFD-242/221,242,Glorious Executioner,SFD,Spiritforged,showcase,Showcase,Legend,,"Fury, Chaos",,,,Draven,"When you win a combat, draw 1. (You win if only your units remain after combat.)","Riftbound Legend: Glorious Executioner. When you win a combat, draw 1. (You win if only your units remain after combat.)",Envar Studio,portrait,https://cmsassets.rgpub.io/sanity/images/dsfx7636/game_data_live/5a06fcd2cadbdb574d34d210ca97441ec33c9277-744x1039.png?accountingTag=RB
sfd-243-221,SFD-243/221,243,Void Burrower,SFD,Spiritforged,showcase,Showcase,Legend,,"Fury, Order",,,,Rek'Sai,"When you conquer, you may exhaust me to reveal the top 2 cards of your Main Deck. You may banish one, then play it. Recycle the rest.","Riftbound Legend: Void Burrower. When you conquer, you may exhaust me to reveal the top 2 cards of your Main Deck. You may banish one, then play it. Recycle the rest.",TSWCK逍,portrait,https://cmsassets.rgpub.io/sanity/images/dsfx7636/game_data_live/968eb5c484a25bbebd162f31736024b4ff3b0d07-744x1039.png?accountingTag=RB
sfd-244-221,SFD-244/221,244,Fire Below the Mountain,SFD,Spiritforged,showcase,Showcase,Legend,,"Calm, Mind",,,,Ornn,:rb_exhaust:: [Reaction] — [Add] :rb_rune_rainbow:. Use only to play gear or use gear abilities. (Abilities that add resources can't be reacted to.),Riftbound Legend: Fire Below the Mountain. [T]: [Reaction] — [Add] [A]. Use only to play gear or use gear abilities. (Abilities that add resources can't be reacted to.),叫我小董就好了,portrait,https://cmsassets.rgpub.io/sanity/images/dsfx7636/game_data_live/883dab66da8ed5ab39d968ed7fcaebd5ebaf3d43-744x1039.png?accountingTag=RB
sfd-245-221,SFD-245/221,245,Grandmaster at Arms,SFD,Spiritforged,showcase,Showcase,Legend,,"Calm, Body",,,,Jax,":rb_energy_1:, :rb_exhaust:: Attach a detached Equipment you control to a unit you control.
:rb_exhaust:: Attach an attached Equipment you control to a unit you control.","Riftbound Legend: Grandmaster at Arms. [1], [T]: Attach a detached Equipment you control to a unit you control.
[T]: Attach an attached Equipment you control to a unit you control.",Sugar Free,portrait,https://cmsassets.rgpub.io/sanity/images/dsfx7636/game_data_live/941f72a422e0143524b3dd0cba1fd87e4286ecb4-744x1039.png?accountingTag=RB
sfd-246-221,SFD-246/221,246,Blade Dancer,SFD,Spiritforged,showcase,Showcase,Legend,,"Calm, Chaos",,,,Irelia,"When you choose a friendly unit, you may exhaust me and pay :rb_rune_rainbow: to ready it.
When you conquer, you may pay :rb_energy_1: to ready me.","Riftbound Legend: Blade Dancer. When you choose a friendly unit, you may exhaust me and pay [A] to ready it.
When you conquer, you may pay [1] to ready me.",Grafit Studio,portrait,https://cmsassets.rgpub.io/sanity/images/dsfx7636/game_data_live/8258072391bbb8d24e9d6e603c3ba1434979a911-744x1039.png?accountingTag=RB
sfd-247-221,SFD-247/221,247,Emperor of the Sands,SFD,Spiritforged,showcase,Showcase,Legend,,"Calm, Order",,,,Azir,"Sand Soldiers you play have [Weaponmaster]. (When they're played, you may [Equip] one of your Equipment to them for :rb_rune_rainbow: less.)
:rb_energy_1:, :rb_exhaust:: Play a 2 :rb_might: Sand Soldier unit token to your base. Use only if you've played an Equipment this turn.","Riftbound Legend: Emperor of the Sands. Sand Soldiers you play have [Weaponmaster]. (When they're played, you may [Equip] one of your Equipment to them for [A] less.)
[1], [T]: Play a 2 [S] Sand Soldier unit token to your base. Use only if you've played an Equipment this turn.",Envar Studio,portrait,https://cmsassets.rgpub.io/sanity/images/dsfx7636/game_data_live/42c04e4d7ef5d7395494587c2e15ac945b37b71e-744x1039.png?accountingTag=RB
sfd-248-221,SFD-248/221,248,Prodigal Explorer,SFD,Spiritforged,showcase,Showcase,Legend,,"Mind, Chaos",,,,Ezreal,:rb_exhaust:: [Reaction] — Draw 1. Use only if you've chosen enemy units and/or gear twice this turn with spells or unit abilities.,Riftbound Legend: Prodigal Explorer. [T]: [Reaction] — Draw 1. Use only if you've chosen enemy units and/or gear twice this turn with spells or unit abilities.,Grafit Studio,portrait,https://cmsassets.rgpub.io/sanity/images/dsfx7636/game_data_live/3ba4f1d3d61d80e7becc9d046e1974f17bff4b10-744x1039.png?accountingTag=RB
sfd-249-221,SFD-249/221,249,Chem-Baroness,SFD,Spiritforged,showcase,Showcase,Legend,,"Mind, Order",,,,Renata Glasc,"When you or an ally hold, you may exhaust me to play a Gold gear token exhausted.
While your score is within 3 points of the Victory Score, your Gold [ADD] an additional :rb_energy_1:.","Riftbound Legend: Chem-Baroness. When you or an ally hold, you may exhaust me to play a Gold gear token exhausted.
While your score is within 3 points of the Victory Score, your Gold [ADD] an additional [1].",Envar Studio,portrait,https://cmsassets.rgpub.io/sanity/images/dsfx7636/game_data_live/5df25d5a1351d0a97e103ef8e155991297b86ca9-744x1039.png?accountingTag=RB
sfd-250-221,SFD-250/221,250,Battle Mistress,SFD,Spiritforged,showcase,Showcase,Legend,,"Body, Chaos",,,,Sivir,"When you recycle a rune, you may exhaust me to play a Gold gear token exhausted.
When one or more enemy units die, ready me.","Riftbound Legend: Battle Mistress. When you recycle a rune, you may exhaust me to play a Gold gear token exhausted.
When one or more enemy units die, ready me.",Envar Studio,portrait,https://cmsassets.rgpub.io/sanity/images/dsfx7636/game_data_live/743887bce0027f549b85bf023475c3587a005581-744x1039.png?accountingTag=RB
sfd-251-221,SFD-251/221,251,Grand Duelist,SFD,Spiritforged,showcase,Showcase,Legend,,"Body, Order",,,,Fiora,"When one of your units becomes [Mighty], you may exhaust me to channel 1 rune exhausted. (A unit is Mighty while it has 5+ :rb_might:.)","Riftbound Legend: Grand Duelist. When one of your units becomes [Mighty], you may exhaust me to channel 1 rune exhausted. (A unit is Mighty while it has 5+ [S].)",Grafit Studio,portrait,https://cmsassets.rgpub.io/sanity/images/dsfx7636/game_data_live/720df5a56619a6b53aa1217cb84446f2469b40e5-744x1039.png?accountingTag=RB
