id,publicCode,collectorNumber,name,set_id,set_label,rarity_id,rarity_label,cardType,superType,domain,energy,might,power,tags,ability_text,accessibilityText,illustrator,orientation,cardImage_url
unl-001-219,UNL-001/219,1,Arena Kingpin,UNL,Unleashed,common,Common,Unit,,Fury,5,3,,"Yordle, Noxus","I enter ready.
:rb_exhaust:: Give a unit +3 :rb_might: this turn.","Riftbound Unit: Arena Kingpin. I enter ready.
[T]: Give a unit +3 [S] this turn.",Kudos Productions,portrait,https://cmsassets.rgpub.io/sanity/images/dsfx7636/game_data_live/db48f8c1da0e4f9804ae94398f0864859db0002a-744x1039.png?accountingTag=RB
unl-t01,UNL-T01,1,Baron Pit,UNL,Unleashed,common,Common,Battlefield,Token,Colorless,,,,,"(You can't start the game with a token battlefield.)
Units can move here from anywhere.","Riftbound Battlefield: Baron Pit. (You can't start the game with a token battlefield.)
Units can move here from anywhere.",Fish Art Studio,landscape,https://cmsassets.rgpub.io/sanity/images/dsfx7636/game_data_live/e44f173629322a4e0c32d3f8902c294d4482ef42-1039x744.png?accountingTag=RB
unl-t02,UNL-T02,2,Bird,UNL,Unleashed,common,Common,Unit,Token,Colorless,,1,,Bird,[Deflect] (Opponents must pay :rb_rune_rainbow: to choose me with a spell or ability.),Riftbound Unit: Bird. [Deflect] (Opponents must pay [A] to choose me with a spell or ability.),Six More Vodka,portrait,https://cmsassets.rgpub.io/sanity/images/dsfx7636/game_data_live/949a2e43263a9fe0d957595325c7e2ebe06bf85f-744x1039.png?accountingTag=RB
unl-002-219,UNL-002/219,2,Inferna,UNL,Unleashed,common,Common,Unit,,Fury,2,1,,Bilgewater,"[Ambush] (You may play me as a [Reaction] to a battlefield where you have units.)
[Assault 2] (+2 :rb_might: while I'm an attacker.)","Riftbound Unit: Inferna. [Ambush] (You may play me as a [Reaction] to a battlefield where you have units.)
[Assault 2] (+2 [S] while I'm an attacker.)",Kudos Productions,portrait,https://cmsassets.rgpub.io/sanity/images/dsfx7636/game_data_live/5db9d66fc22887e8686a13ffdfe480106cbd3b35-744x1039.png?accountingTag=RB
unl-t03,UNL-T03,3,Brush,UNL,Unleashed,common,Common,Battlefield,Token,Colorless,,,,,"Bird, Cat, Dog, Poro, and Ivern units here have +1 :rb_might:.
When you score here, you may replace this with the battlefield it replaced.","Riftbound Battlefield: Brush. Bird, Cat, Dog, Poro, and Ivern units here have +1 [S].
When you score here, you may replace this with the battlefield it replaced.",Kudos Productions,landscape,https://cmsassets.rgpub.io/sanity/images/dsfx7636/game_data_live/fad09d6bd9bf38e376f430ecb0b400762420d061-1039x744.png?accountingTag=RB
unl-003-219,UNL-003/219,3,Mischievous Marai,UNL,Unleashed,common,Common,Unit,,Fury,2,2,,Bilgewater,"[Hidden] (Hide now for :rb_rune_rainbow: to react with later for :rb_energy_0:.)
When you play me to a battlefield, deal 2 to an enemy unit here.","Riftbound Unit: Mischievous Marai. [Hidden] (Hide now for [A] to react with later for [0].)
When you play me to a battlefield, deal 2 to an enemy unit here.",Envar Studio,portrait,https://cmsassets.rgpub.io/sanity/images/dsfx7636/game_data_live/fb2e82cca7aa93c857ed1fe54de7344016779520-744x1039.png?accountingTag=RB
unl-t04,UNL-T04,4,Buff,UNL,Unleashed,common,Common,,Token,Colorless,,,,,A unit may have no more than one buff at a time.,Riftbound : Buff. A unit may have no more than one buff at a time.,League Splash Team,portrait,https://cmsassets.rgpub.io/sanity/images/dsfx7636/game_data_live/64b9df938587aa93a3d0769a349d9b0cc6942dc2-744x1039.png?accountingTag=RB
unl-004-219,UNL-004/219,4,Prepared Neophyte,UNL,Unleashed,common,Common,Unit,,Fury,3,1,,Shadow Isles,"If you've spent :rb_energy_4: or more to play a spell this turn, I have +4 :rb_might:.","Riftbound Unit: Prepared Neophyte. If you've spent [4] or more to play a spell this turn, I have +4 [S].",Kudos Productions,portrait,https://cmsassets.rgpub.io/sanity/images/dsfx7636/game_data_live/ad993e451437950e56935a7ecff44fea09e522b2-744x1039.png?accountingTag=RB
unl-t05,UNL-T05,5,Gold,UNL,Unleashed,common,Common,Gear,Token,Colorless,,,,,"[Reaction][>] Kill this, :rb_exhaust:: [Add] :rb_rune_rainbow:. (Abilities that add resources can't be reacted to.)","Riftbound Gear: Gold. [Reaction][>] Kill this, [T]: [Add] [A]. (Abilities that add resources can't be reacted to.)",Kudos Productions,portrait,https://cmsassets.rgpub.io/sanity/images/dsfx7636/game_data_live/e566605fa989e12e91cd3d3e0b7985f7a8be8e74-744x1039.png?accountingTag=RB
unl-005-219,UNL-005/219,5,Revna the Lorekeeper,UNL,Unleashed,common,Common,Unit,,Fury,7,7,1,Freljord,"[Ganking] (I can move from battlefield to battlefield.)
When you play a spell, if you spent :rb_energy_4: or more, ready me.","Riftbound Unit: Revna the Lorekeeper. [Ganking] (I can move from battlefield to battlefield.)
When you play a spell, if you spent [4] or more, ready me.",Envar Studio,portrait,https://cmsassets.rgpub.io/sanity/images/dsfx7636/game_data_live/8e251eed411d614de504480181b357df3f78b133-744x1039.png?accountingTag=RB
unl-t06,UNL-T06,6,Reflection,UNL,Unleashed,common,Common,Unit,Token,Colorless,,0,,,(I become a copy of something when played. I don't get that card's play effects.),Riftbound Unit: Reflection. (I become a copy of something when played. I don't get that card's play effects.),Kudos Productions & 黯荧岛Dark Glow,portrait,https://cmsassets.rgpub.io/sanity/images/dsfx7636/game_data_live/80327b196c59841a67a65327974a93223a3c541a-744x1039.png?accountingTag=RB
unl-006-219,UNL-006/219,6,Sharkling,UNL,Unleashed,common,Common,Unit,,Fury,3,1,,Bilgewater,"[Accelerate] (You may pay :rb_energy_1::rb_rune_fury: as an additional cost to have me enter ready.)
[Assault 4] (+4 :rb_might: while I'm an attacker.)","Riftbound Unit: Sharkling. [Accelerate] (You may pay [1][C] as an additional cost to have me enter ready.)
[Assault 4] (+4 [S] while I'm an attacker.)",Kudos Productions,portrait,https://cmsassets.rgpub.io/sanity/images/dsfx7636/game_data_live/f2aa213fe1e54d0d6f1507c7ed8829c8ba2bc610-744x1039.png?accountingTag=RB
unl-007-219,UNL-007/219,7,Smite,UNL,Unleashed,common,Common,Spell,,Fury,2,,1,,"[Action] (Play on your turn or in showdowns.)
Deal 3 to a unit at a battlefield. If it would die this turn, banish it instead.","Riftbound Spell: Smite. [Action] (Play on your turn or in showdowns.)
Deal 3 to a unit at a battlefield. If it would die this turn, banish it instead.",黯荧岛Dark Glow,portrait,https://cmsassets.rgpub.io/sanity/images/dsfx7636/game_data_live/f46252e8c65a2eb3f476ea51f214af7651d0622d-744x1039.png?accountingTag=RB
unl-t07,UNL-T07,7,Sprite,UNL,Unleashed,common,Common,Unit,Token,Colorless,,3,,Fae,"[Temporary] (Kill me at the start of your Beginning Phase, before scoring.)","Riftbound Unit: Sprite. [Temporary] (Kill me at the start of your Beginning Phase, before scoring.)",Envar Studio,portrait,https://cmsassets.rgpub.io/sanity/images/dsfx7636/game_data_live/1a90578f055e01515ebfb069dc3dbdba08d24da0-744x1039.png?accountingTag=RB
unl-008-219,UNL-008/219,8,Towering Pairofant,UNL,Unleashed,common,Common,Unit,,Fury,6,6,,Shurima,"[Assault] (+1 :rb_might: while I'm an attacker.)
If a unit died this turn, I enter ready.","Riftbound Unit: Towering Pairofant. [Assault] (+1 [S] while I'm an attacker.)
If a unit died this turn, I enter ready.",Kudos Productions,portrait,https://cmsassets.rgpub.io/sanity/images/dsfx7636/game_data_live/47ac3971efe67f7910771709b8bb9a5df5b63952-744x1039.png?accountingTag=RB
unl-t08,UNL-T08,8,XP Tracker,UNL,Unleashed,common,Common,,Token,Colorless,,,,,"Track gained XP here.
Some cards get bonuses based on your [Level].
Some cards can spend XP for powerful effects.","Riftbound None: XP Tracker. Track gained XP here.
Some cards get bonuses based on your [Level].
Some cards can spend XP for powerful effects.",Rafael Zanchetin,portrait,https://cmsassets.rgpub.io/sanity/images/dsfx7636/game_data_live/715d5bb52fc8ce0886b28f1c15fe89457e504fc9-744x1039.png?accountingTag=RB
unl-009-219,UNL-009/219,9,Upstage Comedy,UNL,Unleashed,common,Common,Spell,,Fury,2,,,,"[Repeat] :rb_energy_2: (You may pay the additional cost to repeat this spell's effect.)
Ready a unit.","Riftbound Spell: Upstage Comedy. [Repeat] [2] (You may pay the additional cost to repeat this spell's effect.)
Ready a unit.",莺之歌,portrait,https://cmsassets.rgpub.io/sanity/images/dsfx7636/game_data_live/4a636fcd682b32b41a4886c7383e781414139adb-744x1039.png?accountingTag=RB
unl-010-219,UNL-010/219,10,Vault Breaker,UNL,Unleashed,common,Common,Spell,,Fury,1,,1,,"[Action] (Play on your turn or in showdowns.)
Give a unit [Assault 2] and [Ganking] this turn. (+2 :rb_might: while it's an attacker. It can move from battlefield to battlefield.)","Riftbound Spell: Vault Breaker. [Action] (Play on your turn or in showdowns.)
Give a unit [Assault 2] and [Ganking] this turn. (+2 [S] while it's an attacker. It can move from battlefield to battlefield.)",Kudos Productions,portrait,https://cmsassets.rgpub.io/sanity/images/dsfx7636/game_data_live/8046c9f133be83268d7dc9788abea58f461914d8-744x1039.png?accountingTag=RB
unl-011-219,UNL-011/219,11,Fresh Beans,UNL,Unleashed,uncommon,Uncommon,Gear,,Fury,2,,,,"When you play a unit during a showdown, you may exhaust this to draw 1.","Riftbound Gear: Fresh Beans. When you play a unit during a showdown, you may exhaust this to draw 1.",Wild Blue Studios,portrait,https://cmsassets.rgpub.io/sanity/images/dsfx7636/game_data_live/1737d7d02cd0619a520aba258d1b40fdbb5d1129-744x1039.png?accountingTag=RB
unl-012-219,UNL-012/219,12,Lord Broadmane,UNL,Unleashed,uncommon,Uncommon,Unit,,Fury,5,5,1,Noxus,"[Ambush] (You may play me as a [Reaction] to a battlefield where you have units.)
When you play me, give your other units here [Assault] this turn. (+1 :rb_might: while they're attackers.)","Riftbound Unit: Lord Broadmane. [Ambush] (You may play me as a [Reaction] to a battlefield where you have units.)
When you play me, give your other units here [Assault] this turn. (+1 [S] while they're attackers.)",Kudos Productions,portrait,https://cmsassets.rgpub.io/sanity/images/dsfx7636/game_data_live/f564001228383a27372c0ddc4d8c0ed4e4843dc7-744x1039.png?accountingTag=RB
unl-013-219,UNL-013/219,13,Lotus Trap,UNL,Unleashed,uncommon,Uncommon,Spell,,Fury,2,,,,"[Hidden] (Hide now for :rb_rune_rainbow: to react with later for :rb_energy_0:.)
[Reaction] (Play any time, even before spells and abilities resolve.)
Choose a unit. Double all damage that would be dealt to it this turn.","Riftbound Spell: Lotus Trap. [Hidden] (Hide now for [A] to react with later for [0].)
[Reaction] (Play any time, even before spells and abilities resolve.)
Choose a unit. Double all damage that would be dealt to it this turn.",Kudos Productions,portrait,https://cmsassets.rgpub.io/sanity/images/dsfx7636/game_data_live/9490f8c80da1bf4467e14c39b66ae4262e5f7f7b-744x1039.png?accountingTag=RB
unl-014-219,UNL-014/219,14,Monster Harpoon,UNL,Unleashed,uncommon,Uncommon,Spell,,Fury,1,,1,,"[Action] (Play on your turn or in showdowns.)
Deal 2 to a unit at a battlefield. If you control a facedown card, deal 4 to it instead.","Riftbound Spell: Monster Harpoon. [Action] (Play on your turn or in showdowns.)
Deal 2 to a unit at a battlefield. If you control a facedown card, deal 4 to it instead.",Kudos Productions,portrait,https://cmsassets.rgpub.io/sanity/images/dsfx7636/game_data_live/ed51ed36ad0938048ee50894d75d299c29d17759-744x1039.png?accountingTag=RB
unl-015-219,UNL-015/219,15,Right of Conquest,UNL,Unleashed,uncommon,Uncommon,Spell,,Fury,3,,1,,"Draw 1, then draw 1 for each battlefield you or allies control.","Riftbound Spell: Right of Conquest. Draw 1, then draw 1 for each battlefield you or allies control.",Kudos Productions,portrait,https://cmsassets.rgpub.io/sanity/images/dsfx7636/game_data_live/2467e43f316e8700ad43b66e3b5d490f3f9d3cea-744x1039.png?accountingTag=RB
unl-016-219,UNL-016/219,16,Scorchclaw,UNL,Unleashed,uncommon,Uncommon,Unit,,Fury,3,3,1,"Dog, Noxus","[Hunt 2] (When I conquer or hold, gain 2 XP.)
[Level 3][>] I have +1 :rb_might: and enter ready. (While you have 3+ XP, get the effect.)","Riftbound Unit: Scorchclaw. [Hunt 2] (When I conquer or hold, gain 2 XP.)
[Level 3][>] I have +1 [S] and enter ready. (While you have 3+ XP, get the effect.)",黯荧岛Dark Glow,portrait,https://cmsassets.rgpub.io/sanity/images/dsfx7636/game_data_live/f69940824f8ce62a479df28988dcbdf6ea6d3960-744x1039.png?accountingTag=RB
unl-017-219,UNL-017/219,17,Square Up,UNL,Unleashed,uncommon,Uncommon,Spell,,Fury,4,,,,"[Repeat] — Discard 1 (You may pay the additional cost to repeat this spell's effect.)
Give a unit [Assault 4] this turn. (+4 :rb_might: while it's an attacker.)","Riftbound Spell: Square Up. [Repeat] — Discard 1 (You may pay the additional cost to repeat this spell's effect.)
Give a unit [Assault 4] this turn. (+4 [S] while it's an attacker.)",Kudos Productions,portrait,https://cmsassets.rgpub.io/sanity/images/dsfx7636/game_data_live/5e14c09db2f064e5f6986f500a04335d73d459dd-744x1039.png?accountingTag=RB
unl-018-219,UNL-018/219,18,Yeti Brawler,UNL,Unleashed,uncommon,Uncommon,Unit,,Fury,6,6,,Noxus,"When I conquer, if you assigned 3 or more excess damage, play two Gold gear tokens exhausted. (They have ""[Reaction][>] Kill this, :rb_exhaust:: [Add] :rb_rune_rainbow:."")","Riftbound Unit: Yeti Brawler. When I conquer, if you assigned 3 or more excess damage, play two Gold gear tokens exhausted. (They have ""[Reaction][>] Kill this, [T]: [Add] [A]."")",Kudos Productions,portrait,https://cmsassets.rgpub.io/sanity/images/dsfx7636/game_data_live/38b59ae384ef6df8c94d5c51418101b2630b43a7-744x1039.png?accountingTag=RB
unl-019-219,UNL-019/219,19,Blighted Battleaxe,UNL,Unleashed,rare,Rare,Gear,,Fury,4,,,Equipment,[Equip] :rb_energy_1::rb_rune_fury: (:rb_energy_1::rb_rune_fury:: Attach this to a unit you control.),Riftbound Gear: Blighted Battleaxe. [Equip] [1][C] ([1][C]: Attach this to a unit you control.),Caravan Studio,portrait,https://cmsassets.rgpub.io/sanity/images/dsfx7636/game_data_live/a6425462180dc6bc3396397cd491c0abae58f616-744x1039.png?accountingTag=RB
unl-020-219,UNL-020/219,20,Dancing Grenade,UNL,Unleashed,rare,Rare,Spell,,Fury,2,,1,,"Deal 2 to a unit. Its controller may play this spell again for :rb_rune_rainbow:. If they do, this deals 1 additional Bonus Damage for each time this spell has dealt damage this turn.","Riftbound Spell: Dancing Grenade. Deal 2 to a unit. Its controller may play this spell again for [A]. If they do, this deals 1 additional Bonus Damage for each time this spell has dealt damage this turn.",Kudos Productions,portrait,https://cmsassets.rgpub.io/sanity/images/dsfx7636/game_data_live/8afc30b1bc7cc1841dfe11cfa29adbcc02257845-744x1039.png?accountingTag=RB
unl-021-219,UNL-021/219,21,Grim Apothecary,UNL,Unleashed,rare,Rare,Unit,,Fury,3,3,,Noxus,"[Ambush] (You may play me as a [Reaction] to a battlefield where you have units.)
When you play me, you may return a friendly unit at a battlefield to its owner's hand.","Riftbound Unit: Grim Apothecary. [Ambush] (You may play me as a [Reaction] to a battlefield where you have units.)
When you play me, you may return a friendly unit at a battlefield to its owner's hand.",Wild Blue Studios,portrait,https://cmsassets.rgpub.io/sanity/images/dsfx7636/game_data_live/af548bbfc856e306c5feefb34eb6bd9a4e442904-744x1039.png?accountingTag=RB
unl-022a-219,UNL-022a/219,22,"Jhin, Murderous Artist",UNL,Unleashed,rare,Rare,Unit,Champion,Fury,4,4,1,"Jhin, Ionia","[Deflect]
[Ganking]
When I move, [Add] :rb_energy_1::rb_rune_rainbow:.","Riftbound Unit: Jhin, Murderous Artist. [Deflect]
[Ganking]
When I move, [Add] [1][A].",League Splash Team,portrait,https://cmsassets.rgpub.io/sanity/images/dsfx7636/game_data_live/0e67164270e12b8d91905e977a314c7248a343e9-744x1039.png?accountingTag=RB
unl-022-219,UNL-022/219,22,"Jhin, Murderous Artist",UNL,Unleashed,rare,Rare,Unit,Champion,Fury,4,4,1,"Jhin, Ionia","[Deflect] (Opponents must pay :rb_rune_rainbow: to choose me with a spell or ability.)
[Ganking] (I can move from battlefield to battlefield.)
When I move, [Add] :rb_energy_1::rb_rune_rainbow:. (Abilities that add resources can't be reacted to.)","Riftbound Unit: Jhin, Murderous Artist. [Deflect] (Opponents must pay [A] to choose me with a spell or ability.)
[Ganking] (I can move from battlefield to battlefield.)
When I move, [Add] [1][A]. (Abilities that add resources can't be reacted to.)",Alessandro Poli,portrait,https://cmsassets.rgpub.io/sanity/images/dsfx7636/game_data_live/8da724a842cf61cb24c3c02dd99adc93a9222e06-744x1039.png?accountingTag=RB
unl-023-219,UNL-023/219,23,"Katarina, Reckless",UNL,Unleashed,rare,Rare,Unit,Champion,Fury,5,5,1,"Katarina, Noxus","When you hide a card, ready me.
When you play a card from face down, deal 2 to an enemy unit.","Riftbound Unit: Katarina, Reckless. When you hide a card, ready me.
When you play a card from face down, deal 2 to an enemy unit.",Six More Vodka,portrait,https://cmsassets.rgpub.io/sanity/images/dsfx7636/game_data_live/12da73cb78a9cfa052749f317ed56a27106908c6-744x1039.png?accountingTag=RB
unl-024-219,UNL-024/219,24,"Rengar, Unseen",UNL,Unleashed,rare,Rare,Unit,Champion,Fury,4,4,1,"Cat, Rengar, Ixtal","[Accelerate] (You may pay :rb_energy_1::rb_rune_fury: as an additional cost to have me enter ready.)
[Assault 2] (+2 :rb_might: while I'm an attacker.)
[Deflect] (Opponents must pay :rb_rune_rainbow: to choose me with a spell or ability.)
[Ganking] (I can move from battlefield to battlefield.)","Riftbound Unit: Rengar, Unseen. [Accelerate] (You may pay [1][C] as an additional cost to have me enter ready.)
[Assault 2] (+2 [S] while I'm an attacker.)
[Deflect] (Opponents must pay [A] to choose me with a spell or ability.)
[Ganking] (I can move from battlefield to battlefield.)",HCuu,portrait,https://cmsassets.rgpub.io/sanity/images/dsfx7636/game_data_live/80c7d1c62301dd6e3ced910156f3fdeb8d34a621-744x1039.png?accountingTag=RB
unl-024a-219,UNL-024a/219,24,"Rengar, Unseen",UNL,Unleashed,rare,Rare,Unit,Champion,Fury,4,4,1,"Cat, Rengar, Ixtal","[Accelerate]
[Assault 2]
[Deflect]
[Ganking]","Riftbound Unit: Rengar, Unseen. [Accelerate]
[Assault 2]
[Deflect]
[Ganking]",League Splash Team,portrait,https://cmsassets.rgpub.io/sanity/images/dsfx7636/game_data_live/cdab60d27d6d920f19ebed000b13dc25a439848c-744x1039.png?accountingTag=RB
unl-025-219,UNL-025/219,25,Undying Legion,UNL,Unleashed,rare,Rare,Unit,,Fury,3,3,,"Spirit, Shadow Isles",[Legion][>] You may play me from your trash for :rb_energy_3::rb_rune_fury:. (Get the effect if you've played another card this turn.),Riftbound Unit: Undying Legion. [Legion][>] You may play me from your trash for [3][C]. (Get the effect if you've played another card this turn.),Six More Vodka,portrait,https://cmsassets.rgpub.io/sanity/images/dsfx7636/game_data_live/3a6955daff2982e0ba4417533052d5ea334232fb-744x1039.png?accountingTag=RB
unl-026-219,UNL-026/219,26,"Xerath, Freed",UNL,Unleashed,rare,Rare,Unit,Champion,Fury,5,5,,"Shurima, Xerath",":rb_rune_fury:, :rb_exhaust:: Deal 3 to a unit. Use this ability only while I'm at a battlefield.","Riftbound Unit: Xerath, Freed. [C], [T]: Deal 3 to a unit. Use this ability only while I'm at a battlefield.",Six More Vodka,portrait,https://cmsassets.rgpub.io/sanity/images/dsfx7636/game_data_live/ef52e66a137a80cf5df862f31a114bfc00914a93-744x1039.png?accountingTag=RB
unl-027-219,UNL-027/219,27,Inviolus Vox,UNL,Unleashed,epic,Epic,Unit,,Fury,8,8,2,"Dragon, Mount Targon","When I conquer, give a friendly unit +8 :rb_might: this turn.","Riftbound Unit: Inviolus Vox. When I conquer, give a friendly unit +8 [S] this turn.",Six More Vodka,portrait,https://cmsassets.rgpub.io/sanity/images/dsfx7636/game_data_live/9b742ef3dc17f5da03d41e3349839037183b5ea9-744x1039.png?accountingTag=RB
unl-028a-219,UNL-028a/219,28,"Pyke, Dockside Butcher",UNL,Unleashed,epic,Epic,Unit,Champion,Fury,3,2,,"Pyke, Bilgewater","[Hidden]
[Ganking]
You may pay :rb_rune_fury: as an additional cost to play me.
When you play me, if you paid the additional cost, ready me and give me +2 :rb_might: this turn.","Riftbound Unit: Pyke, Dockside Butcher. [Hidden]
[Ganking]
You may pay [C] as an additional cost to play me.
When you play me, if you paid the additional cost, ready me and give me +2 [S] this turn.",League Splash Team,portrait,https://cmsassets.rgpub.io/sanity/images/dsfx7636/game_data_live/583f1c15c1bdc47c9d4ebb41a210c182262c8ee9-744x1039.png?accountingTag=RB
unl-028-219,UNL-028/219,28,"Pyke, Dockside Butcher",UNL,Unleashed,epic,Epic,Unit,Champion,Fury,3,2,,"Pyke, Bilgewater","[Hidden] (Hide now for :rb_rune_rainbow: to react with later for :rb_energy_0:.)
[Ganking] (I can move from battlefield to battlefield.)
You may pay :rb_rune_fury: as an additional cost to play me.
When you play me, if you paid the additional cost, ready me and give me +2 :rb_might: this turn.","Riftbound Unit: Pyke, Dockside Butcher. [Hidden] (Hide now for [A] to react with later for [0].)
[Ganking] (I can move from battlefield to battlefield.)
You may pay [C] as an additional cost to play me.
When you play me, if you paid the additional cost, ready me and give me +2 [S] this turn.",Six More Vodka,portrait,https://cmsassets.rgpub.io/sanity/images/dsfx7636/game_data_live/e0ce05148d7368070bcc8c0a43f66ece0834653a-744x1039.png?accountingTag=RB
unl-029a-219,UNL-029a/219,29,Red Brambleback,UNL,Unleashed,epic,Epic,Unit,,Fury,4,4,1,,"[Accelerate]
Your conquer effects for conquering here trigger an additional time.
When I conquer, [Buff] a friendly unit.","Riftbound Unit: Red Brambleback. [Accelerate]
Your conquer effects for conquering here trigger an additional time.
When I conquer, [Buff] a friendly unit.",JunHuan,portrait,https://cmsassets.rgpub.io/sanity/images/dsfx7636/game_data_live/69d4208b748074b68f775cdfa8f1d2ba20ece8ae-744x1039.png?accountingTag=RB
unl-029-219,UNL-029/219,29,Red Brambleback,UNL,Unleashed,epic,Epic,Unit,,Fury,4,4,1,Ionia,"[Accelerate] (You may pay :rb_energy_1::rb_rune_fury: as an additional cost to have me enter ready.)
Your conquer effects for conquering here trigger an additional time.
When I conquer, [Buff] a friendly unit. (Give it a +1 :rb_might: buff if it doesn't have one.)","Riftbound Unit: Red Brambleback. [Accelerate] (You may pay [1][C] as an additional cost to have me enter ready.)
Your conquer effects for conquering here trigger an additional time.
When I conquer, [Buff] a friendly unit. (Give it a +1 [S] buff if it doesn't have one.)",JunHuan,portrait,https://cmsassets.rgpub.io/sanity/images/dsfx7636/game_data_live/14e9d009985f6a0d8ab63416aee7570ede42c657-744x1039.png?accountingTag=RB
unl-030-219,UNL-030/219,30,"Vi, Hotheaded",UNL,Unleashed,epic,Epic,Unit,Champion,Fury,4,3,,"Vi, Zaun","[Deflect] (Opponents must pay :rb_rune_rainbow: to choose me with a spell or ability.)
:rb_energy_2::rb_rune_fury:: Double my Might this turn.","Riftbound Unit: Vi, Hotheaded. [Deflect] (Opponents must pay [A] to choose me with a spell or ability.)
[2][C]: Double my Might this turn.",Envar Studio,portrait,https://cmsassets.rgpub.io/sanity/images/dsfx7636/game_data_live/03a55e8d494d7efe20da792365161f5c43c20779-744x1039.png?accountingTag=RB
unl-030a-219,UNL-030a/219,30,"Vi, Hotheaded",UNL,Unleashed,epic,Epic,Unit,Champion,Fury,4,3,,"Vi, Zaun","[Deflect]
:rb_energy_2::rb_rune_fury:: Double my Might this turn.","Riftbound Unit: Vi, Hotheaded. [Deflect]
[2][C]: Double my Might this turn.",League Splash Team,portrait,https://cmsassets.rgpub.io/sanity/images/dsfx7636/game_data_live/646df8e81d42025a558112775fc1032c86cab2d0-744x1039.png?accountingTag=RB
unl-031-219,UNL-031/219,31,Combat Experience,UNL,Unleashed,common,Common,Spell,,Calm,1,,,,"[Reaction] (Play any time, even before spells and abilities resolve.)
Give a unit +1 :rb_might: this turn.
[Level 6][>] Give it +3 :rb_might: this turn instead. (While you have 6+ XP, get the effect.)","Riftbound Spell: Combat Experience. [Reaction] (Play any time, even before spells and abilities resolve.)
Give a unit +1 [S] this turn.
[Level 6][>] Give it +3 [S] this turn instead. (While you have 6+ XP, get the effect.)",Kudos Productions,portrait,https://cmsassets.rgpub.io/sanity/images/dsfx7636/game_data_live/537b66b5f0259f80bf25b1aafb78558f4db6886a-744x1039.png?accountingTag=RB
unl-032-219,UNL-032/219,32,Double Trouble,UNL,Unleashed,common,Common,Spell,,Calm,2,,,,"[Repeat] :rb_energy_2: (You may pay the additional cost to repeat this spell's effect.)
Look at the top 3 cards of your Main Deck. You may reveal a unit from among them and draw it. Recycle the rest.","Riftbound Spell: Double Trouble. [Repeat] [2] (You may pay the additional cost to repeat this spell's effect.)
Look at the top 3 cards of your Main Deck. You may reveal a unit from among them and draw it. Recycle the rest.",Kudos Productions,portrait,https://cmsassets.rgpub.io/sanity/images/dsfx7636/game_data_live/64e977213f50471ad7b6e8664488fb9017693f71-744x1039.png?accountingTag=RB
unl-033-219,UNL-033/219,33,Frisky Hunter,UNL,Unleashed,common,Common,Unit,,Calm,4,3,,"Cat, Zaun","When you play me, play a 1 :rb_might: Bird unit token with [Deflect] here. (Opponents must pay :rb_rune_rainbow: to choose it with a spell or ability.)","Riftbound Unit: Frisky Hunter. When you play me, play a 1 [S] Bird unit token with [Deflect] here. (Opponents must pay [A] to choose it with a spell or ability.)",Kudos Productions,portrait,https://cmsassets.rgpub.io/sanity/images/dsfx7636/game_data_live/6bf8978ca42fa50a60067e74364b3caf78b3e928-744x1039.png?accountingTag=RB
unl-034-219,UNL-034/219,34,Herald of Spring,UNL,Unleashed,common,Common,Unit,,Calm,4,4,1,Ionia,"[Hunt] (When I conquer or hold, gain 1 XP.)
When you play me, gain 2 XP.","Riftbound Unit: Herald of Spring. [Hunt] (When I conquer or hold, gain 1 XP.)
When you play me, gain 2 XP.",Six More Vodka,portrait,https://cmsassets.rgpub.io/sanity/images/dsfx7636/game_data_live/5bf7ba27b809d22296deb755b6f5324ac46a5a20-744x1039.png?accountingTag=RB
unl-035-219,UNL-035/219,35,Monch,UNL,Unleashed,common,Common,Unit,,Calm,6,6,,Bandle City,"If an opponent controls a stunned unit, I cost :rb_energy_2: less and enter ready.","Riftbound Unit: Monch. If an opponent controls a stunned unit, I cost [2] less and enter ready.",Envar Studio,portrait,https://cmsassets.rgpub.io/sanity/images/dsfx7636/game_data_live/ef10724add3b6d9e69415cb194e895f6ea9969b7-744x1039.png?accountingTag=RB
unl-036-219,UNL-036/219,36,Mutated Mouser,UNL,Unleashed,common,Common,Unit,,Calm,2,1,,"Cat, Bilgewater","[Shield 2] (+2 :rb_might: while I'm a defender.)
[Tank] (I must be assigned combat damage first.)","Riftbound Unit: Mutated Mouser. [Shield 2] (+2 [S] while I'm a defender.)
[Tank] (I must be assigned combat damage first.)",Caravan Studio,portrait,https://cmsassets.rgpub.io/sanity/images/dsfx7636/game_data_live/20276519677a4d1ebe230aaad7692588e1e8d046-744x1039.png?accountingTag=RB
unl-037-219,UNL-037/219,37,Shadow Watcher,UNL,Unleashed,common,Common,Unit,,Calm,4,5,1,Ionia,"If a friendly unit died during your Beginning Phase this turn, I enter ready.","Riftbound Unit: Shadow Watcher. If a friendly unit died during your Beginning Phase this turn, I enter ready.",Dao Trong Le,portrait,https://cmsassets.rgpub.io/sanity/images/dsfx7636/game_data_live/f6f5ff413efc57d7948b4b9a46a4bba6eebd39d2-744x1039.png?accountingTag=RB
unl-038-219,UNL-038/219,38,Skyward Strike,UNL,Unleashed,common,Common,Spell,,Calm,2,,1,,"Move an enemy unit.
[Level 6][>] [Stun] an enemy unit. (While you have 6+ XP, get the effect. A stunned unit doesn't deal combat damage this turn.)","Riftbound Spell: Skyward Strike. Move an enemy unit.
[Level 6][>] [Stun] an enemy unit. (While you have 6+ XP, get the effect. A stunned unit doesn't deal combat damage this turn.)",Kudos Productions,portrait,https://cmsassets.rgpub.io/sanity/images/dsfx7636/game_data_live/998740e590fec024f204ad26ed7e2dad2a0c8d66-744x1039.png?accountingTag=RB
unl-039-219,UNL-039/219,39,Soul Sword,UNL,Unleashed,common,Common,Gear,,Calm,1,,,Equipment,[Equip] :rb_rune_calm: (:rb_rune_calm:: Attach this to a unit you control.),Riftbound Gear: Soul Sword. [Equip] [C] ([C]: Attach this to a unit you control.),Kudos Productions,portrait,https://cmsassets.rgpub.io/sanity/images/dsfx7636/game_data_live/519361230cb8554cdf0f5dd795e115ffbb5bb932-744x1039.png?accountingTag=RB
unl-040-219,UNL-040/219,40,Wuju Apprentice,UNL,Unleashed,common,Common,Unit,,Calm,2,2,,Ionia,"[Hunt] (When I conquer or hold, gain 1 XP.)
[Level 6][>] When you play me, draw 1. (While you have 6+ XP, get the effect.)","Riftbound Unit: Wuju Apprentice. [Hunt] (When I conquer or hold, gain 1 XP.)
[Level 6][>] When you play me, draw 1. (While you have 6+ XP, get the effect.)",Polar Engine Studio,portrait,https://cmsassets.rgpub.io/sanity/images/dsfx7636/game_data_live/543789dd1b4b2654392a151d4bb1b0c6263c47dc-744x1039.png?accountingTag=RB
unl-041-219,UNL-041/219,41,"Allay, Eager Admirer",UNL,Unleashed,uncommon,Uncommon,Unit,,Calm,3,3,,"Yordle, Bandle City","[Deflect] (Opponents must pay :rb_rune_rainbow: to choose me with a spell or ability.)
While I'm at a battlefield, your other units here have [Deflect].","Riftbound Unit: Allay, Eager Admirer. [Deflect] (Opponents must pay [A] to choose me with a spell or ability.)
While I'm at a battlefield, your other units here have [Deflect].",Envar Studio,portrait,https://cmsassets.rgpub.io/sanity/images/dsfx7636/game_data_live/bf1045b559b20d3e86383a07de54cd1893e5a94b-744x1039.png?accountingTag=RB
unl-042-219,UNL-042/219,42,Back Off,UNL,Unleashed,uncommon,Uncommon,Spell,,Calm,3,,,,"[Hidden] (Hide now for :rb_rune_rainbow: to react with later for :rb_energy_0:.)
[Action] (Play on your turn or in showdowns.)
[Stun] a unit. (It doesn't deal combat damage this turn.)
If you played this from your hand, draw 1.","Riftbound Spell: Back Off. [Hidden] (Hide now for [A] to react with later for [0].)
[Action] (Play on your turn or in showdowns.)
[Stun] a unit. (It doesn't deal combat damage this turn.)
If you played this from your hand, draw 1.",Caravan Studio,portrait,https://cmsassets.rgpub.io/sanity/images/dsfx7636/game_data_live/a0e7f7fa55ae618f94fe48920f92406ddd7e3512-744x1039.png?accountingTag=RB
unl-043-219,UNL-043/219,43,Enthusiastic Promoter,UNL,Unleashed,uncommon,Uncommon,Unit,,Calm,3,2,,"Yordle, Bandle City","[Backline] (I must be assigned combat damage last.)
When I hold, [Buff] all units here. (Give each a +1 :rb_might: buff if it doesn't have one.)","Riftbound Unit: Enthusiastic Promoter. [Backline] (I must be assigned combat damage last.)
When I hold, [Buff] all units here. (Give each a +1 [S] buff if it doesn't have one.)",Valentin Gloaguen,portrait,https://cmsassets.rgpub.io/sanity/images/dsfx7636/game_data_live/c03bdc371440cbf6de773b0b39010808bfdecea1-744x1039.png?accountingTag=RB
unl-044-219,UNL-044/219,44,Flurry of Feathers,UNL,Unleashed,uncommon,Uncommon,Spell,,Calm,4,,2,,"[Reaction]
Choose one —Counter a spell.Play four 1 :rb_might: Bird unit tokens with [Deflect]. (Opponents must pay :rb_rune_rainbow: to choose them with a spell or ability.)","Riftbound Spell: Flurry of Feathers. [Reaction]
Choose one —
- Counter a spell.
- Play four 1 [S] Bird unit tokens with [Deflect]. (Opponents must pay [A] to choose them with a spell or ability.)",Polar Engine Studio,portrait,https://cmsassets.rgpub.io/sanity/images/dsfx7636/game_data_live/77bd864b29f4975868e557e31a39b94d06a4ecb2-744x1039.png?accountingTag=RB
unl-045-219,UNL-045/219,45,Forgotten Signpost,UNL,Unleashed,uncommon,Uncommon,Gear,,Calm,2,,,,"[Action][>] Exhaust a unit you control, :rb_exhaust:: Move a different unit you control to the location of the unit you exhausted to pay for this ability.","Riftbound Gear: Forgotten Signpost. [Action][>] Exhaust a unit you control, [T]: Move a different unit you control to the location of the unit you exhausted to pay for this ability.",Kudos Productions,portrait,https://cmsassets.rgpub.io/sanity/images/dsfx7636/game_data_live/edf248974d1d97ff5ff1c6745f663fa059dbc82d-744x1039.png?accountingTag=RB
unl-046-219,UNL-046/219,46,Friendship,UNL,Unleashed,uncommon,Uncommon,Spell,,Calm,1,,,,"[Reaction] (Play any time, even before spells and abilities resolve.)
Choose a unit. Give it +1 :rb_might: this turn for each of the following tags among your units — Bird, Cat, Dog, and Poro.","Riftbound Spell: Friendship. [Reaction] (Play any time, even before spells and abilities resolve.)
Choose a unit. Give it +1 [S] this turn for each of the following tags among your units — Bird, Cat, Dog, and Poro.",Kudos Productions,portrait,https://cmsassets.rgpub.io/sanity/images/dsfx7636/game_data_live/4a1a08ec8c23a2663babd2fc683481888347407a-744x1039.png?accountingTag=RB
unl-047-219,UNL-047/219,47,Mosstomper,UNL,Unleashed,uncommon,Uncommon,Unit,,Calm,3,3,1,"Dog, Ixtal","[Hunt 2] (When I conquer or hold, gain 2 XP.)
[Level 3][>] I have +1 :rb_might: and [Deflect]. (While you have 3+ XP, get the effect. Opponents must pay :rb_rune_rainbow: to choose a [Deflect] unit with a spell or ability.)","Riftbound Unit: Mosstomper. [Hunt 2] (When I conquer or hold, gain 2 XP.)
[Level 3][>] I have +1 [S] and [Deflect]. (While you have 3+ XP, get the effect. Opponents must pay [A] to choose a [Deflect] unit with a spell or ability.)",黯荧岛Dark Glow,portrait,https://cmsassets.rgpub.io/sanity/images/dsfx7636/game_data_live/0ea32d0f6f49c0b48b1ea2cc98fe0a3c540bc9db-744x1039.png?accountingTag=RB
unl-048-219,UNL-048/219,48,Trevor Snoozebottom,UNL,Unleashed,uncommon,Uncommon,Unit,,Calm,3,3,,"Yordle, Ionia","[Shield] (+1 :rb_might: while I'm a defender.)
When I hold, play a ready 3 :rb_might: Sprite unit token with [Temporary] here. (Kill it at the start of its controller's next Beginning Phase, before scoring.)","Riftbound Unit: Trevor Snoozebottom. [Shield] (+1 [S] while I'm a defender.)
When I hold, play a ready 3 [S] Sprite unit token with [Temporary] here. (Kill it at the start of its controller's next Beginning Phase, before scoring.)",Six More Vodka,portrait,https://cmsassets.rgpub.io/sanity/images/dsfx7636/game_data_live/fa843ee80d1a35416d61482bc1602279955a2c7f-744x1039.png?accountingTag=RB
unl-049-219,UNL-049/219,49,Honeyfruit,UNL,Unleashed,rare,Rare,Gear,,Calm,2,,,,"This enters exhausted.
[Reaction][>] :rb_exhaust:: [Add] :rb_rune_rainbow:. (Abilities that add resources can't be reacted to.)
[Level 6][>] [>>][Reaction][>] :rb_exhaust:: [Add] :rb_energy_1::rb_rune_rainbow:. (Use this ability only while you have 6+ XP.)","Riftbound Gear: Honeyfruit. This enters exhausted.
[Reaction][>] [T]: [Add] [A]. (Abilities that add resources can't be reacted to.)
[Level 6][>] [>>][Reaction][>] [T]: [Add] [1][A]. (Use this ability only while you have 6+ XP.)",黯荧岛Dark Glow,portrait,https://cmsassets.rgpub.io/sanity/images/dsfx7636/game_data_live/4794052d16d88b12861b348a466673ace098c32e-744x1039.png?accountingTag=RB
unl-050-219,UNL-050/219,50,Iascylla,UNL,Unleashed,rare,Rare,Unit,,Calm,7,6,1,Bilgewater,"When I hold, at the start of your next Main Phase, you may move an enemy unit to this battlefield.","Riftbound Unit: Iascylla. When I hold, at the start of your next Main Phase, you may move an enemy unit to this battlefield.",Envar Studio,portrait,https://cmsassets.rgpub.io/sanity/images/dsfx7636/game_data_live/debdbfa22e4e75822fe1fbf0e7ab14bccbbdf191-744x1039.png?accountingTag=RB
unl-051a-219,UNL-051a/219,51,"Ivern, Nurturer",UNL,Unleashed,rare,Rare,Unit,Champion,Calm,5,4,1,"Ivern, Ionia","When you play me or when I hold, look at the top 3 cards of your Main Deck. You may reveal a unit from among them and draw it. Recycle the rest. Then if you revealed a Bird, Cat, Dog, or Poro, do this: [Buff] a friendly unit.","Riftbound Unit: Ivern, Nurturer. When you play me or when I hold, look at the top 3 cards of your Main Deck. You may reveal a unit from among them and draw it. Recycle the rest. Then if you revealed a Bird, Cat, Dog, or Poro, do this: [Buff] a friendly unit.",League Splash Team,portrait,https://cmsassets.rgpub.io/sanity/images/dsfx7636/game_data_live/4564b2f80dd53a8bcbca1633eb1ef69455692c58-744x1039.png?accountingTag=RB
unl-051-219,UNL-051/219,51,"Ivern, Nurturer",UNL,Unleashed,rare,Rare,Unit,Champion,Calm,5,4,1,"Ivern, Ionia","When you play me or when I hold, look at the top 3 cards of your Main Deck. You may reveal a unit from among them and draw it. Recycle the rest. Then if you revealed a Bird, Cat, Dog, or Poro, do this: [Buff] a friendly unit. (Give it a +1 :rb_might: buff if it doesn't have one.)","Riftbound Unit: Ivern, Nurturer. When you play me or when I hold, look at the top 3 cards of your Main Deck. You may reveal a unit from among them and draw it. Recycle the rest. Then if you revealed a Bird, Cat, Dog, or Poro, do this: [Buff] a friendly unit. (Give it a +1 [S] buff if it doesn't have one.)",League Splash Team,portrait,https://cmsassets.rgpub.io/sanity/images/dsfx7636/game_data_live/a72b08dd57422d3441df88eb61c000cdb4ac688a-744x1039.png?accountingTag=RB
unl-052-219,UNL-052/219,52,"Nami, Headstrong",UNL,Unleashed,rare,Rare,Unit,Champion,Calm,3,3,,"Mount Targon, Nami","You may pay :rb_rune_calm: as an additional cost to play me.
When you play me, if you paid the additional cost, [Stun] an enemy unit. (It doesn't deal combat damage this turn.)
When I hold, the next time you play a unit this turn, ready it and [Buff] it.","Riftbound Unit: Nami, Headstrong. You may pay [C] as an additional cost to play me.
When you play me, if you paid the additional cost, [Stun] an enemy unit. (It doesn't deal combat damage this turn.)
When I hold, the next time you play a unit this turn, ready it and [Buff] it.",Six More Vodka,portrait,https://cmsassets.rgpub.io/sanity/images/dsfx7636/game_data_live/c65521065700f308689608fc6c4fa8963f3264c0-744x1039.png?accountingTag=RB
unl-053-219,UNL-053/219,53,Scuttle Crab,UNL,Unleashed,rare,Rare,Unit,,Calm,2,0,,Bilgewater,"(Units with 0 :rb_might: can conquer and hold.)
When you play me, draw 1.
[Deathknell][>] Choose an opponent. They reveal their hand. You can look at their facedown cards this turn. Gain 1 XP. (When I die, get the effects.)","Riftbound Unit: Scuttle Crab. (Units with 0 [S] can conquer and hold.)
When you play me, draw 1.
[Deathknell][>] Choose an opponent. They reveal their hand. You can look at their facedown cards this turn. Gain 1 XP. (When I die, get the effects.)",黯荧岛Dark Glow,portrait,https://cmsassets.rgpub.io/sanity/images/dsfx7636/game_data_live/8c9a251b2deb21716fba0ac83c6aac96563fa19d-744x1039.png?accountingTag=RB
unl-054-219,UNL-054/219,54,Tricksy Tentacles,UNL,Unleashed,rare,Rare,Spell,,Calm,4,,1,,Move any number of enemy units with the same controller and a total Might of 8 or less to a single location.,Riftbound Spell: Tricksy Tentacles. Move any number of enemy units with the same controller and a total Might of 8 or less to a single location.,Kudos Productions,portrait,https://cmsassets.rgpub.io/sanity/images/dsfx7636/game_data_live/7e1e77df44c076599fa780f7fd01a4550f67af45-744x1039.png?accountingTag=RB
unl-055-219,UNL-055/219,55,"Vex, Mocking",UNL,Unleashed,rare,Rare,Unit,Champion,Calm,5,5,1,"Yordle, Vex, Shadow Isles","[Shield] (+1 :rb_might: while I'm a defender.)
[Tank] (I must be assigned combat damage first.)
When you [Stun] an enemy unit at a battlefield, you may move me to that battlefield.","Riftbound Unit: Vex, Mocking. [Shield] (+1 [S] while I'm a defender.)
[Tank] (I must be assigned combat damage first.)
When you [Stun] an enemy unit at a battlefield, you may move me to that battlefield.",Envar Studio,portrait,https://cmsassets.rgpub.io/sanity/images/dsfx7636/game_data_live/ed2c20de6ceb7ff23f62ccb28a49fd305c5b15b7-744x1039.png?accountingTag=RB
unl-055a-219,UNL-055a/219,55,"Vex, Mocking",UNL,Unleashed,rare,Rare,Unit,Champion,Calm,5,5,1,"Yordle, Vex, Shadow Isles","[Shield]
[Tank]
When you [Stun] an enemy unit at a battlefield, you may move me to that battlefield.","Riftbound Unit: Vex, Mocking. [Shield]
[Tank]
When you [Stun] an enemy unit at a battlefield, you may move me to that battlefield.",League Splash Team,portrait,https://cmsassets.rgpub.io/sanity/images/dsfx7636/game_data_live/9594ce4be31689c364a43954a541c4391fe0d4f3-744x1039.png?accountingTag=RB
unl-056-219,UNL-056/219,56,"Yuumi, Magical Cat",UNL,Unleashed,rare,Rare,Unit,Champion,Calm,3,1,1,"Fae, Cat, Bandle City, Yuumi","When I attack or defend, give one of your other units here +3 :rb_might: and [Tank] this turn. (It must be assigned combat damage first.)","Riftbound Unit: Yuumi, Magical Cat. When I attack or defend, give one of your other units here +3 [S] and [Tank] this turn. (It must be assigned combat damage first.)",Six More Vodka,portrait,https://cmsassets.rgpub.io/sanity/images/dsfx7636/game_data_live/588ddfeb01ab7b37110d8a7e656cf9f35530ce4e-744x1039.png?accountingTag=RB
unl-057-219,UNL-057/219,57,Alpha Wildclaw,UNL,Unleashed,epic,Epic,Unit,,Calm,6,7,2,"Cat, Freljord","[Tank] (I must be assigned combat damage first.)
Your units here with less Might than me can't be chosen by enemy spells and abilities.","Riftbound Unit: Alpha Wildclaw. [Tank] (I must be assigned combat damage first.)
Your units here with less Might than me can't be chosen by enemy spells and abilities.",Six More Vodka,portrait,https://cmsassets.rgpub.io/sanity/images/dsfx7636/game_data_live/39ec974dae18bf82fcc18a95044d8df04cc14d3c-744x1039.png?accountingTag=RB
unl-058a-219,UNL-058a/219,58,"Lillia, Protector of Dreams",UNL,Unleashed,epic,Epic,Unit,Champion,Calm,5,4,,"Fae, Lillia, Ionia","When you play a token unit, give me +1 :rb_might: this turn.
Your token units have [Tank].","Riftbound Unit: Lillia, Protector of Dreams. When you play a token unit, give me +1 [S] this turn.
Your token units have [Tank].",League Splash Team,portrait,https://cmsassets.rgpub.io/sanity/images/dsfx7636/game_data_live/92cdae8b6bfef70d0a38761f1dc4aa771a37753a-744x1039.png?accountingTag=RB
unl-058-219,UNL-058/219,58,"Lillia, Protector of Dreams",UNL,Unleashed,epic,Epic,Unit,Champion,Calm,5,4,,"Fae, Lillia, Ionia","When you play a token unit, give me +1 :rb_might: this turn.
Your token units have [Tank]. (They must be assigned combat damage first.)","Riftbound Unit: Lillia, Protector of Dreams. When you play a token unit, give me +1 [S] this turn.
Your token units have [Tank]. (They must be assigned combat damage first.)",League Splash Team,portrait,https://cmsassets.rgpub.io/sanity/images/dsfx7636/game_data_live/daa5fe15e0a1c14c8dbb8f858d8a6d444ea6096e-744x1039.png?accountingTag=RB
unl-059-219,UNL-059/219,59,"Master Yi, Unstoppable",UNL,Unleashed,epic,Epic,Unit,Champion,Calm,12,12,3,"Master Yi, Ionia","[Level 3][>] I cost :rb_energy_2::rb_rune_calm: less. (While you have 3+ XP, get the effect.)
[Level 6][>] I cost :rb_energy_4::rb_rune_calm::rb_rune_calm: less instead.
[Level 11][>] I cost :rb_energy_6::rb_rune_calm::rb_rune_calm::rb_rune_calm: less instead.
[Level 16][>] I can't be chosen by enemy spells and abilities.","Riftbound Unit: Master Yi, Unstoppable. [Level 3][>] I cost [2][C] less. (While you have 3+ XP, get the effect.)
[Level 6][>] I cost [4][C][C] less instead.
[Level 11][>] I cost [6][C][C][C] less instead.
[Level 16][>] I can't be chosen by enemy spells and abilities.",Ziyan Lin,portrait,https://cmsassets.rgpub.io/sanity/images/dsfx7636/game_data_live/8a6d46d701eebaff0850a5b7400816517006d7e9-744x1039.png?accountingTag=RB
unl-059a-219,UNL-059a/219,59,"Master Yi, Unstoppable",UNL,Unleashed,epic,Epic,Unit,Champion,Calm,12,12,3,"Master Yi, Ionia","[Level 3][>] I cost :rb_energy_2::rb_rune_calm: less.
[Level 6][>] I cost :rb_energy_4::rb_rune_calm::rb_rune_calm: less instead.
[Level 11][>] I cost :rb_energy_6::rb_rune_calm::rb_rune_calm::rb_rune_calm: less instead.
[Level 16][>] I can't be chosen by enemy spells and abilities.","Riftbound Unit: Master Yi, Unstoppable. [Level 3][>] I cost [2][C] less.
[Level 6][>] I cost [4][C][C] less instead.
[Level 11][>] I cost [6][C][C][C] less instead.
[Level 16][>] I can't be chosen by enemy spells and abilities.",League Splash Team,portrait,https://cmsassets.rgpub.io/sanity/images/dsfx7636/game_data_live/cb53c3b70820fca73540223addbe5369b5267e15-744x1039.png?accountingTag=RB
unl-060-219,UNL-060/219,60,Vilemaw,UNL,Unleashed,epic,Epic,Unit,,Calm,8,8,2,"Shadow Isles, Spider","[Ambush] (You may play me as a [Reaction] to a battlefield where you have units.)
Enemy units here with less Might than me don't deal combat damage.
When I hold, draw 1.","Riftbound Unit: Vilemaw. [Ambush] (You may play me as a [Reaction] to a battlefield where you have units.)
Enemy units here with less Might than me don't deal combat damage.
When I hold, draw 1.",Envar Studio,portrait,https://cmsassets.rgpub.io/sanity/images/dsfx7636/game_data_live/cb6dde0284f9ef84cbc9c0f07d2e7aac2fe6f919-744x1039.png?accountingTag=RB
unl-060a-219,UNL-060a/219,60,Vilemaw,UNL,Unleashed,epic,Epic,Unit,,Calm,8,8,2,"Shadow Isles, Spider","[Ambush]
Enemy units here with less Might than me don't deal combat damage.
When I hold, draw 1.","Riftbound Unit: Vilemaw. [Ambush]
Enemy units here with less Might than me don't deal combat damage.
When I hold, draw 1.",Envar Studio,portrait,https://cmsassets.rgpub.io/sanity/images/dsfx7636/game_data_live/229efda03d93b27741b8f9e86e1151b5c2a5095f-744x1039.png?accountingTag=RB
unl-061-219,UNL-061/219,61,Downstage Dramatics,UNL,Unleashed,common,Common,Spell,,Mind,2,,,,"[Reaction] (Play any time, even before spells and abilities resolve.)
[Repeat] :rb_energy_2: (You may pay the additional cost to repeat this spell's effect.)
Draw 1.","Riftbound Spell: Downstage Dramatics. [Reaction] (Play any time, even before spells and abilities resolve.)
[Repeat] [2] (You may pay the additional cost to repeat this spell's effect.)
Draw 1.",莺之歌,portrait,https://cmsassets.rgpub.io/sanity/images/dsfx7636/game_data_live/d76418eabcddbea148f3331913223b79a39aabda-744x1039.png?accountingTag=RB
unl-062-219,UNL-062/219,62,Dramatic Visionary,UNL,Unleashed,common,Common,Unit,,Mind,4,4,,Ionia,"[Deathknell][>] [Predict 2]. (When I die, look at the top two cards of your Main Deck. Recycle any of them and put the rest back in any order.)","Riftbound Unit: Dramatic Visionary. [Deathknell][>] [Predict 2]. (When I die, look at the top two cards of your Main Deck. Recycle any of them and put the rest back in any order.)",Envar Studio,portrait,https://cmsassets.rgpub.io/sanity/images/dsfx7636/game_data_live/3153c05a8c3fb4d8f945a95fad54ea25e087ad47-744x1039.png?accountingTag=RB
unl-063-219,UNL-063/219,63,Eclipse,UNL,Unleashed,common,Common,Spell,,Mind,3,,,,"[Reaction] (Play any time, even before spells and abilities resolve.)
Give a unit -4 :rb_might: this turn.
[Predict]. (Look at the top card of your Main Deck. You may recycle it.)","Riftbound Spell: Eclipse. [Reaction] (Play any time, even before spells and abilities resolve.)
Give a unit -4 [S] this turn.
[Predict]. (Look at the top card of your Main Deck. You may recycle it.)",Kudos Productions,portrait,https://cmsassets.rgpub.io/sanity/images/dsfx7636/game_data_live/9fcef3d1d7de3c219aabcab88d0550c9d8cd4311-744x1039.png?accountingTag=RB
unl-064-219,UNL-064/219,64,Fate Weaver,UNL,Unleashed,common,Common,Unit,,Mind,5,4,,Ionia,"When you play me, look at the top 4 cards of your Main Deck. You may reveal a spell with Energy cost :rb_energy_4: or more from among them and draw it. Recycle the rest.","Riftbound Unit: Fate Weaver. When you play me, look at the top 4 cards of your Main Deck. You may reveal a spell with Energy cost [4] or more from among them and draw it. Recycle the rest.",Valentin Gloaguen,portrait,https://cmsassets.rgpub.io/sanity/images/dsfx7636/game_data_live/ab713d332b48a7526585b0be3718fea9e9f93622-744x1039.png?accountingTag=RB
unl-065-219,UNL-065/219,65,Icevale Archer,UNL,Unleashed,common,Common,Unit,,Mind,2,2,,Freljord,"When I attack, you may pay :rb_energy_1: to give a unit here -1 :rb_might: this turn.","Riftbound Unit: Icevale Archer. When I attack, you may pay [1] to give a unit here -1 [S] this turn.",Six More Vodka,portrait,https://cmsassets.rgpub.io/sanity/images/dsfx7636/game_data_live/c14db2ae064ccee80d8ec373f9fe9b4f44776e3e-744x1039.png?accountingTag=RB
unl-066-219,UNL-066/219,66,Moonlight Affliction,UNL,Unleashed,common,Common,Spell,,Mind,7,,,,"[Reaction] (Play any time, even before spells and abilities resolve.)
Give a unit -10 :rb_might: this turn.","Riftbound Spell: Moonlight Affliction. [Reaction] (Play any time, even before spells and abilities resolve.)
Give a unit -10 [S] this turn.",Kudos Productions,portrait,https://cmsassets.rgpub.io/sanity/images/dsfx7636/game_data_live/8f75280599fdb4d3b6191cf8e8443aadf33ad11e-744x1039.png?accountingTag=RB
unl-067-219,UNL-067/219,67,Ruined Rex,UNL,Unleashed,common,Common,Unit,,Mind,6,6,1,Bilgewater,"[Deathknell][>] Deal 4 to an enemy unit. (When I die, get the effect.)","Riftbound Unit: Ruined Rex. [Deathknell][>] Deal 4 to an enemy unit. (When I die, get the effect.)",Kudos Productions,portrait,https://cmsassets.rgpub.io/sanity/images/dsfx7636/game_data_live/05fc9613bd3a3c3c5002ff1d7d665b37fd18dcb7-744x1039.png?accountingTag=RB
unl-068-219,UNL-068/219,68,Spectral Centaur,UNL,Unleashed,common,Common,Unit,,Mind,6,5,,"Spirit, Shadow Isles","When another friendly unit dies, give me +2 :rb_might: this turn.","Riftbound Unit: Spectral Centaur. When another friendly unit dies, give me +2 [S] this turn.",Kudos Productions,portrait,https://cmsassets.rgpub.io/sanity/images/dsfx7636/game_data_live/60fb267f2d0cd16714d35a0eefd0d5864304102b-744x1039.png?accountingTag=RB
unl-069-219,UNL-069/219,69,Sprite Burst,UNL,Unleashed,common,Common,Spell,,Mind,5,,,,"Play two ready 3 :rb_might: Sprite unit tokens with [Temporary]. (Kill each at the start of its controller's Beginning Phase, before scoring.)","Riftbound Spell: Sprite Burst. Play two ready 3 [S] Sprite unit tokens with [Temporary]. (Kill each at the start of its controller's Beginning Phase, before scoring.)",Envar Studio,portrait,https://cmsassets.rgpub.io/sanity/images/dsfx7636/game_data_live/4427ceffae1c3e7b012167461ce7c080bb2c1fe4-744x1039.png?accountingTag=RB
unl-070-219,UNL-070/219,70,Turn to Dust,UNL,Unleashed,common,Common,Spell,,Mind,2,,,,"Give a gear [Temporary]. (Kill it at the start of its controller's Beginning Phase, before scoring.)","Riftbound Spell: Turn to Dust. Give a gear [Temporary]. (Kill it at the start of its controller's Beginning Phase, before scoring.)",Kudos Productions,portrait,https://cmsassets.rgpub.io/sanity/images/dsfx7636/game_data_live/4986c0c2fea96d9a88d736789d604374a64d03fb-744x1039.png?accountingTag=RB
unl-071-219,UNL-071/219,71,Chakram Dancer,UNL,Unleashed,uncommon,Uncommon,Unit,,Mind,3,3,,Bilgewater,"[Ambush] (You may play me as a [Reaction] to a battlefield where you have units.)
When you play me, give your other units here [Shield] this turn. (+1 :rb_might: while they're defenders.)","Riftbound Unit: Chakram Dancer. [Ambush] (You may play me as a [Reaction] to a battlefield where you have units.)
When you play me, give your other units here [Shield] this turn. (+1 [S] while they're defenders.)",Wild Blue Studios,portrait,https://cmsassets.rgpub.io/sanity/images/dsfx7636/game_data_live/29abe06f1c16a9eed622a5060330116268b73b8c-744x1039.png?accountingTag=RB
unl-072-219,UNL-072/219,72,Crescent Strike,UNL,Unleashed,uncommon,Uncommon,Spell,,Mind,3,,1,,"[Action] (Play on your turn or in showdowns.)
Choose a battlefield and an enemy unit there. Deal 4 to that unit and 1 to each other enemy unit there.","Riftbound Spell: Crescent Strike. [Action] (Play on your turn or in showdowns.)
Choose a battlefield and an enemy unit there. Deal 4 to that unit and 1 to each other enemy unit there.",Kudos Productions,portrait,https://cmsassets.rgpub.io/sanity/images/dsfx7636/game_data_live/34ab7eff1eb8833ab8b9978eac18c4fb18b1ac81-744x1039.png?accountingTag=RB
unl-073-219,UNL-073/219,73,Deadly Flourish,UNL,Unleashed,uncommon,Uncommon,Spell,,Mind,4,,,,"Deal 3 to an enemy unit. When it dies this turn, play a Gold gear token exhausted. (It has ""[Reaction][>] Kill this, :rb_exhaust:: [Add] :rb_rune_rainbow:."")","Riftbound Spell: Deadly Flourish. Deal 3 to an enemy unit. When it dies this turn, play a Gold gear token exhausted. (It has ""[Reaction][>] Kill this, [T]: [Add] [A]."")",Kudos Productions,portrait,https://cmsassets.rgpub.io/sanity/images/dsfx7636/game_data_live/81195df7122beaba38ebc8b8212ceb0e7593afe9-744x1039.png?accountingTag=RB
unl-074-219,UNL-074/219,74,Frigid Jewel,UNL,Unleashed,uncommon,Uncommon,Gear,,Mind,2,,,,"When you draw your second card each turn, give a friendly unit +2 :rb_might: this turn.","Riftbound Gear: Frigid Jewel. When you draw your second card each turn, give a friendly unit +2 [S] this turn.",Kudos Productions,portrait,https://cmsassets.rgpub.io/sanity/images/dsfx7636/game_data_live/f1a6c28649bf4478b4728379b6d548058739f0e9-744x1039.png?accountingTag=RB
unl-075-219,UNL-075/219,75,Gustwalker,UNL,Unleashed,uncommon,Uncommon,Unit,,Mind,3,3,1,"Dog, Ionia","[Hunt 2] (When I conquer or hold, gain 2 XP.)
[Level 3][>] I have +1 :rb_might: and [Ganking]. (While you have 3+ XP, get the effect. A [Ganking] unit can move from battlefield to battlefield.)","Riftbound Unit: Gustwalker. [Hunt 2] (When I conquer or hold, gain 2 XP.)
[Level 3][>] I have +1 [S] and [Ganking]. (While you have 3+ XP, get the effect. A [Ganking] unit can move from battlefield to battlefield.)",黯荧岛Dark Glow,portrait,https://cmsassets.rgpub.io/sanity/images/dsfx7636/game_data_live/3f314cea0c05d2ea274a81d723299e4e20b2ebde-744x1039.png?accountingTag=RB
unl-076-219,UNL-076/219,76,Petal Pixie,UNL,Unleashed,uncommon,Uncommon,Unit,,Mind,2,2,,"Fae, Ionia",I have +1 :rb_might: for each of your units with [Temporary] at my battlefield.,Riftbound Unit: Petal Pixie. I have +1 [S] for each of your units with [Temporary] at my battlefield.,Envar Studio,portrait,https://cmsassets.rgpub.io/sanity/images/dsfx7636/game_data_live/68189fb5a6b3193e8925969ac0c545bc78b210c9-744x1039.png?accountingTag=RB
unl-077-219,UNL-077/219,77,Soul Shepherd,UNL,Unleashed,uncommon,Uncommon,Unit,,Mind,5,3,,Shadow Isles,Your token units have +1 :rb_might:.,Riftbound Unit: Soul Shepherd. Your token units have +1 [S].,Six More Vodka,portrait,https://cmsassets.rgpub.io/sanity/images/dsfx7636/game_data_live/cb2a157e715ef103e688e094c21f772003775e45-744x1039.png?accountingTag=RB
unl-078-219,UNL-078/219,78,Sprite Fountain,UNL,Unleashed,uncommon,Uncommon,Gear,,Mind,2,,1,,"[Temporary] (Kill this at the start of its controller's Beginning Phase, before scoring.)
When you play this, play a ready 3 :rb_might: Sprite unit token with [Temporary] to your base.
[Deathknell][>] Repeat this gear's play effect. (When this dies, get the effect.)","Riftbound Gear: Sprite Fountain. [Temporary] (Kill this at the start of its controller's Beginning Phase, before scoring.)
When you play this, play a ready 3 [S] Sprite unit token with [Temporary] to your base.
[Deathknell][>] Repeat this gear's play effect. (When this dies, get the effect.)",Envar Studio,portrait,https://cmsassets.rgpub.io/sanity/images/dsfx7636/game_data_live/fcb3ea3e8f829b8dc845fbf49080552d635bb47b-744x1039.png?accountingTag=RB
unl-079a-219,UNL-079a/219,79,"Diana, Lunari",UNL,Unleashed,rare,Rare,Unit,Champion,Mind,3,3,,"Diana, Mount Targon","When a showdown begins here, you may pay :rb_energy_1:. If you do, [Predict], then reveal the top card of your Main Deck. If it's a spell, draw it.","Riftbound Unit: Diana, Lunari. When a showdown begins here, you may pay [1]. If you do, [Predict], then reveal the top card of your Main Deck. If it's a spell, draw it.",League Splash Team,portrait,https://cmsassets.rgpub.io/sanity/images/dsfx7636/game_data_live/f538c2659c02af20a173503784989e39a0c291f6-744x1039.png?accountingTag=RB
unl-079-219,UNL-079/219,79,"Diana, Lunari",UNL,Unleashed,rare,Rare,Unit,Champion,Mind,3,3,,"Diana, Mount Targon","When a showdown begins here, you may pay :rb_energy_1:. If you do, [Predict], then reveal the top card of your Main Deck. If it's a spell, draw it. (To Predict, look at the top card of your Main Deck. You may recycle it.)","Riftbound Unit: Diana, Lunari. When a showdown begins here, you may pay [1]. If you do, [Predict], then reveal the top card of your Main Deck. If it's a spell, draw it. (To Predict, look at the top card of your Main Deck. You may recycle it.)",Six More Vodka,portrait,https://cmsassets.rgpub.io/sanity/images/dsfx7636/game_data_live/3e284397713abb21d2c8d9b85202ab65d21689e9-744x1039.png?accountingTag=RB
unl-080-219,UNL-080/219,80,"Hwei, Brooding Painter",UNL,Unleashed,rare,Rare,Unit,Champion,Mind,5,5,1,"Ionia, Hwei","When I move, draw 1, then discard 1. Then, do the following based on the discarded card's type:Spell — Draw 1.Gear — Ready up to 2 runes.Unit — Give me +3 :rb_might: this turn.","Riftbound Unit: Hwei, Brooding Painter. When I move, draw 1, then discard 1. Then, do the following based on the discarded card's type:
* Spell — Draw 1.
* Gear — Ready up to 2 runes.
* Unit — Give me +3 [S] this turn.",League Splash Team,portrait,https://cmsassets.rgpub.io/sanity/images/dsfx7636/game_data_live/ddbb13ba5617cc443b9a3a51485b1697da570121-744x1039.png?accountingTag=RB
unl-081-219,UNL-081/219,81,Keeper of Masks,UNL,Unleashed,rare,Rare,Unit,,Mind,2,1,,Ionia,"[Hidden] (Hide now for :rb_rune_rainbow: to react with later for :rb_energy_0:.)
[Temporary] (Kill me at the start of my controller's Beginning Phase, before scoring.)
When you play me, play two Reflection unit tokens here. They become copies of me.","Riftbound Unit: Keeper of Masks. [Hidden] (Hide now for [A] to react with later for [0].)
[Temporary] (Kill me at the start of my controller's Beginning Phase, before scoring.)
When you play me, play two Reflection unit tokens here. They become copies of me.",Six More Vodka,portrait,https://cmsassets.rgpub.io/sanity/images/dsfx7636/game_data_live/67606d98bd3d8816e686dacacb91a56627d4b5f5-744x1039.png?accountingTag=RB
unl-082-219,UNL-082/219,82,"Lillia, Fae Fawn",UNL,Unleashed,rare,Rare,Unit,Champion,Mind,3,3,,"Fae, Lillia, Ionia","[Accelerate] (You may pay :rb_energy_1::rb_rune_mind: as an additional cost to have me enter ready.)
When I move from a location, play a 3 :rb_might: Sprite unit token with [Temporary] there. (Kill it at the start of its controller's Beginning Phase, before scoring.)","Riftbound Unit: Lillia, Fae Fawn. [Accelerate] (You may pay [1][C] as an additional cost to have me enter ready.)
When I move from a location, play a 3 [S] Sprite unit token with [Temporary] there. (Kill it at the start of its controller's Beginning Phase, before scoring.)",Envar Studio,portrait,https://cmsassets.rgpub.io/sanity/images/dsfx7636/game_data_live/65d0af5361b335a7e65c7aa03a099fc0de3431e6-744x1039.png?accountingTag=RB
unl-082a-219,UNL-082a/219,82,"Lillia, Fae Fawn",UNL,Unleashed,rare,Rare,Unit,Champion,Mind,3,3,,"Fae, Lillia, Ionia","[Accelerate]
When I move from a location, play a 3 :rb_might: Sprite unit token with [Temporary] there.","Riftbound Unit: Lillia, Fae Fawn. [Accelerate]
When I move from a location, play a 3 [S] Sprite unit token with [Temporary] there.",League Splash Team,portrait,https://cmsassets.rgpub.io/sanity/images/dsfx7636/game_data_live/b06072002316a5b86f11750bbe21e9dfb94be08d-744x1039.png?accountingTag=RB
unl-083-219,UNL-083/219,83,Smoke and Mirrors,UNL,Unleashed,rare,Rare,Spell,,Mind,2,,,,"[Hidden] (Hide now for :rb_rune_rainbow: to react with later for :rb_energy_0:.)
[Action] (Play on your turn or in showdowns.)
Choose a unit you control and another unit you control at a different location. If at least one of them has [Temporary], move each to the other's location. Draw 1.","Riftbound Spell: Smoke and Mirrors. [Hidden] (Hide now for [A] to react with later for [0].)
[Action] (Play on your turn or in showdowns.)
Choose a unit you control and another unit you control at a different location. If at least one of them has [Temporary], move each to the other's location. Draw 1.",Wild Blue Studios,portrait,https://cmsassets.rgpub.io/sanity/images/dsfx7636/game_data_live/38886634ee8646707d9c26020f977f14c934a4c0-744x1039.png?accountingTag=RB
unl-084-219,UNL-084/219,84,Sprite Queen,UNL,Unleashed,rare,Rare,Unit,,Mind,7,6,1,"Fae, Ionia","When you play me or at the start of your Beginning Phase, play a ready 3 :rb_might: Sprite unit token with [Temporary] to your base. (Kill them at the start of their controller's next Beginning Phase, before scoring.)","Riftbound Unit: Sprite Queen. When you play me or at the start of your Beginning Phase, play a ready 3 [S] Sprite unit token with [Temporary] to your base. (Kill them at the start of their controller's next Beginning Phase, before scoring.)",Envar Studio,portrait,https://cmsassets.rgpub.io/sanity/images/dsfx7636/game_data_live/64b7debe0dd3d7b644f627eba562187bc45dd313-744x1039.png?accountingTag=RB
unl-085-219,UNL-085/219,85,Sumpworks Map,UNL,Unleashed,rare,Rare,Gear,,Mind,2,,,,"[Reaction] (Play any time, even before spells and abilities resolve.)
[Temporary] (Kill this at the start of its controller's Beginning Phase, before scoring.)
When an opponent scores, draw 1.","Riftbound Gear: Sumpworks Map. [Reaction] (Play any time, even before spells and abilities resolve.)
[Temporary] (Kill this at the start of its controller's Beginning Phase, before scoring.)
When an opponent scores, draw 1.",Kudos Productions,portrait,https://cmsassets.rgpub.io/sanity/images/dsfx7636/game_data_live/87c3d5007aa3c3e2c4ff3d5bf78a92a2bee58db3-744x1039.png?accountingTag=RB
unl-086-219,UNL-086/219,86,"Zilean, Time Mage",UNL,Unleashed,rare,Rare,Unit,Champion,Mind,5,5,1,"Icathia, Zilean","Once each turn, if you would play a token unit while I'm at a battlefield, you may play that token and an additional copy of it instead.","Riftbound Unit: Zilean, Time Mage. Once each turn, if you would play a token unit while I'm at a battlefield, you may play that token and an additional copy of it instead.",Six More Vodka,portrait,https://cmsassets.rgpub.io/sanity/images/dsfx7636/game_data_live/2a3165b43bd9878c0eb519bc25d370064aacac35-744x1039.png?accountingTag=RB
unl-087-219,UNL-087/219,87,Blue Sentinel,UNL,Unleashed,epic,Epic,Unit,,Mind,4,4,1,Mount Targon,"[Shield 2] (+2 :rb_might: while I'm a defender.)
Your hold effects for holding here trigger an additional time.
When I hold, [Add] :rb_rune_rainbow: at the start of your next Main Phase. (Abilities that add resources can't be reacted to.)","Riftbound Unit: Blue Sentinel. [Shield 2] (+2 [S] while I'm a defender.)
Your hold effects for holding here trigger an additional time.
When I hold, [Add] [A] at the start of your next Main Phase. (Abilities that add resources can't be reacted to.)",Grafit Studio,portrait,https://cmsassets.rgpub.io/sanity/images/dsfx7636/game_data_live/bec7e8f108fac2d9c94db01c85cf143133d13325-744x1039.png?accountingTag=RB
unl-087a-219,UNL-087a/219,87,Blue Sentinel,UNL,Unleashed,epic,Epic,Unit,,Mind,4,4,1,,"[Shield 2]
Your hold effects for holding here trigger an additional time.
When I hold, [Add] :rb_rune_rainbow: at the start of your next Main Phase.","Riftbound Unit: Blue Sentinel. [Shield 2]
Your hold effects for holding here trigger an additional time.
When I hold, [Add] [A] at the start of your next Main Phase.",Grafit Studio,portrait,https://cmsassets.rgpub.io/sanity/images/dsfx7636/game_data_live/d6c05e13dfb9ce38cc4d829d33acaf1560abe62a-744x1039.png?accountingTag=RB
unl-088-219,UNL-088/219,88,Gutter Palace,UNL,Unleashed,epic,Epic,Gear,,Mind,4,,,,"At the start of your Beginning Phase, if you have exactly 4 cards in hand and exactly 4 units at battlefields, you win the game.
Discard 1, :rb_exhaust:: Play a 1 :rb_might: Bird unit token with [Deflect]. (Opponents must pay :rb_rune_rainbow: to choose it with a spell or ability.)","Riftbound Gear: Gutter Palace. At the start of your Beginning Phase, if you have exactly 4 cards in hand and exactly 4 units at battlefields, you win the game.
Discard 1, [T]: Play a 1 [S] Bird unit token with [Deflect]. (Opponents must pay [A] to choose it with a spell or ability.)",Kudos Productions,portrait,https://cmsassets.rgpub.io/sanity/images/dsfx7636/game_data_live/f1addf7bb3925871cbcf4615f5a449dc61f762da-744x1039.png?accountingTag=RB
unl-089a-219,UNL-089a/219,89,"Jhin, Meticulous Killer",UNL,Unleashed,epic,Epic,Unit,Champion,Mind,4,4,,"Jhin, Ionia","[Vision]
If you've spent :rb_energy_4: or more to play a spell this turn, you may play me for :rb_rune_mind:.","Riftbound Unit: Jhin, Meticulous Killer. [Vision]
If you've spent [4] or more to play a spell this turn, you may play me for [C].",League Splash Team,portrait,https://cmsassets.rgpub.io/sanity/images/dsfx7636/game_data_live/992e0a23ba7ad3fe88410f023bb1311195e1863a-744x1039.png?accountingTag=RB
unl-089-219,UNL-089/219,89,"Jhin, Meticulous Killer",UNL,Unleashed,epic,Epic,Unit,Champion,Mind,4,4,,"Jhin, Ionia","[Vision] (When you play me, look at the top card of your Main Deck. You may recycle it.)
If you've spent :rb_energy_4: or more to play a spell this turn, you may play me for :rb_rune_mind:.","Riftbound Unit: Jhin, Meticulous Killer. [Vision] (When you play me, look at the top card of your Main Deck. You may recycle it.)
If you've spent [4] or more to play a spell this turn, you may play me for [C].",League Splash Team,portrait,https://cmsassets.rgpub.io/sanity/images/dsfx7636/game_data_live/88fb6023ee9bd90fef3f36995ca27615dcd669f7-744x1039.png?accountingTag=RB
unl-090-219,UNL-090/219,90,"LeBlanc, Everywhere at Once",UNL,Unleashed,epic,Epic,Unit,Champion,Mind,4,4,,"Noxus, LeBlanc","[Backline] (I must be assigned combat damage last.)
Your [Temporary] effects at my battlefield don't trigger.","Riftbound Unit: LeBlanc, Everywhere at Once. [Backline] (I must be assigned combat damage last.)
Your [Temporary] effects at my battlefield don't trigger.",Envar Studio,portrait,https://cmsassets.rgpub.io/sanity/images/dsfx7636/game_data_live/a0389576206b1e750a0852c6ff46efd2646d47da-744x1039.png?accountingTag=RB
unl-090a-219,UNL-090a/219,90,"LeBlanc, Everywhere at Once",UNL,Unleashed,epic,Epic,Unit,Champion,Mind,4,4,,"Noxus, LeBlanc","[Backline]
Your [Temporary] effects at my battlefield don't trigger.","Riftbound Unit: LeBlanc, Everywhere at Once. [Backline]
Your [Temporary] effects at my battlefield don't trigger.",League Splash Team,portrait,https://cmsassets.rgpub.io/sanity/images/dsfx7636/game_data_live/0850c122c2528fadab0fa95ae1fd329288208afe-744x1039.png?accountingTag=RB
unl-091-219,UNL-091/219,91,Concentrate,UNL,Unleashed,common,Common,Spell,,Body,5,,,,"Draw 2.
[Level 6][>] This costs :rb_energy_2: less. (While you have 6+ XP, get the effect.)
[Level 11][>] This costs :rb_energy_4: less instead.","Riftbound Spell: Concentrate. Draw 2.
[Level 6][>] This costs [2] less. (While you have 6+ XP, get the effect.)
[Level 11][>] This costs [4] less instead.",Kudos Productions & 黯荧岛Dark Glow,portrait,https://cmsassets.rgpub.io/sanity/images/dsfx7636/game_data_live/5e032420b6dcbdd96dca122b4d7875868feb82ed-744x1039.png?accountingTag=RB
unl-092-219,UNL-092/219,92,Demacian Diplomat,UNL,Unleashed,common,Common,Unit,,Body,2,2,,Demacia,"When you play me, gain 1 XP.","Riftbound Unit: Demacian Diplomat. When you play me, gain 1 XP.",Kudos Productions,portrait,https://cmsassets.rgpub.io/sanity/images/dsfx7636/game_data_live/dabc873f161248d3c959932ee54b5cf550c471b9-744x1039.png?accountingTag=RB
unl-093-219,UNL-093/219,93,Dragonsoul Sage,UNL,Unleashed,common,Common,Unit,,Body,2,1,,Ionia,[Reaction][>] :rb_exhaust:: [Add] :rb_energy_1:. (Abilities that add resources can't be reacted to.),Riftbound Unit: Dragonsoul Sage. [Reaction][>] [T]: [Add] [1]. (Abilities that add resources can't be reacted to.),Dao Trong Le,portrait,https://cmsassets.rgpub.io/sanity/images/dsfx7636/game_data_live/2065a3b0fef9779fed8a3d42202606a31acf59ff-744x1039.png?accountingTag=RB
unl-094-219,UNL-094/219,94,Gemhand Hunter,UNL,Unleashed,common,Common,Unit,,Body,2,2,,"Yordle, Mount Targon","[Hunt] (When I conquer or hold, gain 1 XP.)
[Level 6][>] I have +1 :rb_might:. (While you have 6+ XP, get the effect.)","Riftbound Unit: Gemhand Hunter. [Hunt] (When I conquer or hold, gain 1 XP.)
[Level 6][>] I have +1 [S]. (While you have 6+ XP, get the effect.)",Kudos Productions,portrait,https://cmsassets.rgpub.io/sanity/images/dsfx7636/game_data_live/d824d666dc5f50c3c513c3f9722f6eafe21c6289-744x1039.png?accountingTag=RB
unl-095-219,UNL-095/219,95,Grim Resolve,UNL,Unleashed,common,Common,Spell,,Body,2,,,,"[Action] (Play on your turn or in showdowns.)
Give a friendly unit +3 :rb_might: this turn. When it wins a combat this turn, gain 2 XP.","Riftbound Spell: Grim Resolve. [Action] (Play on your turn or in showdowns.)
Give a friendly unit +3 [S] this turn. When it wins a combat this turn, gain 2 XP.",Kudos Productions,portrait,https://cmsassets.rgpub.io/sanity/images/dsfx7636/game_data_live/4705a4ef2589f2a82021f1b70dcdb7e289a88fdf-744x1039.png?accountingTag=RB
unl-096-219,UNL-096/219,96,Hunter's Machete,UNL,Unleashed,common,Common,Gear,,Body,3,,,Equipment,[Equip] :rb_rune_body: (:rb_rune_body:: Attach this to a unit you control.),Riftbound Gear: Hunter's Machete. [Equip] [C] ([C]: Attach this to a unit you control.),黯荧岛Dark Glow,portrait,https://cmsassets.rgpub.io/sanity/images/dsfx7636/game_data_live/374fd9220c204810c2b1abd48217b4d233362753-744x1039.png?accountingTag=RB
unl-097-219,UNL-097/219,97,Kinkou Initiate,UNL,Unleashed,common,Common,Unit,,Body,3,3,,Ionia,"When you play me, draw 1 if your other units have total Might 5 or more.","Riftbound Unit: Kinkou Initiate. When you play me, draw 1 if your other units have total Might 5 or more.",Six More Vodka,portrait,https://cmsassets.rgpub.io/sanity/images/dsfx7636/game_data_live/358c56479ff4a02df622827092265fe4e8373fc2-744x1039.png?accountingTag=RB
unl-098-219,UNL-098/219,98,Targonian Visionary,UNL,Unleashed,common,Common,Unit,,Body,6,6,,Mount Targon,"[Level 11][>] I have +4 :rb_might:. (While you have 11+ XP, get the effect.)","Riftbound Unit: Targonian Visionary. [Level 11][>] I have +4 [S]. (While you have 11+ XP, get the effect.)",Kudos Productions,portrait,https://cmsassets.rgpub.io/sanity/images/dsfx7636/game_data_live/fe645cecdd1f251218f5bf33225cde6c1e12b67e-744x1039.png?accountingTag=RB
unl-099-219,UNL-099/219,99,Towering Combatant,UNL,Unleashed,common,Common,Unit,,Body,4,3,,Shurima,"[Shield 2] (+2 :rb_might: while I'm a defender.)
[Tank] (I must be assigned combat damage first.)","Riftbound Unit: Towering Combatant. [Shield 2] (+2 [S] while I'm a defender.)
[Tank] (I must be assigned combat damage first.)",JiHun Lee,portrait,https://cmsassets.rgpub.io/sanity/images/dsfx7636/game_data_live/2a2eefa9b85684489e97870145eb2f94b20b60ed-744x1039.png?accountingTag=RB
unl-100-219,UNL-100/219,100,Voracious Gromp,UNL,Unleashed,common,Common,Unit,,Body,5,5,,Freljord,"[Hunt 3] (When I conquer or hold, gain 3 XP.)","Riftbound Unit: Voracious Gromp. [Hunt 3] (When I conquer or hold, gain 3 XP.)",Polar Engine Studio,portrait,https://cmsassets.rgpub.io/sanity/images/dsfx7636/game_data_live/3c006b8c9aa4581ad90c258cc6cfac9098d3c296-744x1039.png?accountingTag=RB
unl-101-219,UNL-101/219,101,Call to Battle,UNL,Unleashed,uncommon,Uncommon,Spell,,Body,3,,,,"Move a unit you control to a battlefield you control. Then, choose an opponent. They move a unit they control to the same battlefield.","Riftbound Spell: Call to Battle. Move a unit you control to a battlefield you control. Then, choose an opponent. They move a unit they control to the same battlefield.",Kudos Productions,portrait,https://cmsassets.rgpub.io/sanity/images/dsfx7636/game_data_live/3c7e0f93c72654f786f5df37895c6e95fa9d4d60-744x1039.png?accountingTag=RB
unl-102-219,UNL-102/219,102,Crowd Favorite,UNL,Unleashed,uncommon,Uncommon,Unit,,Body,3,3,,Noxus,"[Hunt] (When I conquer or hold, gain 1 XP.)
Spend 2 XP: [Buff] me. (Give me a +1 :rb_might: buff if I don't have one.)","Riftbound Unit: Crowd Favorite. [Hunt] (When I conquer or hold, gain 1 XP.)
Spend 2 XP: [Buff] me. (Give me a +1 [S] buff if I don't have one.)",Six More Vodka,portrait,https://cmsassets.rgpub.io/sanity/images/dsfx7636/game_data_live/0031569ff123a8317e1be753f0bd895501bf838b-744x1039.png?accountingTag=RB
unl-103-219,UNL-103/219,103,Disposal Order,UNL,Unleashed,uncommon,Uncommon,Spell,,Body,2,,,,"[Reaction] (Play any time, even before spells and abilities resolve.)
Choose one —Choose up to 3 cards from opponents' trashes. Their owners recycle them.Draw 1.","Riftbound Spell: Disposal Order. [Reaction] (Play any time, even before spells and abilities resolve.)
Choose one —
- Choose up to 3 cards from opponents' trashes. Their owners recycle them.
- Draw 1.",Kudos Productions,portrait,https://cmsassets.rgpub.io/sanity/images/dsfx7636/game_data_live/de7b7c683f16a297418bc9a326178c520f17ef2b-744x1039.png?accountingTag=RB
unl-104-219,UNL-104/219,104,Gentle Gemdragon,UNL,Unleashed,uncommon,Uncommon,Unit,,Body,8,8,,"Dragon, Mount Targon","When you play me or another Dragon, ready up to 2 runes.","Riftbound Unit: Gentle Gemdragon. When you play me or another Dragon, ready up to 2 runes.",Polar Engine Studio,portrait,https://cmsassets.rgpub.io/sanity/images/dsfx7636/game_data_live/65fcaff267b7f27cbda09ad23f2449188195d28e-744x1039.png?accountingTag=RB
unl-105-219,UNL-105/219,105,Imposing Challenger,UNL,Unleashed,uncommon,Uncommon,Unit,,Body,5,5,,Ionia,"When I move, you may move an enemy unit here with less Might than me to a different battlefield.","Riftbound Unit: Imposing Challenger. When I move, you may move an enemy unit here with less Might than me to a different battlefield.",Kudos Productions,portrait,https://cmsassets.rgpub.io/sanity/images/dsfx7636/game_data_live/01596f6039ef5618fae686e1c7df291e1c570fc3-744x1039.png?accountingTag=RB
unl-106-219,UNL-106/219,106,Repulse,UNL,Unleashed,uncommon,Uncommon,Spell,,Body,1,,1,,"[Reaction] (Play any time, even before spells and abilities resolve.)
Choose a friendly unit at a battlefield. Counter an enemy spell or ability that chooses it and no other friendly unit.","Riftbound Spell: Repulse. [Reaction] (Play any time, even before spells and abilities resolve.)
Choose a friendly unit at a battlefield. Counter an enemy spell or ability that chooses it and no other friendly unit.",Kudos Productions,portrait,https://cmsassets.rgpub.io/sanity/images/dsfx7636/game_data_live/ca56ad44ec24db67e10a4ee18f5c7f3756c83d94-744x1039.png?accountingTag=RB
unl-107-219,UNL-107/219,107,Stare Down,UNL,Unleashed,uncommon,Uncommon,Spell,,Body,2,,,,Choose a friendly unit and a battlefield. Move all enemy units at that battlefield with less Might than the chosen unit to their base. Gain 1 XP.,Riftbound Spell: Stare Down. Choose a friendly unit and a battlefield. Move all enemy units at that battlefield with less Might than the chosen unit to their base. Gain 1 XP.,Polar Engine Studio,portrait,https://cmsassets.rgpub.io/sanity/images/dsfx7636/game_data_live/58d0353a966bb0ca292855a0a55de5769e28d155-744x1039.png?accountingTag=RB
unl-108-219,UNL-108/219,108,Wily Newtfish,UNL,Unleashed,uncommon,Uncommon,Unit,,Body,4,4,,Bilgewater,"If you've gained XP this turn, I have +1 :rb_might: and [Ganking]. (I can move from battlefield to battlefield.)","Riftbound Unit: Wily Newtfish. If you've gained XP this turn, I have +1 [S] and [Ganking]. (I can move from battlefield to battlefield.)",Kudos Productions,portrait,https://cmsassets.rgpub.io/sanity/images/dsfx7636/game_data_live/4a0b0ebe9f47dadeb3b5f0520ec566a528df9c94-744x1039.png?accountingTag=RB
unl-109-219,UNL-109/219,109,Blood Rose,UNL,Unleashed,rare,Rare,Gear,,Body,1,,,,"When you play a unit, you may pay :rb_energy_1: to gain 1 XP.
Spend 3 XP, :rb_exhaust:: Ready a unit.","Riftbound Gear: Blood Rose. When you play a unit, you may pay [1] to gain 1 XP.
Spend 3 XP, [T]: Ready a unit.",黯荧岛Dark Glow,portrait,https://cmsassets.rgpub.io/sanity/images/dsfx7636/game_data_live/64067ebdbe3140e9a458da7ecf7253a5fae9a31b-744x1039.png?accountingTag=RB
unl-110-219,UNL-110/219,110,Clash of Giants,UNL,Unleashed,rare,Rare,Spell,,Body,6,,2,,Choose two units. They deal damage equal to their Mights to each other.,Riftbound Spell: Clash of Giants. Choose two units. They deal damage equal to their Mights to each other.,Polar Engine Studio,portrait,https://cmsassets.rgpub.io/sanity/images/dsfx7636/game_data_live/afe7cbde874003db673925275a13614d5f35266b-744x1039.png?accountingTag=RB
unl-111-219,UNL-111/219,111,Determined Sentry,UNL,Unleashed,rare,Rare,Unit,,Body,1,1,,"Yordle, Bandle City",I can't move to base.,Riftbound Unit: Determined Sentry. I can't move to base.,Kudos Productions,portrait,https://cmsassets.rgpub.io/sanity/images/dsfx7636/game_data_live/b491c050b8505c52000c5ad7bb5a0b7855fa4ad1-744x1039.png?accountingTag=RB
unl-112-219,UNL-112/219,112,Irresistible Faefolk,UNL,Unleashed,rare,Rare,Unit,,Body,2,1,,"Fae, Ionia","When I move to a battlefield, you may move an enemy unit to that battlefield.","Riftbound Unit: Irresistible Faefolk. When I move to a battlefield, you may move an enemy unit to that battlefield.",Six More Vodka,portrait,https://cmsassets.rgpub.io/sanity/images/dsfx7636/game_data_live/6834e4b00a22dd6d7476d36884b43cf59b60c611-744x1039.png?accountingTag=RB
unl-113-219,UNL-113/219,113,"Master Yi, Tempered",UNL,Unleashed,rare,Rare,Unit,Champion,Body,4,4,,"Master Yi, Ionia","[Hunt 2] (When I conquer or hold, gain 2 XP.)
[Level 6][>] I have [Deflect] and [Ganking]. (While you have 6+ XP, opponents must pay :rb_rune_rainbow: to choose me with a spell or ability and I can move from battlefield to battlefield.)","Riftbound Unit: Master Yi, Tempered. [Hunt 2] (When I conquer or hold, gain 2 XP.)
[Level 6][>] I have [Deflect] and [Ganking]. (While you have 6+ XP, opponents must pay [A] to choose me with a spell or ability and I can move from battlefield to battlefield.)",HXY,portrait,https://cmsassets.rgpub.io/sanity/images/dsfx7636/game_data_live/a21feb3555825392fdb98f868840db3827ad0389-744x1039.png?accountingTag=RB
unl-113a-219,UNL-113a/219,113,"Master Yi, Tempered",UNL,Unleashed,rare,Rare,Unit,Champion,Body,4,4,,"Master Yi, Ionia","[Hunt 2]
[Level 6][>] I have [Deflect] and [Ganking].","Riftbound Unit: Master Yi, Tempered. [Hunt 2]
[Level 6][>] I have [Deflect] and [Ganking].",League Splash Team,portrait,https://cmsassets.rgpub.io/sanity/images/dsfx7636/game_data_live/1adb032501aac0070ea1bb0ca31c4efa11cd31a3-744x1039.png?accountingTag=RB
unl-114-219,UNL-114/219,114,"Nidalee, Cat Form",UNL,Unleashed,rare,Rare,Unit,Champion,Body,3,4,1,"Cat, Ixtal, Nidalee","[Ambush] (You may play me as a [Reaction] to a battlefield where you have units.)
When I win a combat, draw 1. (I win if I remain after combat.)","Riftbound Unit: Nidalee, Cat Form. [Ambush] (You may play me as a [Reaction] to a battlefield where you have units.)
When I win a combat, draw 1. (I win if I remain after combat.)",Envar Studio,portrait,https://cmsassets.rgpub.io/sanity/images/dsfx7636/game_data_live/0e51e39dfe4f922b2c8c9bff785d170350e9b803-744x1039.png?accountingTag=RB
unl-115-219,UNL-115/219,115,"Nilah, Joyful Ascetic",UNL,Unleashed,rare,Rare,Unit,Champion,Body,3,4,1,"Nilah, Kathkan, Demon","[Accelerate] (You may pay :rb_energy_1::rb_rune_body: as an additional cost to have me enter ready.)
[Ganking] (I can move from battlefield to battlefield.)
When I move, gain 1 XP.","Riftbound Unit: Nilah, Joyful Ascetic. [Accelerate] (You may pay [1][C] as an additional cost to have me enter ready.)
[Ganking] (I can move from battlefield to battlefield.)
When I move, gain 1 XP.",Envar Studio,portrait,https://cmsassets.rgpub.io/sanity/images/dsfx7636/game_data_live/6138c519310f917461e09d90fe3f2a9480914947-744x1039.png?accountingTag=RB
unl-116-219,UNL-116/219,116,"Poppy, Paragon",UNL,Unleashed,rare,Rare,Unit,Champion,Body,5,5,,"Yordle, Demacia, Poppy","[Deflect] (Opponents must pay :rb_rune_rainbow: to choose me with a spell or ability.)
When you play me, if an opponent's score is within 3 points of the Victory Score, ready me and gain 3 XP.","Riftbound Unit: Poppy, Paragon. [Deflect] (Opponents must pay [A] to choose me with a spell or ability.)
When you play me, if an opponent's score is within 3 points of the Victory Score, ready me and gain 3 XP.",League Splash Team,portrait,https://cmsassets.rgpub.io/sanity/images/dsfx7636/game_data_live/ef8a8434e1a4c4262dd97213741a4b126cb1449b-744x1039.png?accountingTag=RB
unl-116a-219,UNL-116a/219,116,"Poppy, Paragon",UNL,Unleashed,rare,Rare,Unit,Champion,Body,5,5,,"Yordle, Demacia, Poppy","[Deflect]
When you play me, if an opponent's score is within 3 points of the Victory Score, ready me and gain 3 XP.","Riftbound Unit: Poppy, Paragon. [Deflect]
When you play me, if an opponent's score is within 3 points of the Victory Score, ready me and gain 3 XP.",League Splash Team,portrait,https://cmsassets.rgpub.io/sanity/images/dsfx7636/game_data_live/c0efda4bdfea473f7b9f3fb4ba482990795283a4-744x1039.png?accountingTag=RB
unl-117-219,UNL-117/219,117,Arachnoid Horror,UNL,Unleashed,epic,Epic,Unit,,Body,6,6,1,"Shadow Isles, Spider","[Hunt 2] (When I conquer or hold, gain 2 XP.)
I can be played to an occupied battlefield if an enemy unit is alone there.
Friendly units can be played to an occupied battlefield if an enemy unit is alone there.","Riftbound Unit: Arachnoid Horror. [Hunt 2] (When I conquer or hold, gain 2 XP.)
I can be played to an occupied battlefield if an enemy unit is alone there.
Friendly units can be played to an occupied battlefield if an enemy unit is alone there.",Six More Vodka,portrait,https://cmsassets.rgpub.io/sanity/images/dsfx7636/game_data_live/ae2ec829a6714ac75e8b203631af08c0c1e1565f-744x1039.png?accountingTag=RB
unl-118-219,UNL-118/219,118,Elder Dragon,UNL,Unleashed,epic,Epic,Unit,,Body,12,10,4,"Dragon, Demacia","Any amount of your damage is enough to kill enemy units.
When you play me, choose up to one enemy unit at each location. Deal 1 to them.","Riftbound Unit: Elder Dragon. Any amount of your damage is enough to kill enemy units.
When you play me, choose up to one enemy unit at each location. Deal 1 to them.",Sugar Free,portrait,https://cmsassets.rgpub.io/sanity/images/dsfx7636/game_data_live/fcf578e447d4e2785c8b25f3c39928b98e7b44ca-744x1039.png?accountingTag=RB
unl-118a-219,UNL-118a/219,118,Elder Dragon,UNL,Unleashed,epic,Epic,Unit,,Body,12,10,4,Dragon,"Any amount of your damage is enough to kill enemy units.
When you play me, choose up to one enemy unit at each location. Deal 1 to them.","Riftbound Unit: Elder Dragon. Any amount of your damage is enough to kill enemy units.
When you play me, choose up to one enemy unit at each location. Deal 1 to them.",TUTU,portrait,https://cmsassets.rgpub.io/sanity/images/dsfx7636/game_data_live/42d3ce7a0917d57fd9e5809f4d8b66ef40f52d1a-744x1039.png?accountingTag=RB
unl-119-219,UNL-119/219,119,"Kha'Zix, Evolving Hunter",UNL,Unleashed,epic,Epic,Unit,Champion,Body,5,5,1,"Kha'Zix, The Void","[Hunt] (When I conquer or hold, gain 1 XP.)
When I attack, you may spend 3 XP to deal damage equal to my Might to an enemy unit here.","Riftbound Unit: Kha'Zix, Evolving Hunter. [Hunt] (When I conquer or hold, gain 1 XP.)
When I attack, you may spend 3 XP to deal damage equal to my Might to an enemy unit here.",League Splash Team,portrait,https://cmsassets.rgpub.io/sanity/images/dsfx7636/game_data_live/ac07031af5b35881d781b7a7d7b78c59a0fb2cd4-744x1039.png?accountingTag=RB
unl-119a-219,UNL-119a/219,119,"Kha'Zix, Evolving Hunter",UNL,Unleashed,epic,Epic,Unit,Champion,Body,5,5,1,"Kha'Zix, The Void","[Hunt]
When I attack, you may spend 3 XP to deal damage equal to my Might to an enemy unit here.","Riftbound Unit: Kha'Zix, Evolving Hunter. [Hunt]
When I attack, you may spend 3 XP to deal damage equal to my Might to an enemy unit here.",League Splash Team,portrait,https://cmsassets.rgpub.io/sanity/images/dsfx7636/game_data_live/6998b6c309c93d549284638ff0a3e20c75691978-744x1039.png?accountingTag=RB
unl-120a-219,UNL-120a/219,120,"Rengar, Trophy Hunter",UNL,Unleashed,epic,Epic,Unit,Champion,Body,5,6,1,"Cat, Rengar, Ixtal","[Ambush]
I can be played to a battlefield where there are enemy units.","Riftbound Unit: Rengar, Trophy Hunter. [Ambush]
I can be played to a battlefield where there are enemy units.",League Splash Team,portrait,https://cmsassets.rgpub.io/sanity/images/dsfx7636/game_data_live/7e6d106e0170e7f45341c1755f829f286d782bb7-744x1039.png?accountingTag=RB
unl-120-219,UNL-120/219,120,"Rengar, Trophy Hunter",UNL,Unleashed,epic,Epic,Unit,Champion,Body,5,6,1,"Cat, Rengar, Ixtal","[Ambush] (You may play me as a [Reaction] to a battlefield where you have units.)
I can be played to a battlefield where there are enemy units (even if you don't have units there).","Riftbound Unit: Rengar, Trophy Hunter. [Ambush] (You may play me as a [Reaction] to a battlefield where you have units.)
I can be played to a battlefield where there are enemy units (even if you don't have units there).",TSWCK逍,portrait,https://cmsassets.rgpub.io/sanity/images/dsfx7636/game_data_live/8e159fd8aa9bb349e32bda6a10b0178cc28ca8dd-744x1039.png?accountingTag=RB
unl-121-219,UNL-121/219,121,Bewitching Spirit,UNL,Unleashed,common,Common,Unit,,Chaos,3,2,,"Spirit, Shadow Isles","When you play me, choose a player. They discard 1.","Riftbound Unit: Bewitching Spirit. When you play me, choose a player. They discard 1.",Wild Blue Studios,portrait,https://cmsassets.rgpub.io/sanity/images/dsfx7636/game_data_live/a771917dea98b137c3f4a13e4967dccf9ee445e5-744x1039.png?accountingTag=RB
unl-122-219,UNL-122/219,122,Crescent Guardian,UNL,Unleashed,common,Common,Unit,,Chaos,4,4,,Mount Targon,"If you've played a spell this turn, you may pay :rb_rune_chaos: as an additional cost to play me. If you do, I enter ready.","Riftbound Unit: Crescent Guardian. If you've played a spell this turn, you may pay [C] as an additional cost to play me. If you do, I enter ready.",Aron Elekes,portrait,https://cmsassets.rgpub.io/sanity/images/dsfx7636/game_data_live/0ff22e9a517d029fd17cfbbbc93ca2f90c2c676c-744x1039.png?accountingTag=RB
unl-123-219,UNL-123/219,123,Evershade Stalker,UNL,Unleashed,common,Common,Unit,,Chaos,3,3,,Shadow Isles,"When you play me, discard 1, then draw 1.","Riftbound Unit: Evershade Stalker. When you play me, discard 1, then draw 1.",Six More Vodka,portrait,https://cmsassets.rgpub.io/sanity/images/dsfx7636/game_data_live/d8fb687ecdb22d7497ac55a1be0db0ba33596b43-744x1039.png?accountingTag=RB
unl-124-219,UNL-124/219,124,Isolate,UNL,Unleashed,common,Common,Spell,,Chaos,2,,,,"Move an enemy unit from a battlefield to its base. Then, if there's an enemy unit alone at that battlefield, draw 1.","Riftbound Spell: Isolate. Move an enemy unit from a battlefield to its base. Then, if there's an enemy unit alone at that battlefield, draw 1.",Kudos Productions,portrait,https://cmsassets.rgpub.io/sanity/images/dsfx7636/game_data_live/bde23f07e4869fa96b14fcab329e782894b1e1e3-744x1039.png?accountingTag=RB
unl-125-219,UNL-125/219,125,Lunar Boon,UNL,Unleashed,common,Common,Spell,,Chaos,3,,,,"[Reaction] (Play any time, even before spells and abilities resolve.)
Discard 1, then draw 2.","Riftbound Spell: Lunar Boon. [Reaction] (Play any time, even before spells and abilities resolve.)
Discard 1, then draw 2.",Kudos Productions,portrait,https://cmsassets.rgpub.io/sanity/images/dsfx7636/game_data_live/7dc31cec93a355ba52b8cf2ca0b232a0edd57586-744x1039.png?accountingTag=RB
unl-126-219,UNL-126/219,126,Megatusk,UNL,Unleashed,common,Common,Unit,,Chaos,6,6,,Bilgewater,Spend 3 XP: Give your units here [Ganking] this turn. (We can move from battlefield to battlefield.),Riftbound Unit: Megatusk. Spend 3 XP: Give your units here [Ganking] this turn. (We can move from battlefield to battlefield.),Kudos Productions,portrait,https://cmsassets.rgpub.io/sanity/images/dsfx7636/game_data_live/d073247bc2437443d8a9901f089632a15d11e7a0-744x1039.png?accountingTag=RB
unl-127-219,UNL-127/219,127,Mister Root,UNL,Unleashed,common,Common,Unit,,Chaos,2,1,,"Fae, Ionia","[Accelerate] (You may pay :rb_energy_1::rb_rune_chaos: as an additional cost to have me enter ready.)
When I move to a battlefield, gain 2 XP.","Riftbound Unit: Mister Root. [Accelerate] (You may pay [1][C] as an additional cost to have me enter ready.)
When I move to a battlefield, gain 2 XP.",Caravan Studio,portrait,https://cmsassets.rgpub.io/sanity/images/dsfx7636/game_data_live/c9bb7a8f5a1426a4af9843f2473ee6cc37dd24bd-744x1039.png?accountingTag=RB
unl-128-219,UNL-128/219,128,Star-Crossed,UNL,Unleashed,common,Common,Spell,,Chaos,3,,1,,"[Reaction] (Play any time, even before spells and abilities resolve.)
Return a friendly unit and an enemy unit to their owners' hands.","Riftbound Spell: Star-Crossed. [Reaction] (Play any time, even before spells and abilities resolve.)
Return a friendly unit and an enemy unit to their owners' hands.",Kudos Productions,portrait,https://cmsassets.rgpub.io/sanity/images/dsfx7636/game_data_live/0bfa45e6e86dfc256de0163f96273b761e9592fb-744x1039.png?accountingTag=RB
unl-129-219,UNL-129/219,129,Vicious Snapjaws,UNL,Unleashed,common,Common,Unit,,Chaos,5,5,,Bilgewater,"When another friendly unit dies, gain 1 XP.","Riftbound Unit: Vicious Snapjaws. When another friendly unit dies, gain 1 XP.",JiHun Lee,portrait,https://cmsassets.rgpub.io/sanity/images/dsfx7636/game_data_live/99845de971eb165c7a6bb424050cd9a29b45b548-744x1039.png?accountingTag=RB
unl-130-219,UNL-130/219,130,Walking Roost,UNL,Unleashed,common,Common,Unit,,Chaos,5,6,,Shadow Isles,"[Deflect] (Opponents must pay :rb_rune_rainbow: to choose me with a spell or ability.)
When you play me, choose an opponent. They play a 1 :rb_might: Bird unit token with [Deflect].","Riftbound Unit: Walking Roost. [Deflect] (Opponents must pay [A] to choose me with a spell or ability.)
When you play me, choose an opponent. They play a 1 [S] Bird unit token with [Deflect].",Xavier Leroux,portrait,https://cmsassets.rgpub.io/sanity/images/dsfx7636/game_data_live/d9b344b4b29b2baab0a1dc2e16a6e946192edaf5-744x1039.png?accountingTag=RB
unl-131-219,UNL-131/219,131,Abandon,UNL,Unleashed,uncommon,Uncommon,Spell,,Chaos,2,,,,"[Reaction] (Play any time, even before spells and abilities resolve.)
Counter a spell. Return it to its owner's hand instead of putting it in their trash.
[Predict]. (Look at the top card of your Main Deck. You may recycle it.)","Riftbound Spell: Abandon. [Reaction] (Play any time, even before spells and abilities resolve.)
Counter a spell. Return it to its owner's hand instead of putting it in their trash.
[Predict]. (Look at the top card of your Main Deck. You may recycle it.)",Kudos Productions,portrait,https://cmsassets.rgpub.io/sanity/images/dsfx7636/game_data_live/89929cfa4417c99576477793529c6808af145919-744x1039.png?accountingTag=RB
unl-132-219,UNL-132/219,132,Angler Beast,UNL,Unleashed,uncommon,Uncommon,Unit,,Chaos,5,5,1,Bilgewater,"When you play me, return all units with 2 :rb_might: or less to their owners' hands.","Riftbound Unit: Angler Beast. When you play me, return all units with 2 [S] or less to their owners' hands.",Kudos Productions,portrait,https://cmsassets.rgpub.io/sanity/images/dsfx7636/game_data_live/68872e2119146768f8fa113376876fa64699297d-744x1039.png?accountingTag=RB
unl-133-219,UNL-133/219,133,Blast Cone,UNL,Unleashed,uncommon,Uncommon,Gear,,Chaos,4,,1,,"When you play this, you may move an enemy unit.
When you move an enemy unit, you may exhaust this to [Stun] it. (It doesn't deal combat damage this turn.)","Riftbound Gear: Blast Cone. When you play this, you may move an enemy unit.
When you move an enemy unit, you may exhaust this to [Stun] it. (It doesn't deal combat damage this turn.)",黯荧岛Dark Glow,portrait,https://cmsassets.rgpub.io/sanity/images/dsfx7636/game_data_live/093799f1ad34084f05011f3b326d4d32d96849e5-744x1039.png?accountingTag=RB
unl-134-219,UNL-134/219,134,Existential Dread,UNL,Unleashed,uncommon,Uncommon,Spell,,Chaos,1,,1,,"[Action] (Play on your turn or in showdowns.)
[Repeat] :rb_energy_2: (You may pay the additional cost to repeat this spell's effect.)
[Stun] an attacking enemy unit. If it's already stunned, return it to its owner's hand instead. (A stunned unit doesn't deal combat damage this turn.)","Riftbound Spell: Existential Dread. [Action] (Play on your turn or in showdowns.)
[Repeat] [2] (You may pay the additional cost to repeat this spell's effect.)
[Stun] an attacking enemy unit. If it's already stunned, return it to its owner's hand instead. (A stunned unit doesn't deal combat damage this turn.)",Caravan Studio,portrait,https://cmsassets.rgpub.io/sanity/images/dsfx7636/game_data_live/0a197ec3bf96e10307859e2a152c1742288b2b09-744x1039.png?accountingTag=RB
unl-135-219,UNL-135/219,135,Insightful Investigator,UNL,Unleashed,uncommon,Uncommon,Unit,,Chaos,3,3,,Piltover,"When you play me, choose an opponent. They reveal their hand. You may pay 2 XP to choose a card from their hand. If you do, they discard that card and draw 1.","Riftbound Unit: Insightful Investigator. When you play me, choose an opponent. They reveal their hand. You may pay 2 XP to choose a card from their hand. If you do, they discard that card and draw 1.",Six More Vodka,portrait,https://cmsassets.rgpub.io/sanity/images/dsfx7636/game_data_live/3540a748211afd35b9ef4873dae0850c238fa964-744x1039.png?accountingTag=RB
unl-136-219,UNL-136/219,136,Scryer's Bloom,UNL,Unleashed,uncommon,Uncommon,Gear,,Chaos,1,,,,"This enters exhausted.
Kill this, :rb_energy_1:, :rb_exhaust:: [Predict 2], then draw 1. Gain 1 XP.  (To Predict 2, look at the top two cards of your Main Deck. Recycle any of them and put the rest back in any order.)","Riftbound Gear: Scryer's Bloom. This enters exhausted.
Kill this, [1], [T]: [Predict 2], then draw 1. Gain 1 XP.  (To Predict 2, look at the top two cards of your Main Deck. Recycle any of them and put the rest back in any order.)",黯荧岛Dark Glow,portrait,https://cmsassets.rgpub.io/sanity/images/dsfx7636/game_data_live/b10a544d24d3ae3e177d4791743bb2cfb742abcc-744x1039.png?accountingTag=RB
unl-137-219,UNL-137/219,137,Sinister Poro,UNL,Unleashed,uncommon,Uncommon,Unit,,Chaos,2,1,1,"Poro, Shadow Isles","When I attack, you may pay :rb_energy_1: to move an enemy unit here to its base.","Riftbound Unit: Sinister Poro. When I attack, you may pay [1] to move an enemy unit here to its base.",Six More Vodka,portrait,https://cmsassets.rgpub.io/sanity/images/dsfx7636/game_data_live/7f2a623a83556bafebfbe7cb280bdedcfe116531-744x1039.png?accountingTag=RB
unl-138-219,UNL-138/219,138,The List,UNL,Unleashed,uncommon,Uncommon,Gear,,Chaos,1,,,,"As you play this, name a tag. (For example, Miss Fortune, Demacia, and Poro are tags.)
:rb_exhaust:: Give a unit with the named tag -2 :rb_might: this turn.","Riftbound Gear: The List. As you play this, name a tag. (For example, Miss Fortune, Demacia, and Poro are tags.)
[T]: Give a unit with the named tag -2 [S] this turn.",Kudos Productions,portrait,https://cmsassets.rgpub.io/sanity/images/dsfx7636/game_data_live/f35b49faeb444071445662c9af13710c00a4569c-744x1039.png?accountingTag=RB
unl-139-219,UNL-139/219,139,Bone Skewer,UNL,Unleashed,rare,Rare,Spell,,Chaos,2,,1,,"[Hidden] (Hide now for :rb_rune_rainbow: to react with later for :rb_energy_0:.)
Choose a battlefield. An opponent reveals their hand. You may choose a unit from it. They play that unit to that battlefield, ignoring any and all costs. When they do, [Stun] it. (It doesn't deal combat damage this turn.)","Riftbound Spell: Bone Skewer. [Hidden] (Hide now for [A] to react with later for [0].)
Choose a battlefield. An opponent reveals their hand. You may choose a unit from it. They play that unit to that battlefield, ignoring any and all costs. When they do, [Stun] it. (It doesn't deal combat damage this turn.)",Kudos Productions,portrait,https://cmsassets.rgpub.io/sanity/images/dsfx7636/game_data_live/e06e3e3033640bc8a5bc98acd4e3a0925c6e2c9a-744x1039.png?accountingTag=RB
unl-140-219,UNL-140/219,140,Conscription,UNL,Unleashed,rare,Rare,Spell,,Chaos,5,,2,,"You may spend 5 XP as an additional cost to play this.
Choose an enemy unit at a battlefield with 3 :rb_might: or less. If you paid the additional cost, choose any enemy unit at a battlefield instead. Take control of it, exhaust it, and recall it.","Riftbound Spell: Conscription. You may spend 5 XP as an additional cost to play this.
Choose an enemy unit at a battlefield with 3 [S] or less. If you paid the additional cost, choose any enemy unit at a battlefield instead. Take control of it, exhaust it, and recall it.",Kudos Productions,portrait,https://cmsassets.rgpub.io/sanity/images/dsfx7636/game_data_live/1c05bff48666586a2b3552b5638deaf20d9006f7-744x1039.png?accountingTag=RB
unl-141-219,UNL-141/219,141,"Evelynn, Entrancing",UNL,Unleashed,rare,Rare,Unit,Champion,Chaos,2,2,,"Evelynn, Demon","[Hidden] (Hide now for :rb_rune_rainbow: to react with later for :rb_energy_0:.)
[Backline] (I must be assigned combat damage last.)
When you play me from face down on your turn, you may move an enemy unit at a different location to my battlefield.","Riftbound Unit: Evelynn, Entrancing. [Hidden] (Hide now for [A] to react with later for [0].)
[Backline] (I must be assigned combat damage last.)
When you play me from face down on your turn, you may move an enemy unit at a different location to my battlefield.",Kudos Productions,portrait,https://cmsassets.rgpub.io/sanity/images/dsfx7636/game_data_live/1cea41a2b9c3de59a1c95ceacc59950be1d01907-744x1039.png?accountingTag=RB
unl-142-219,UNL-142/219,142,Heedless Resurrection,UNL,Unleashed,rare,Rare,Spell,,Chaos,2,,1,,"[Reaction] (Play any time, even before spells and abilities resolve.)
As an additional cost to play this, kill a friendly unit.
Play a unit from your trash that costs no more Energy and no more Power than the killed unit, ignoring its cost.","Riftbound Spell: Heedless Resurrection. [Reaction] (Play any time, even before spells and abilities resolve.)
As an additional cost to play this, kill a friendly unit.
Play a unit from your trash that costs no more Energy and no more Power than the killed unit, ignoring its cost.",Kudos Productions,portrait,https://cmsassets.rgpub.io/sanity/images/dsfx7636/game_data_live/92419d138824a7d46155b59f0e5903196d68d9f7-744x1039.png?accountingTag=RB
unl-143-219,UNL-143/219,143,"Kha'Zix, Mutating Horror",UNL,Unleashed,rare,Rare,Unit,Champion,Chaos,4,4,1,"Kha'Zix, The Void","[Ambush] (You may play me as a [Reaction] to a battlefield where you have units.)
When I attack or defend, if an enemy unit is alone here, give me +2 :rb_might: this turn and gain 2 XP.","Riftbound Unit: Kha'Zix, Mutating Horror. [Ambush] (You may play me as a [Reaction] to a battlefield where you have units.)
When I attack or defend, if an enemy unit is alone here, give me +2 [S] this turn and gain 2 XP.",蛋费鸡丁,portrait,https://cmsassets.rgpub.io/sanity/images/dsfx7636/game_data_live/8306abc5ffce45add8c75c2e215162b2d1aed320-744x1039.png?accountingTag=RB
unl-143a-219,UNL-143a/219,143,"Kha'Zix, Mutating Horror",UNL,Unleashed,rare,Rare,Unit,Champion,Chaos,4,4,1,"Kha'Zix, The Void","[Ambush]
When I attack or defend, if an enemy unit is alone here, give me +2 :rb_might: this turn and gain 2 XP.","Riftbound Unit: Kha'Zix, Mutating Horror. [Ambush]
When I attack or defend, if an enemy unit is alone here, give me +2 [S] this turn and gain 2 XP.",League Splash Team,portrait,https://cmsassets.rgpub.io/sanity/images/dsfx7636/game_data_live/b1e7f8762aba8ecf571eb0c83bba8874703dc8be-744x1039.png?accountingTag=RB
unl-144-219,UNL-144/219,144,Maduli the Gatekeeper,UNL,Unleashed,rare,Rare,Unit,,Chaos,7,6,1,Bandle City,"I can't be readied.
:rb_rune_chaos:: Move me to an occupied enemy battlefield if my Might is greater than the total Might of enemy units there.","Riftbound Unit: Maduli the Gatekeeper. I can't be readied.
[C]: Move me to an occupied enemy battlefield if my Might is greater than the total Might of enemy units there.",Caravan Studio,portrait,https://cmsassets.rgpub.io/sanity/images/dsfx7636/game_data_live/20f1b46435845de99987e37125e0ef7bd61c00bb-744x1039.png?accountingTag=RB
unl-145a-219,UNL-145a/219,145,"Pyke, Returned",UNL,Unleashed,rare,Rare,Unit,Champion,Chaos,3,3,,"Pyke, Bilgewater","[Hidden]
[Backline]
Once each turn, when an enemy unit dies while I'm at a battlefield, play a Gold gear token exhausted.","Riftbound Unit: Pyke, Returned. [Hidden]
[Backline]
Once each turn, when an enemy unit dies while I'm at a battlefield, play a Gold gear token exhausted.",Six More Vodka,portrait,https://cmsassets.rgpub.io/sanity/images/dsfx7636/game_data_live/14a9712798a0b13bfa29ed841f171a21e7fdf035-744x1039.png?accountingTag=RB
unl-145-219,UNL-145/219,145,"Pyke, Returned",UNL,Unleashed,rare,Rare,Unit,Champion,Chaos,3,3,,"Pyke, Bilgewater","[Hidden] (Hide now for :rb_rune_rainbow: to react with later for :rb_energy_0:.)
[Backline] (I must be assigned combat damage last.)
Once each turn, when an enemy unit dies while I'm at a battlefield, play a Gold gear token exhausted. (It has ""[Reaction][>] Kill this, :rb_exhaust:: [Add] :rb_rune_rainbow:."")","Riftbound Unit: Pyke, Returned. [Hidden] (Hide now for [A] to react with later for [0].)
[Backline] (I must be assigned combat damage last.)
Once each turn, when an enemy unit dies while I'm at a battlefield, play a Gold gear token exhausted. (It has ""[Reaction][>] Kill this, [T]: [Add] [A]."")",Six More Vodka,portrait,https://cmsassets.rgpub.io/sanity/images/dsfx7636/game_data_live/2eaa5396b1cac9b245bde5a56b87314f8ae76a38-744x1039.png?accountingTag=RB
unl-146-219,UNL-146/219,146,"Syndra, Transcendent",UNL,Unleashed,rare,Rare,Unit,Champion,Chaos,6,6,1,"Ionia, Syndra","While I'm in a showdown, your spells have [Repeat] :rb_energy_2::rb_rune_chaos:. (You may pay the additional cost to repeat the spell's effect.)","Riftbound Unit: Syndra, Transcendent. While I'm in a showdown, your spells have [Repeat] [2][C]. (You may pay the additional cost to repeat the spell's effect.)",Naifan Zhang,portrait,https://cmsassets.rgpub.io/sanity/images/dsfx7636/game_data_live/a3695d011175801aaf6ec5a6557b65b8d6341e81-744x1039.png?accountingTag=RB
unl-147a-219,UNL-147a/219,147,Baron Nashor,UNL,Unleashed,epic,Epic,Unit,,Chaos,10,12,3,The Void,"As you play me, add the Baron Pit battlefield token to the board if it's not there already. If you do, I enter there.
I can't be chosen by enemy spells and abilities.
Other friendly units have +2 :rb_might:.","Riftbound Unit: Baron Nashor. As you play me, add the Baron Pit battlefield token to the board if it's not there already. If you do, I enter there.
I can't be chosen by enemy spells and abilities.
Other friendly units have +2 [S].",黯荧岛Dark Glow,portrait,https://cmsassets.rgpub.io/sanity/images/dsfx7636/game_data_live/97d0f7aa81f67bf8f4a19099c648a23a2df169ae-744x1039.png?accountingTag=RB
unl-147-219,UNL-147/219,147,Baron Nashor,UNL,Unleashed,epic,Epic,Unit,,Chaos,10,12,3,The Void,"As you play me, add the Baron Pit battlefield token to the board if it's not there already. If you do, I enter there. (It has ""Units can move here from anywhere."")
I can't be chosen by enemy spells and abilities.
Other friendly units have +2 :rb_might:.","Riftbound Unit: Baron Nashor. As you play me, add the Baron Pit battlefield token to the board if it's not there already. If you do, I enter there. (It has ""Units can move here from anywhere."")
I can't be chosen by enemy spells and abilities.
Other friendly units have +2 [S].",黯荧岛Dark Glow,portrait,https://cmsassets.rgpub.io/sanity/images/dsfx7636/game_data_live/59946969e8d21869c3ffe801a3ffbdd8165a873f-744x1039.png?accountingTag=RB
unl-148-219,UNL-148/219,148,Cursed Sarcophagus,UNL,Unleashed,epic,Epic,Gear,,Chaos,4,,1,,"When you play this, banish all units from your trash.
:rb_exhaust:: Play a unit banished with this. (You must pay its costs.)","Riftbound Gear: Cursed Sarcophagus. When you play this, banish all units from your trash.
[T]: Play a unit banished with this. (You must pay its costs.)",Polar Engine Studio/华锐,portrait,https://cmsassets.rgpub.io/sanity/images/dsfx7636/game_data_live/ae3823d4109d9bbae8c7983ec1c1082ba5b4f190-744x1039.png?accountingTag=RB
unl-149-219,UNL-149/219,149,"Diana, No Longer Human",UNL,Unleashed,epic,Epic,Unit,Champion,Chaos,4,3,1,"Diana, Mount Targon","[Ambush] (You may play me as a [Reaction] to a battlefield where you have units.)
When you play a spell, give me +2 :rb_might: this turn.","Riftbound Unit: Diana, No Longer Human. [Ambush] (You may play me as a [Reaction] to a battlefield where you have units.)
When you play a spell, give me +2 [S] this turn.",Six More Vodka,portrait,https://cmsassets.rgpub.io/sanity/images/dsfx7636/game_data_live/37b015a64b6bc15e856c2d78e275b10e64db1de4-744x1039.png?accountingTag=RB
unl-149a-219,UNL-149a/219,149,"Diana, No Longer Human",UNL,Unleashed,epic,Epic,Unit,Champion,Chaos,4,3,1,"Diana, Mount Targon","[Ambush]
When you play a spell, give me +2 :rb_might: this turn.","Riftbound Unit: Diana, No Longer Human. [Ambush]
When you play a spell, give me +2 [S] this turn.",League Splash Team,portrait,https://cmsassets.rgpub.io/sanity/images/dsfx7636/game_data_live/d9082f75895c8645e05c0a38edc1b1c83c508d84-744x1039.png?accountingTag=RB
unl-150-219,UNL-150/219,150,"Vex, Apathetic",UNL,Unleashed,epic,Epic,Unit,Champion,Chaos,4,4,,"Yordle, Vex, Shadow Isles","[Deflect] (Opponents must pay :rb_rune_rainbow: to choose me with a spell or ability.)
When an opponent plays a unit while I'm at a battlefield, [Stun] it. They can't move it this turn. (It doesn't deal combat damage this turn.)","Riftbound Unit: Vex, Apathetic. [Deflect] (Opponents must pay [A] to choose me with a spell or ability.)
When an opponent plays a unit while I'm at a battlefield, [Stun] it. They can't move it this turn. (It doesn't deal combat damage this turn.)",League Splash Team,portrait,https://cmsassets.rgpub.io/sanity/images/dsfx7636/game_data_live/7f13b0216c5d805400bb64cf26cd119acfc6c5ca-744x1039.png?accountingTag=RB
unl-150a-219,UNL-150a/219,150,"Vex, Apathetic",UNL,Unleashed,epic,Epic,Unit,Champion,Chaos,4,4,,"Yordle, Vex, Shadow Isles","[Deflect]
When an opponent plays a unit while I'm at a battlefield, [Stun] it. They can't move it this turn.","Riftbound Unit: Vex, Apathetic. [Deflect]
When an opponent plays a unit while I'm at a battlefield, [Stun] it. They can't move it this turn.",League Splash Team,portrait,https://cmsassets.rgpub.io/sanity/images/dsfx7636/game_data_live/9dd2a50fcfe6258ef934bdcf73b2fdb19d18ea94-744x1039.png?accountingTag=RB
unl-151-219,UNL-151/219,151,Bandle Soldier,UNL,Unleashed,common,Common,Unit,,Order,4,5,1,"Yordle, Bandle City","[Level 3][>] I enter ready. (While you have 3+ XP, get the effect.)","Riftbound Unit: Bandle Soldier. [Level 3][>] I enter ready. (While you have 3+ XP, get the effect.)",Caravan Studio,portrait,https://cmsassets.rgpub.io/sanity/images/dsfx7636/game_data_live/e43b54f22e0a038ee1f94ba2e99f80dd89999d8e-744x1039.png?accountingTag=RB
unl-152-219,UNL-152/219,152,Black Rose Dignitary,UNL,Unleashed,common,Common,Unit,,Order,3,2,,Noxus,"[Assault] (+1 :rb_might: while I'm an attacker.)
[Deathknell][>] Channel 1 rune exhausted. (When I die, get the effect.)","Riftbound Unit: Black Rose Dignitary. [Assault] (+1 [S] while I'm an attacker.)
[Deathknell][>] Channel 1 rune exhausted. (When I die, get the effect.)",Grafit Studio,portrait,https://cmsassets.rgpub.io/sanity/images/dsfx7636/game_data_live/b63912e07914c3ef7e2bcdb95d5521fc26c880f2-744x1039.png?accountingTag=RB
unl-153-219,UNL-153/219,153,Carrion Dredger,UNL,Unleashed,common,Common,Unit,,Order,2,1,,"Mech, Zaun","[Deathknell][>] Play a 1 :rb_might: Bird unit token with [Deflect] to your base. (When I die, get the effect. Opponents must pay :rb_rune_rainbow: to choose a [Deflect] unit with a spell or ability.)","Riftbound Unit: Carrion Dredger. [Deathknell][>] Play a 1 [S] Bird unit token with [Deflect] to your base. (When I die, get the effect. Opponents must pay [A] to choose a [Deflect] unit with a spell or ability.)",Six More Vodka,portrait,https://cmsassets.rgpub.io/sanity/images/dsfx7636/game_data_live/84d8b6d7a9cab2b78a465a8e0caf597f3ef5a175-744x1039.png?accountingTag=RB
unl-154-219,UNL-154/219,154,Crimson Pigeons,UNL,Unleashed,common,Common,Unit,,Order,3,3,,"Bird, Noxus",I have +2 :rb_might: while I'm attacking with another unit.,Riftbound Unit: Crimson Pigeons. I have +2 [S] while I'm attacking with another unit.,Kudos Productions,portrait,https://cmsassets.rgpub.io/sanity/images/dsfx7636/game_data_live/68786cd39a886a586b401d6bf818a80bf9f9e2cd-744x1039.png?accountingTag=RB
unl-155-219,UNL-155/219,155,Heroic Charge,UNL,Unleashed,common,Common,Spell,,Order,3,,,,"[Action] (Play on your turn or in showdowns.)
Give a friendly unit +1 :rb_might: this turn and [Stun] an enemy unit at its location. (A stunned unit doesn't deal combat damage this turn.)","Riftbound Spell: Heroic Charge. [Action] (Play on your turn or in showdowns.)
Give a friendly unit +1 [S] this turn and [Stun] an enemy unit at its location. (A stunned unit doesn't deal combat damage this turn.)",Kudos Productions,portrait,https://cmsassets.rgpub.io/sanity/images/dsfx7636/game_data_live/944b89db8a7f7961a28e66ec4fb7d30bb863f324-744x1039.png?accountingTag=RB
unl-156-219,UNL-156/219,156,Loyal Poro,UNL,Unleashed,common,Common,Unit,,Order,3,3,,"Poro, Freljord","[Deathknell][>] If I didn't die alone, draw 1. (When I die, get the effect. I wasn't alone if there were other friendly units here.)","Riftbound Unit: Loyal Poro. [Deathknell][>] If I didn't die alone, draw 1. (When I die, get the effect. I wasn't alone if there were other friendly units here.)",Six More Vodka,portrait,https://cmsassets.rgpub.io/sanity/images/dsfx7636/game_data_live/860e1afc7364a002c6305ece7b6941e2e328d0a4-744x1039.png?accountingTag=RB
unl-157-219,UNL-157/219,157,Scrutinizing Sergeant,UNL,Unleashed,common,Common,Unit,,Order,6,6,,"Elite, Demacia","When you play me, gain 1 XP for each friendly unit.","Riftbound Unit: Scrutinizing Sergeant . When you play me, gain 1 XP for each friendly unit.",Kudos Productions,portrait,https://cmsassets.rgpub.io/sanity/images/dsfx7636/game_data_live/18a034ba1f4eaf7204312ca68ffb413012f6cf6b-744x1039.png?accountingTag=RB
unl-158-219,UNL-158/219,158,Shepherd's Heirloom,UNL,Unleashed,common,Common,Gear,,Order,2,,,Equipment,"When you play this, gain 1 XP.
[Equip] — Spend 1 XP (Pay the cost: Attach this to a unit you control.)","Riftbound Gear: Shepherd's Heirloom. When you play this, gain 1 XP.
[Equip] — Spend 1 XP (Pay the cost: Attach this to a unit you control.)",Kudos Productions,portrait,https://cmsassets.rgpub.io/sanity/images/dsfx7636/game_data_live/fadd95487f164f60c9ad08a457f11170c6afa420-744x1039.png?accountingTag=RB
unl-159-219,UNL-159/219,159,Soul Harvest,UNL,Unleashed,common,Common,Spell,,Order,2,,1,,Kill a unit at a battlefield with 3 :rb_might: or less.,Riftbound Spell: Soul Harvest. Kill a unit at a battlefield with 3 [S] or less.,Kudos Productions,portrait,https://cmsassets.rgpub.io/sanity/images/dsfx7636/game_data_live/baee7644d00219dfa4160d59e6f6e78e55f5e619-744x1039.png?accountingTag=RB
unl-160-219,UNL-160/219,160,Ultrasoft Poro,UNL,Unleashed,common,Common,Unit,,Order,5,5,,"Poro, Freljord",:rb_exhaust:: Play two :rb_energy_1: :rb_might: Bird unit tokens with [Deflect]. Use this ability only while I'm at a battlefield. (Opponents must pay :rb_rune_rainbow: to choose a [Deflect] unit with a spell or ability.),Riftbound Unit: Ultrasoft Poro. [T]: Play two [1] [S] Bird unit tokens with [Deflect]. Use this ability only while I'm at a battlefield. (Opponents must pay [A] to choose a [Deflect] unit with a spell or ability.),Caravan Studio,portrait,https://cmsassets.rgpub.io/sanity/images/dsfx7636/game_data_live/36900508e2ce61196450a4bf7e27722ae36521d9-744x1039.png?accountingTag=RB
unl-161-219,UNL-161/219,161,Divining Shells,UNL,Unleashed,uncommon,Uncommon,Gear,,Order,2,,,,"[Vision] (When you play this, look at the top card of your Main Deck. You may recycle it.)
[Action][>] Kill this, :rb_exhaust:: Give a unit +2 :rb_might: this turn.","Riftbound Gear: Divining Shells. [Vision] (When you play this, look at the top card of your Main Deck. You may recycle it.)
[Action][>] Kill this, [T]: Give a unit +2 [S] this turn.",Kudos Productions,portrait,https://cmsassets.rgpub.io/sanity/images/dsfx7636/game_data_live/f2b626602f5db047b96cf9112474d42bf5b483e7-744x1039.png?accountingTag=RB
unl-162-219,UNL-162/219,162,Enthralling Protector,UNL,Unleashed,uncommon,Uncommon,Unit,,Order,2,2,,"Fae, Ionia","[Hunt] (When I conquer or hold, gain 1 XP.)
Spend 2 XP: [Buff] me. (Give me a +1 :rb_might: buff if I don't have one.)","Riftbound Unit: Enthralling Protector. [Hunt] (When I conquer or hold, gain 1 XP.)
Spend 2 XP: [Buff] me. (Give me a +1 [S] buff if I don't have one.)",Dao Trong Le,portrait,https://cmsassets.rgpub.io/sanity/images/dsfx7636/game_data_live/3fdfe3bc7c7f81b99aa715bf54b52930ad41dcfa-744x1039.png?accountingTag=RB
unl-163-219,UNL-163/219,163,Mageseeker Investigator,UNL,Unleashed,uncommon,Uncommon,Unit,,Order,4,4,,Demacia,Opponents must pay :rb_rune_rainbow: for each unit beyond the first to move multiple units to my battlefield at the same time.,Riftbound Unit: Mageseeker Investigator. Opponents must pay [A] for each unit beyond the first to move multiple units to my battlefield at the same time.,Six More Vodka,portrait,https://cmsassets.rgpub.io/sanity/images/dsfx7636/game_data_live/004c77c98bc5a6f679191a0d289b26ac13e84728-744x1039.png?accountingTag=RB
unl-164-219,UNL-164/219,164,Safety Inspector,UNL,Unleashed,uncommon,Uncommon,Unit,,Order,5,3,1,"Yordle, Bandle City","You may spend 3 XP as an additional cost to play me.
When you play me, each player must kill one of their units. If you paid my additional cost, you don't kill a unit this way.","Riftbound Unit: Safety Inspector. You may spend 3 XP as an additional cost to play me.
When you play me, each player must kill one of their units. If you paid my additional cost, you don't kill a unit this way.",Kudos Productions,portrait,https://cmsassets.rgpub.io/sanity/images/dsfx7636/game_data_live/499e65eb2d35e2bd774ea7fe2a70672234f71e90-744x1039.png?accountingTag=RB
unl-165-219,UNL-165/219,165,Shadow's Call,UNL,Unleashed,uncommon,Uncommon,Spell,,Order,2,,,,"Choose a friendly unit without [Temporary]. Give it [Temporary]. Draw 2. (Kill it at the start of its controller's Beginning Phase, before scoring.)","Riftbound Spell: Shadow's Call. Choose a friendly unit without [Temporary]. Give it [Temporary]. Draw 2. (Kill it at the start of its controller's Beginning Phase, before scoring.)",Kudos Productions,portrait,https://cmsassets.rgpub.io/sanity/images/dsfx7636/game_data_live/5a9a81d353131fc275313e737d55ca6e2661dce6-744x1039.png?accountingTag=RB
unl-166-219,UNL-166/219,166,Stalking Wolf,UNL,Unleashed,uncommon,Uncommon,Unit,,Order,4,6,1,"Dog, Freljord","[Ambush] (You may play me as a [Reaction] to a battlefield where you have units.)
As an additional cost to play me, kill a Bird, Cat, Dog, or Poro you control. You may play me to its battlefield (even if you don't have other units there).","Riftbound Unit: Stalking Wolf. [Ambush] (You may play me as a [Reaction] to a battlefield where you have units.)
As an additional cost to play me, kill a Bird, Cat, Dog, or Poro you control. You may play me to its battlefield (even if you don't have other units there).",Six More Vodka,portrait,https://cmsassets.rgpub.io/sanity/images/dsfx7636/game_data_live/5f5f66caad21d59bf966ddc501bb4f9c84a595c6-744x1039.png?accountingTag=RB
unl-167-219,UNL-167/219,167,Starhound,UNL,Unleashed,uncommon,Uncommon,Unit,,Order,5,6,1,"Dog, Mount Targon","When you play me, return a Bird, Cat, Dog, or Poro from your trash to your hand.","Riftbound Unit: Starhound. When you play me, return a Bird, Cat, Dog, or Poro from your trash to your hand.",Kudos Productions,portrait,https://cmsassets.rgpub.io/sanity/images/dsfx7636/game_data_live/085edeb9e6bbb0fb71ab902393eb48ea33a8addc-744x1039.png?accountingTag=RB
unl-168-219,UNL-168/219,168,Undying Loyalty,UNL,Unleashed,uncommon,Uncommon,Spell,,Order,2,,1,,"This costs :rb_energy_2: less if you choose a Bird, Cat, Dog, or Poro.
Play a unit with cost no more than :rb_energy_2: and no more than :rb_rune_rainbow: from your trash, ignoring its cost.","Riftbound Spell: Undying Loyalty. This costs [2] less if you choose a Bird, Cat, Dog, or Poro.
Play a unit with cost no more than [2] and no more than [A] from your trash, ignoring its cost.",Max Grecke,portrait,https://cmsassets.rgpub.io/sanity/images/dsfx7636/game_data_live/703b85f8284ed13865012289d03602e2cd24f4b2-744x1039.png?accountingTag=RB
unl-169-219,UNL-169/219,169,"Ashe, Focused",UNL,Unleashed,rare,Rare,Unit,Champion,Order,5,4,1,"Freljord, Ashe","When you play me, choose an opponent. They reveal their hand. Choose a card revealed this way and banish it. When they hold, return it to their hand (even if I'm no longer on the board).","Riftbound Unit: Ashe, Focused. When you play me, choose an opponent. They reveal their hand. Choose a card revealed this way and banish it. When they hold, return it to their hand (even if I'm no longer on the board).",Six More Vodka,portrait,https://cmsassets.rgpub.io/sanity/images/dsfx7636/game_data_live/ebc033772f2005b7f39ba87ba9ea35f43df0da7a-744x1039.png?accountingTag=RB
unl-170-219,UNL-170/219,170,Atakhan,UNL,Unleashed,rare,Rare,Unit,,Order,10,7,3,"Noxus, Demon","You may kill a friendly unit as an additional cost to play me. If you do, I cost :rb_energy_1: less for each Energy it costs and :rb_rune_order: less for each Power it costs.
[Ganking] (I can move from battlefield to battlefield.)
When I attack, the defender must kill one of their units here.","Riftbound Unit: Atakhan. You may kill a friendly unit as an additional cost to play me. If you do, I cost [1] less for each Energy it costs and [Y] less for each Power it costs.
[Ganking] (I can move from battlefield to battlefield.)
When I attack, the defender must kill one of their units here.",Grafit Studio,portrait,https://cmsassets.rgpub.io/sanity/images/dsfx7636/game_data_live/a0b3994aad6b6c64ace14193c1363713e6b6ede2-744x1039.png?accountingTag=RB
unl-171-219,UNL-171/219,171,"Galio, Indefatigable",UNL,Unleashed,rare,Rare,Unit,Champion,Order,3,6,1,"Demacia, Galio","[Deflect] (Opponents must pay :rb_rune_rainbow: to choose me with a spell or ability.)
[Tank] (I must be assigned combat damage first.)
I don't deal combat damage.","Riftbound Unit: Galio, Indefatigable. [Deflect] (Opponents must pay [A] to choose me with a spell or ability.)
[Tank] (I must be assigned combat damage first.)
I don't deal combat damage.",Six More Vodka,portrait,https://cmsassets.rgpub.io/sanity/images/dsfx7636/game_data_live/fc3f1248dc4a02ce90ce172c3b3d5ec35e5f14c3-744x1039.png?accountingTag=RB
unl-172-219,UNL-172/219,172,"LeBlanc, Fragmented",UNL,Unleashed,rare,Rare,Unit,Champion,Order,3,3,1,"Noxus, LeBlanc","[Assault] (+1 :rb_might: while I'm an attacker.)
[Deathknell][>] Draw 1. If it's your Beginning Phase, draw 2 instead. (When I die, get the effect.)","Riftbound Unit: LeBlanc, Fragmented. [Assault] (+1 [S] while I'm an attacker.)
[Deathknell][>] Draw 1. If it's your Beginning Phase, draw 2 instead. (When I die, get the effect.)",League Splash Team,portrait,https://cmsassets.rgpub.io/sanity/images/dsfx7636/game_data_live/ee9f8d7a65e57c1d907edd4e5df2a3ea6966bff9-744x1039.png?accountingTag=RB
unl-172a-219,UNL-172a/219,172,"LeBlanc, Fragmented",UNL,Unleashed,rare,Rare,Unit,Champion,Order,3,3,1,"Noxus, LeBlanc","[Assault]
[Deathknell][>] Draw 1. If it's your Beginning Phase, draw 2 instead.","Riftbound Unit: LeBlanc, Fragmented. [Assault]
[Deathknell][>] Draw 1. If it's your Beginning Phase, draw 2 instead.",League Splash Team,portrait,https://cmsassets.rgpub.io/sanity/images/dsfx7636/game_data_live/d18932d3dddd203c6f68f30279f3886ec2e7130a-744x1039.png?accountingTag=RB
unl-173-219,UNL-173/219,173,Sacrifice,UNL,Unleashed,rare,Rare,Spell,,Order,1,,,,"[Reaction] (Play any time, even before spells and abilities resolve.)
As an additional cost to play this, kill a friendly [Mighty] unit. (A unit is Mighty while it has 5+ :rb_might:.)
Draw 2 and channel 1 rune exhausted.","Riftbound Spell: Sacrifice. [Reaction] (Play any time, even before spells and abilities resolve.)
As an additional cost to play this, kill a friendly [Mighty] unit. (A unit is Mighty while it has 5+ [S].)
Draw 2 and channel 1 rune exhausted.",Kudos Productions,portrait,https://cmsassets.rgpub.io/sanity/images/dsfx7636/game_data_live/139153ae4b4f786442018c09765c67e35515df24-744x1039.png?accountingTag=RB
unl-174-219,UNL-174/219,174,Shard of Undoing,UNL,Unleashed,rare,Rare,Gear,,Order,6,,,,"The first time a friendly unit dies during your Beginning Phase each turn, each opponent must kill one of their units.","Riftbound Gear: Shard of Undoing. The first time a friendly unit dies during your Beginning Phase each turn, each opponent must kill one of their units.",Kudos Productions,portrait,https://cmsassets.rgpub.io/sanity/images/dsfx7636/game_data_live/d167f4e37714f0f8983fce16a9c657bc7ce39642-744x1039.png?accountingTag=RB
unl-175-219,UNL-175/219,175,Tactical Retreat,UNL,Unleashed,rare,Rare,Spell,,Order,2,,,,"[Reaction] (Play any time, even before spells and abilities resolve.)
Choose a friendly unit. The next time it would die this turn, heal it, exhaust it, and recall it instead. (Send it to base. This isn't a move.)","Riftbound Spell: Tactical Retreat. [Reaction] (Play any time, even before spells and abilities resolve.)
Choose a friendly unit. The next time it would die this turn, heal it, exhaust it, and recall it instead. (Send it to base. This isn't a move.)",Kudos Productions,portrait,https://cmsassets.rgpub.io/sanity/images/dsfx7636/game_data_live/cd5abf6c27f5faac247f6044306db3d710fb9d61-744x1039.png?accountingTag=RB
unl-176-219,UNL-176/219,176,"Vi, Peacekeeper",UNL,Unleashed,rare,Rare,Unit,Champion,Order,5,5,1,"Vi, Piltover","[Ambush] (You may play me as a [Reaction] to a battlefield where you have units.)
When I attack, [Stun] an enemy unit here. (It doesn't deal combat damage this turn.)","Riftbound Unit: Vi, Peacekeeper. [Ambush] (You may play me as a [Reaction] to a battlefield where you have units.)
When I attack, [Stun] an enemy unit here. (It doesn't deal combat damage this turn.)",Envar Studio,portrait,https://cmsassets.rgpub.io/sanity/images/dsfx7636/game_data_live/51610bbdecd77b15f58b9a968611e536ebdf445e-744x1039.png?accountingTag=RB
unl-176a-219,UNL-176a/219,176,"Vi, Peacekeeper",UNL,Unleashed,rare,Rare,Unit,Champion,Order,5,5,1,"Vi, Piltover","[Ambush]
When I attack, [Stun] an enemy unit here.","Riftbound Unit: Vi, Peacekeeper. [Ambush]
When I attack, [Stun] an enemy unit here.",League Splash Team,portrait,https://cmsassets.rgpub.io/sanity/images/dsfx7636/game_data_live/6bde3fc4f76015d36d70e86c8fbcc3b6b7aa43dd-744x1039.png?accountingTag=RB
unl-177-219,UNL-177/219,177,"Ivern, Friend to All",UNL,Unleashed,epic,Epic,Unit,Champion,Order,6,6,,"Ivern, Ionia","As you play me, choose Bird, Cat, Dog, or Poro. I gain that tag.
When I conquer or hold, score 1 point if your units have all of the following tags among them — Bird, Cat, Dog, and Poro.","Riftbound Unit: Ivern, Friend to All. As you play me, choose Bird, Cat, Dog, or Poro. I gain that tag.
When I conquer or hold, score 1 point if your units have all of the following tags among them — Bird, Cat, Dog, and Poro.",Zhongqi Li,portrait,https://cmsassets.rgpub.io/sanity/images/dsfx7636/game_data_live/e450956e0561ddca36558d095b71d3b60dff8b03-744x1039.png?accountingTag=RB
unl-177a-219,UNL-177a/219,177,"Ivern, Friend to All",UNL,Unleashed,epic,Epic,Unit,Champion,Order,6,6,,"Ivern, Ionia","As you play me, choose Bird, Cat, Dog, or Poro. I gain that tag.
When I conquer or hold, score 1 point if your units have all of the following tags among them — Bird, Cat, Dog, and Poro.","Riftbound Unit: Ivern, Friend to All. As you play me, choose Bird, Cat, Dog, or Poro. I gain that tag.
When I conquer or hold, score 1 point if your units have all of the following tags among them — Bird, Cat, Dog, and Poro.",League Splash Team,portrait,https://cmsassets.rgpub.io/sanity/images/dsfx7636/game_data_live/72462350a7842b6b81c022ac255ae0e82f3559fd-744x1039.png?accountingTag=RB
unl-178a-219,UNL-178a/219,178,"Poppy, Defender of the Meek",UNL,Unleashed,epic,Epic,Unit,Champion,Order,6,5,1,"Yordle, Demacia, Poppy","You may spend 3 XP as an additional cost to play me. If you do, I cost :rb_energy_3: less.
[Ambush]
[Tank]","Riftbound Unit: Poppy, Defender of the Meek. You may spend 3 XP as an additional cost to play me. If you do, I cost [3] less.
[Ambush]
[Tank]",League Splash Team,portrait,https://cmsassets.rgpub.io/sanity/images/dsfx7636/game_data_live/e171fc13d69ea7bafb03982cf0f8233d2830c1d2-744x1039.png?accountingTag=RB
unl-178-219,UNL-178/219,178,"Poppy, Defender of the Meek",UNL,Unleashed,epic,Epic,Unit,Champion,Order,6,5,1,"Yordle, Demacia, Poppy","You may spend 3 XP as an additional cost to play me. If you do, I cost :rb_energy_3: less.
[Ambush] (You may play me as a [Reaction] to a battlefield where you have units.)
[Tank] (I must be assigned combat damage first.)","Riftbound Unit: Poppy, Defender of the Meek. You may spend 3 XP as an additional cost to play me. If you do, I cost [3] less.
[Ambush] (You may play me as a [Reaction] to a battlefield where you have units.)
[Tank] (I must be assigned combat damage first.)",Dao Trong Le,portrait,https://cmsassets.rgpub.io/sanity/images/dsfx7636/game_data_live/1a75c5322b2179e772af83b1fd16fed864c5bf24-744x1039.png?accountingTag=RB
unl-179a-219,UNL-179a/219,179,Rift Herald,UNL,Unleashed,epic,Epic,Unit,,Order,8,7,1,The Void,"When I move to a battlefield, look at the top 3 cards of your Main Deck. You may reveal a unit from among them and draw it. Recycle the rest.
[Deathknell][>] Play a unit from your hand to your base, ignoring its Energy cost.","Riftbound Unit: Rift Herald. When I move to a battlefield, look at the top 3 cards of your Main Deck. You may reveal a unit from among them and draw it. Recycle the rest.
[Deathknell][>] Play a unit from your hand to your base, ignoring its Energy cost.",Grafit Studio,portrait,https://cmsassets.rgpub.io/sanity/images/dsfx7636/game_data_live/e8fe608bffa46642e454b0b34f7524c5daef299e-744x1039.png?accountingTag=RB
unl-179-219,UNL-179/219,179,Rift Herald,UNL,Unleashed,epic,Epic,Unit,,Order,8,7,1,The Void,"When I move to a battlefield, look at the top 3 cards of your Main Deck. You may reveal a unit from among them and draw it. Recycle the rest.
[Deathknell][>] Play a unit from your hand to your base, ignoring its Energy cost. (When I die, get the effect. You must still pay its Power cost.)","Riftbound Unit: Rift Herald. When I move to a battlefield, look at the top 3 cards of your Main Deck. You may reveal a unit from among them and draw it. Recycle the rest.
[Deathknell][>] Play a unit from your hand to your base, ignoring its Energy cost. (When I die, get the effect. You must still pay its Power cost.)",Grafit Studio,portrait,https://cmsassets.rgpub.io/sanity/images/dsfx7636/game_data_live/4da94f3af92222bebe7be49197ef8d840772d73d-744x1039.png?accountingTag=RB
unl-180-219,UNL-180/219,180,The Ruination,UNL,Unleashed,epic,Epic,Spell,,Order,9,,3,,Kill all units.,Riftbound Spell: The Ruination. Kill all units.,Oliver Chipping,portrait,https://cmsassets.rgpub.io/sanity/images/dsfx7636/game_data_live/f1fea5bfad864f8d58b1b55b04de951285f6ad4e-744x1039.png?accountingTag=RB
unl-181-219,UNL-181/219,181,Virtuoso,UNL,Unleashed,rare,Rare,Legend,,"Fury, Mind",,,,Jhin,"When you play a spell, if you spent :rb_energy_4: or more, you may banish it. Then, if there are four spells banished with me, put each in its trash, channel 4 runes, and draw 1.","Riftbound Legend: Virtuoso. When you play a spell, if you spent [4] or more, you may banish it. Then, if there are four spells banished with me, put each in its trash, channel 4 runes, and draw 1.",Pandart Studio,portrait,https://cmsassets.rgpub.io/sanity/images/dsfx7636/game_data_live/d1e6947cf43a19488a2c31f71a4887aa0423a966-744x1039.png?accountingTag=RB
unl-182-219,UNL-182/219,182,Curtain Call,UNL,Unleashed,epic,Epic,Spell,Signature,"Fury, Mind",4,,,Jhin,"[Repeat] — :rb_energy_1: / :rb_rune_rainbow: / :rb_energy_1::rb_rune_rainbow: (You may pay each additional cost to repeat this spell's effect.)
Choose one you haven't already chosen —Draw 1.Deal 2 to a unit at a battlefield.Deal 3 to a unit at a base.Give a unit at a battlefield -4 :rb_might: this turn.","Riftbound Spell: Curtain Call. [Repeat] — [1] / [A] / [1][A] (You may pay each additional cost to repeat this spell's effect.)
Choose one you haven't already chosen —
- Draw 1.
- Deal 2 to a unit at a battlefield.
- Deal 3 to a unit at a base.
- Give a unit at a battlefield -4 [S] this turn.",华锐,portrait,https://cmsassets.rgpub.io/sanity/images/dsfx7636/game_data_live/01496068d9a8d5567672d802bd008297bd1fe8cc-744x1039.png?accountingTag=RB
unl-183-219,UNL-183/219,183,Pridestalker,UNL,Unleashed,rare,Rare,Legend,,"Fury, Body",,,,Rengar,"When you play a unit, give a unit +1 :rb_might: this turn.","Riftbound Legend: Pridestalker. When you play a unit, give a unit +1 [S] this turn.",Envar Studio,portrait,https://cmsassets.rgpub.io/sanity/images/dsfx7636/game_data_live/b3d3085f62aee993b9f5b80d4659a88439da83be-744x1039.png?accountingTag=RB
unl-184-219,UNL-184/219,184,Thrill of the Hunt,UNL,Unleashed,epic,Epic,Spell,Signature,"Fury, Body",2,,1,Rengar,"[Reaction] (Play any time, even before spells and abilities resolve.)
Banish a friendly unit, then its owner plays it to any battlefield, ignoring its cost.","Riftbound Spell: Thrill of the Hunt. [Reaction] (Play any time, even before spells and abilities resolve.)
Banish a friendly unit, then its owner plays it to any battlefield, ignoring its cost.",华锐,portrait,https://cmsassets.rgpub.io/sanity/images/dsfx7636/game_data_live/2753c2b3ea4fd55e5225a4451a29736b5c3434a8-744x1039.png?accountingTag=RB
unl-185-219,UNL-185/219,185,Bloodharbor Ripper,UNL,Unleashed,rare,Rare,Legend,,"Fury, Chaos",,,,Pyke,":rb_energy_1:, :rb_exhaust:: Return a friendly unit at a battlefield to its owner's hand. Play a Gold gear token exhausted. (It has ""[Reaction][>] Kill this, :rb_exhaust:: [Add] :rb_rune_rainbow:."")","Riftbound Legend: Bloodharbor Ripper. [1], [T]: Return a friendly unit at a battlefield to its owner's hand. Play a Gold gear token exhausted. (It has ""[Reaction][>] Kill this, [T]: [Add] [A]."")",TSWCK逍,portrait,https://cmsassets.rgpub.io/sanity/images/dsfx7636/game_data_live/8ca1bfde8d898a11a6abc73bbab8fc7092b0dcb4-744x1039.png?accountingTag=RB
unl-186-219,UNL-186/219,186,Death from Below,UNL,Unleashed,epic,Epic,Spell,Signature,"Fury, Chaos",4,,1,Pyke,"Kill a unit at a battlefield. Then, if it had 3 :rb_might: or less, you may play this from your trash for :rb_rune_rainbow:.","Riftbound Spell: Death from Below. Kill a unit at a battlefield. Then, if it had 3 [S] or less, you may play this from your trash for [A].",莺之歌,portrait,https://cmsassets.rgpub.io/sanity/images/dsfx7636/game_data_live/17d93a11a252287e3b0f4bbe32722ecc9469ec66-744x1039.png?accountingTag=RB
unl-187-219,UNL-187/219,187,Piltover Enforcer,UNL,Unleashed,rare,Rare,Legend,,"Fury, Order",,,,Vi,"When you conquer, if you assigned 3 or more excess damage, you may exhaust me to ready a unit.","Riftbound Legend: Piltover Enforcer. When you conquer, if you assigned 3 or more excess damage, you may exhaust me to ready a unit.",Pandart Studio,portrait,https://cmsassets.rgpub.io/sanity/images/dsfx7636/game_data_live/b52fca3d644599008c4b1a67ffd359a9f9c4d8d7-744x1039.png?accountingTag=RB
unl-188-219,UNL-188/219,188,Hextech Gauntlets,UNL,Unleashed,epic,Epic,Gear,Signature,"Fury, Order",3,,,"Vi, Equipment",[Equip] :rb_energy_3::rb_rune_rainbow:. This ability's Energy cost is reduced by the Might of the unit you choose. (Pay the cost: Attach this to a unit you control.),Riftbound Gear: Hextech Gauntlets. [Equip] [3][A]. This ability's Energy cost is reduced by the Might of the unit you choose. (Pay the cost: Attach this to a unit you control.),Grafit Studio,portrait,https://cmsassets.rgpub.io/sanity/images/dsfx7636/game_data_live/22755fc744a79fbdcce0ceadfe20d6d0a2b8624a-744x1039.png?accountingTag=RB
unl-189-219,UNL-189/219,189,Bashful Bloom,UNL,Unleashed,rare,Rare,Legend,,"Calm, Mind",,,,Lillia,":rb_energy_4:, :rb_exhaust:: Play a ready 3 :rb_might: Sprite unit token with [Temporary]. This ability costs :rb_energy_1: less for each friendly unit with [Temporary].","Riftbound Legend: Bashful Bloom. [4], [T]: Play a ready 3 [S] Sprite unit token with [Temporary]. This ability costs [1] less for each friendly unit with [Temporary].",Pandart Studio,portrait,https://cmsassets.rgpub.io/sanity/images/dsfx7636/game_data_live/7e1554365120c5042947aef8bcac48a07445e9f3-744x1039.png?accountingTag=RB
unl-190-219,UNL-190/219,190,Lilting Lullaby,UNL,Unleashed,epic,Epic,Spell,Signature,"Calm, Mind",2,,2,Lillia,"[Reaction] (Play any time, even before spells and abilities resolve.)
Counter a spell. Its controller can't play spells this turn.","Riftbound Spell: Lilting Lullaby. [Reaction] (Play any time, even before spells and abilities resolve.)
Counter a spell. Its controller can't play spells this turn.",Wild Blue Studio/莺之歌,portrait,https://cmsassets.rgpub.io/sanity/images/dsfx7636/game_data_live/272b71b493575e38ff8888ec187cd33e54c0eacc-744x1039.png?accountingTag=RB
unl-191-219,UNL-191/219,191,Wuju Master,UNL,Unleashed,rare,Rare,Legend,,"Calm, Body",,,,Master Yi,"[Level 6][>] Your units have +1 :rb_might:. (While you have 6+ XP, get the effect.)
[Level 11][>] Your units enter ready.","Riftbound Legend: Wuju Master. [Level 6][>] Your units have +1 [S]. (While you have 6+ XP, get the effect.)
[Level 11][>] Your units enter ready.",Envar Studio,portrait,https://cmsassets.rgpub.io/sanity/images/dsfx7636/game_data_live/ed9af55066593b4ee738b9529b847f2f738078e0-744x1039.png?accountingTag=RB
unl-192-219,UNL-192/219,192,Alpha Strike,UNL,Unleashed,epic,Epic,Spell,Signature,"Calm, Body",3,,1,Master Yi,"[Action] (Play on your turn or in showdowns.)
Choose a friendly unit. It deals damage equal to its Might split among enemy units at battlefields. Then for each unit this kills, do this: Gain 1 XP.","Riftbound Spell: Alpha Strike. [Action] (Play on your turn or in showdowns.)
Choose a friendly unit. It deals damage equal to its Might split among enemy units at battlefields. Then for each unit this kills, do this: Gain 1 XP.",莺之歌,portrait,https://cmsassets.rgpub.io/sanity/images/dsfx7636/game_data_live/154940caa774fd8219625cf051ddcb230ffc7f02-744x1039.png?accountingTag=RB
unl-193-219,UNL-193/219,193,Gloomist,UNL,Unleashed,rare,Rare,Legend,,"Calm, Chaos",,,,Vex,"When you or an ally hold, you may exhaust me to draw 1.","Riftbound Legend: Gloomist. When you or an ally hold, you may exhaust me to draw 1.",Pandart Studio,portrait,https://cmsassets.rgpub.io/sanity/images/dsfx7636/game_data_live/653e9b8fc4989bba59aa7ade4e0c33ffd5596e5a-744x1039.png?accountingTag=RB
unl-194-219,UNL-194/219,194,Shadow,UNL,Unleashed,epic,Epic,Unit,Signature,"Calm, Chaos",3,3,,"Vex, Shadow Isles","If you play me to a battlefield, I enter ready.
[Action][>] :rb_energy_1::rb_rune_rainbow:, :rb_exhaust:: [Stun] an enemy unit attacking here. (It doesn't deal combat damage this turn.)","Riftbound Unit: Shadow. If you play me to a battlefield, I enter ready.
[Action][>] [1][A], [T]: [Stun] an enemy unit attacking here. (It doesn't deal combat damage this turn.)",莺之歌,portrait,https://cmsassets.rgpub.io/sanity/images/dsfx7636/game_data_live/690ee4937b3926810d8ed814afd14d4d9e98b13e-744x1039.png?accountingTag=RB
unl-195-219,UNL-195/219,195,Green Father,UNL,Unleashed,rare,Rare,Legend,,"Calm, Order",,,,Ivern,"When you conquer or hold, you may exhaust me to replace that battlefield with a Brush battlefield token. (Bird, Cat, Dog, Poro, and Ivern units have +1 :rb_might: in Brush. It can be swapped back when scored.)","Riftbound Legend: Green Father. When you conquer or hold, you may exhaust me to replace that battlefield with a Brush battlefield token. (Bird, Cat, Dog, Poro, and Ivern units have +1 [S] in Brush. It can be swapped back when scored.)",Envar Studio,portrait,https://cmsassets.rgpub.io/sanity/images/dsfx7636/game_data_live/a2ca02d26c1e95db03690729bd31113bda7e4140-744x1039.png?accountingTag=RB
unl-196-219,UNL-196/219,196,Daisy!,UNL,Unleashed,epic,Epic,Unit,Signature,"Calm, Order",9,8,2,"Ivern, Ionia","I enter ready.
Reduce my cost by :rb_energy_1: for each of the following tags among your units — Bird, Cat, Dog, and Poro.
When I attack while your units have all 4 tags, [Stun] an enemy unit here. (It doesn't deal combat damage this turn.)","Riftbound Unit: Daisy!. I enter ready.
Reduce my cost by [1] for each of the following tags among your units — Bird, Cat, Dog, and Poro.
When I attack while your units have all 4 tags, [Stun] an enemy unit here. (It doesn't deal combat damage this turn.)",Polar Engine Studio,portrait,https://cmsassets.rgpub.io/sanity/images/dsfx7636/game_data_live/ada85b2a6076b60933831454d02a21da3654362c-744x1039.png?accountingTag=RB
unl-197-219,UNL-197/219,197,Scorn of the Moon,UNL,Unleashed,rare,Rare,Legend,,"Mind, Chaos",,,,Diana,[Reaction][>] :rb_exhaust:: [Add] :rb_energy_1:. Spend this Energy only during showdowns. (Abilities that add resources can't be reacted to.),Riftbound Legend: Scorn of the Moon. [Reaction][>] [T]: [Add] [1]. Spend this Energy only during showdowns. (Abilities that add resources can't be reacted to.),Envar Studio,portrait,https://cmsassets.rgpub.io/sanity/images/dsfx7636/game_data_live/b00d922d62daca19190e13149fe3cf725c900330-744x1039.png?accountingTag=RB
unl-198-219,UNL-198/219,198,Moonfall,UNL,Unleashed,epic,Epic,Spell,Signature,"Mind, Chaos",3,,1,Diana,"[Action] (Play on your turn or in showdowns.)
Choose a battlefield where you have units. You may move up to one enemy unit to that battlefield. Then give enemy units there -2 :rb_might: this turn.","Riftbound Spell: Moonfall. [Action] (Play on your turn or in showdowns.)
Choose a battlefield where you have units. You may move up to one enemy unit to that battlefield. Then give enemy units there -2 [S] this turn.",Grafit Studio,portrait,https://cmsassets.rgpub.io/sanity/images/dsfx7636/game_data_live/2eda8d4bbee47857b1916599b5c7d5fa7ca400dc-744x1039.png?accountingTag=RB
unl-199-219,UNL-199/219,199,Deceiver,UNL,Unleashed,rare,Rare,Legend,,"Mind, Order",,,,LeBlanc,"When you conquer or hold, you may discard 1 and exhaust me to play a ready Reflection unit token there. It becomes a copy of another unit there. Give it [Temporary].","Riftbound Legend: Deceiver. When you conquer or hold, you may discard 1 and exhaust me to play a ready Reflection unit token there. It becomes a copy of another unit there. Give it [Temporary].",黯荧岛Dark Glow,portrait,https://cmsassets.rgpub.io/sanity/images/dsfx7636/game_data_live/c17d29602d61d6702372fec4db44c6fb2a29e8a2-744x1039.png?accountingTag=RB
unl-200-219,UNL-200/219,200,Mirror Image,UNL,Unleashed,epic,Epic,Spell,Signature,"Mind, Order",3,,2,LeBlanc,"Choose a unit. Play a ready Reflection unit token to your base. It becomes a copy of that unit. Give it [Temporary]. (Kill it at the start of its controller's Beginning Phase, before scoring.)","Riftbound Spell: Mirror Image. Choose a unit. Play a ready Reflection unit token to your base. It becomes a copy of that unit. Give it [Temporary]. (Kill it at the start of its controller's Beginning Phase, before scoring.)",华锐,portrait,https://cmsassets.rgpub.io/sanity/images/dsfx7636/game_data_live/a7ef8a09c0297cd796c4e2dee15922745ede7417-744x1039.png?accountingTag=RB
unl-201-219,UNL-201/219,201,Voidreaver,UNL,Unleashed,rare,Rare,Legend,,"Body, Chaos",,,,Kha'Zix,"When you win a combat, gain 1 XP.
Spend 1 XP, :rb_exhaust:: [Buff] a unit.
Spend 2 XP, :rb_exhaust:: Move an exhausted friendly unit from a battlefield to its base.","Riftbound Legend: Voidreaver. When you win a combat, gain 1 XP.
Spend 1 XP, [T]: [Buff] a unit.
Spend 2 XP, [T]: Move an exhausted friendly unit from a battlefield to its base.",Envar Studio,portrait,https://cmsassets.rgpub.io/sanity/images/dsfx7636/game_data_live/a5db0b3340a189de1cf9d8174b11eb583f19ea28-744x1039.png?accountingTag=RB
unl-202-219,UNL-202/219,202,Void Assault,UNL,Unleashed,epic,Epic,Spell,Signature,"Body, Chaos",2,,1,Kha'Zix,"Move a friendly unit, then move an enemy unit. (If they both move to a battlefield you don't control, you're the attacker.)","Riftbound Spell: Void Assault. Move a friendly unit, then move an enemy unit. (If they both move to a battlefield you don't control, you're the attacker.)",莺之歌,portrait,https://cmsassets.rgpub.io/sanity/images/dsfx7636/game_data_live/0b79108a9492fb34866cc63815b57bfab8a5aeae-744x1039.png?accountingTag=RB
unl-203-219,UNL-203/219,203,Keeper of the Hammer,UNL,Unleashed,rare,Rare,Legend,,"Body, Order",,,,Poppy,"When you hold, gain 1 XP.
Spend 3 XP, :rb_exhaust:: Draw 1.","Riftbound Legend: Keeper of the Hammer. When you hold, gain 1 XP.
Spend 3 XP, [T]: Draw 1.",Pandart Studio,portrait,https://cmsassets.rgpub.io/sanity/images/dsfx7636/game_data_live/ee1393b9bace7bfea4e87405b793bb5462305ed0-744x1039.png?accountingTag=RB
unl-204-219,UNL-204/219,204,Keeper's Verdict,UNL,Unleashed,epic,Epic,Spell,Signature,"Body, Order",2,,2,Poppy,"[Action] (Play on your turn or in showdowns.)
Choose an enemy unit at a battlefield. Its owner places it on the top or bottom of their Main Deck.","Riftbound Spell: Keeper's Verdict. [Action] (Play on your turn or in showdowns.)
Choose an enemy unit at a battlefield. Its owner places it on the top or bottom of their Main Deck.",莺之歌,portrait,https://cmsassets.rgpub.io/sanity/images/dsfx7636/game_data_live/90dcafd8ca6cedd534416232ebd29c451f12107c-744x1039.png?accountingTag=RB
unl-205-219,UNL-205/219,205,Abandoned Hall,UNL,Unleashed,uncommon,Uncommon,Battlefield,,Colorless,,,,,"When a player plays a spell, they may give a unit they control here +1 :rb_might: this turn.","Riftbound Battlefield: Abandoned Hall. When a player plays a spell, they may give a unit they control here +1 [S] this turn.",Envar Studio,landscape,https://cmsassets.rgpub.io/sanity/images/dsfx7636/game_data_live/7447b04d1e78192509e89e5ff3556368ea5c471a-1039x744.png?accountingTag=RB
unl-206-219,UNL-206/219,206,Altar of Blood,UNL,Unleashed,uncommon,Uncommon,Battlefield,,Colorless,,,,,"If a unit here would die during combat, its controller may pay :rb_rune_rainbow::rb_rune_rainbow::rb_rune_rainbow: to heal it, exhaust it, and recall it instead.","Riftbound Battlefield: Altar of Blood. If a unit here would die during combat, its controller may pay [A][A][A] to heal it, exhaust it, and recall it instead.",Kudos Productions,landscape,https://cmsassets.rgpub.io/sanity/images/dsfx7636/game_data_live/a17e5bb639866671772dc514a6096a5863712f71-1039x744.png?accountingTag=RB
unl-207-219,UNL-207/219,207,Amateur Recital,UNL,Unleashed,uncommon,Uncommon,Battlefield,,Colorless,,,,,"When you hold here, you may move a unit at a battlefield to its base.","Riftbound Battlefield: Amateur Recital. When you hold here, you may move a unit at a battlefield to its base.",Envar Studio,landscape,https://cmsassets.rgpub.io/sanity/images/dsfx7636/game_data_live/9372a1574aa077e8b02cc6f00a1add060ae3b520-1039x744.png?accountingTag=RB
unl-208-219,UNL-208/219,208,Black Flame Altar,UNL,Unleashed,uncommon,Uncommon,Battlefield,,Colorless,,,,,Units here with [Temporary] have [Shield]. (+1 :rb_might: while they're defenders.),Riftbound Battlefield: Black Flame Altar. Units here with [Temporary] have [Shield]. (+1 [S] while they're defenders.),Envar Studio,landscape,https://cmsassets.rgpub.io/sanity/images/dsfx7636/game_data_live/8cd4edde3e59c8edc8cdcea626fc443c5ed6e1f2-1039x744.png?accountingTag=RB
unl-209-219,UNL-209/219,209,Dusk Rose Lab,UNL,Unleashed,uncommon,Uncommon,Battlefield,,Colorless,,,,,"At the start of your Beginning Phase, you may kill a unit you control here to draw 1. (This happens before scoring.)","Riftbound Battlefield: Dusk Rose Lab. At the start of your Beginning Phase, you may kill a unit you control here to draw 1. (This happens before scoring.)",Envar Studio,landscape,https://cmsassets.rgpub.io/sanity/images/dsfx7636/game_data_live/fa81c474ff29b9d2c42dd4e64a5789bf793e5221-1039x744.png?accountingTag=RB
unl-210-219,UNL-210/219,210,Forbidding Waste,UNL,Unleashed,uncommon,Uncommon,Battlefield,,Colorless,,,,,"While a unit here is defending alone, it has -2 :rb_might:. (It's alone if there are no other friendly units here.)","Riftbound Battlefield: Forbidding Waste. While a unit here is defending alone, it has -2 [S]. (It's alone if there are no other friendly units here.)",Six More Vodka,landscape,https://cmsassets.rgpub.io/sanity/images/dsfx7636/game_data_live/83dbc88d462da85be9398c790e88ff13da8637d4-1039x744.png?accountingTag=RB
unl-211-219,UNL-211/219,211,Forgotten Library,UNL,Unleashed,uncommon,Uncommon,Battlefield,,Colorless,,,,,"While you control this battlefield, when you play a spell, if you spent :rb_energy_4: or more, [Predict]. (Look at the top card of your Main Deck. You may recycle it.)","Riftbound Battlefield: Forgotten Library. While you control this battlefield, when you play a spell, if you spent [4] or more, [Predict]. (Look at the top card of your Main Deck. You may recycle it.)",Chris Kintner,landscape,https://cmsassets.rgpub.io/sanity/images/dsfx7636/game_data_live/a7905fb94abe453f05a4108cf5424fd1ca50f6de-1039x744.png?accountingTag=RB
unl-212-219,UNL-212/219,212,Frozen Fortress,UNL,Unleashed,uncommon,Uncommon,Battlefield,,Colorless,,,,,"At the start of each player's Beginning Phase, deal 1 to each unit here. (This happens before scoring.)","Riftbound Battlefield: Frozen Fortress. At the start of each player's Beginning Phase, deal 1 to each unit here. (This happens before scoring.)",Kudos Productions,landscape,https://cmsassets.rgpub.io/sanity/images/dsfx7636/game_data_live/b5e33fdb4ddc8c73e03bca648862fc080aa8bbcf-1039x744.png?accountingTag=RB
unl-213-219,UNL-213/219,213,Gardens of Becoming,UNL,Unleashed,uncommon,Uncommon,Battlefield,,Colorless,,,,,"Units here have "":rb_exhaust:: Gain 1 XP.""","Riftbound Battlefield: Gardens of Becoming. Units here have ""[T]: Gain 1 XP.""",Polar Engine Studio,landscape,https://cmsassets.rgpub.io/sanity/images/dsfx7636/game_data_live/0497a44ab302ea055b6f1f0d00a36c8023ed2344-1039x744.png?accountingTag=RB
unl-214-219,UNL-214/219,214,Ripper's Bay,UNL,Unleashed,uncommon,Uncommon,Battlefield,,Colorless,,,,,"When a unit here is returned to a player's hand, that player may pay :rb_energy_1: to channel 1 rune exhausted.","Riftbound Battlefield: Ripper's Bay. When a unit here is returned to a player's hand, that player may pay [1] to channel 1 rune exhausted.",MAR Studio,landscape,https://cmsassets.rgpub.io/sanity/images/dsfx7636/game_data_live/f6d0540edbabcdb7d5a6859ce2f820f744cb498c-1039x744.png?accountingTag=RB
unl-215-219,UNL-215/219,215,Star Spring,UNL,Unleashed,uncommon,Uncommon,Battlefield,,Colorless,,,,,"The first time a player plays a non-token unit here each turn, they may move another unit they control here to its base.","Riftbound Battlefield: Star Spring. The first time a player plays a non-token unit here each turn, they may move another unit they control here to its base.",Six More Vodka,landscape,https://cmsassets.rgpub.io/sanity/images/dsfx7636/game_data_live/0c4fe88ffb5c1b02b58b2c6b4f02de441ac451d6-1039x744.png?accountingTag=RB
unl-216-219,UNL-216/219,216,The Academy,UNL,Unleashed,uncommon,Uncommon,Battlefield,,Colorless,,,,,"When you hold here, give your next spell this turn [Repeat] equal to its base cost. (You may pay the additional cost to repeat the spell's effect.)","Riftbound Battlefield: The Academy. When you hold here, give your next spell this turn [Repeat] equal to its base cost. (You may pay the additional cost to repeat the spell's effect.)",Six More Vodka,landscape,https://cmsassets.rgpub.io/sanity/images/dsfx7636/game_data_live/82646c995f3d0b897ce97f7b68c35f5fd9384b8e-1039x744.png?accountingTag=RB
unl-217-219,UNL-217/219,217,Trapping Grounds,UNL,Unleashed,uncommon,Uncommon,Battlefield,,Colorless,,,,,"When you conquer here, if you assigned 3 or more excess damage, play a 1 :rb_might: Bird unit token with [Deflect].","Riftbound Battlefield: Trapping Grounds. When you conquer here, if you assigned 3 or more excess damage, play a 1 [S] Bird unit token with [Deflect].",Kudos Productions,landscape,https://cmsassets.rgpub.io/sanity/images/dsfx7636/game_data_live/234bb01e24892aefa024ae402f6ee7703ccdbbd4-1039x744.png?accountingTag=RB
unl-218-219,UNL-218/219,218,Valley of Idols,UNL,Unleashed,uncommon,Uncommon,Battlefield,,Colorless,,,,,"When a player plays a unit here, they may pay :rb_energy_1: to [Buff] it. (Give it a +1 :rb_might: buff if it doesn't have one.)","Riftbound Battlefield: Valley of Idols. When a player plays a unit here, they may pay [1] to [Buff] it. (Give it a +1 [S] buff if it doesn't have one.)",Caravan Studio,landscape,https://cmsassets.rgpub.io/sanity/images/dsfx7636/game_data_live/4191aa2fda9e754a7f5421edc94bd829f5795650-1039x744.png?accountingTag=RB
unl-219-219,UNL-219/219,219,Vaults of Helia,UNL,Unleashed,uncommon,Uncommon,Battlefield,,Colorless,,,,,"When you hold here, your non-token units cost :rb_energy_1: more to play this turn.","Riftbound Battlefield: Vaults of Helia. When you hold here, your non-token units cost [1] more to play this turn.",Six More Vodka,landscape,https://cmsassets.rgpub.io/sanity/images/dsfx7636/game_data_live/9fc7b9a8294665881eece0dacaf3fc70e39f19e4-1039x744.png?accountingTag=RB
unl-220-219,UNL-220/219,220,Pouty Poro,UNL,Unleashed,common,Common,Unit,,Fury,2,2,,Poro,[Deflect],Riftbound Unit: Pouty Poro. [Deflect],FOREDAWN,portrait,https://cmsassets.rgpub.io/sanity/images/dsfx7636/game_data_live/0c91b90d91c4f988aa9942dd9e06a634a66c6975-744x1039.png?accountingTag=RB
unl-221-219,UNL-221/219,221,Lonely Poro,UNL,Unleashed,common,Common,Unit,,Calm,2,2,,"Poro, Freljord","[Deathknell][>] If I died alone, draw 1.","Riftbound Unit: Lonely Poro. [Deathknell][>] If I died alone, draw 1.",FOREDAWN,portrait,https://cmsassets.rgpub.io/sanity/images/dsfx7636/game_data_live/82b7043ef6519a4c7e2eb7d45cb6ae91dfd749ca-744x1039.png?accountingTag=RB
unl-222-219,UNL-222/219,222,Plundering Poro,UNL,Unleashed,common,Common,Unit,,Mind,2,2,,"Poro, Pirate, Bilgewater","When I conquer, play a Gold gear token exhausted.","Riftbound Unit: Plundering Poro. When I conquer, play a Gold gear token exhausted.",FOREDAWN,portrait,https://cmsassets.rgpub.io/sanity/images/dsfx7636/game_data_live/c6c996fcead364682a031f32948a084101d83493-744x1039.png?accountingTag=RB
unl-223-219,UNL-223/219,223,Veteran Poro,UNL,Unleashed,common,Common,Unit,,Body,2,2,,"Poro, Freljord",[Weaponmaster],Riftbound Unit: Veteran Poro. [Weaponmaster],FOREDAWN,portrait,https://cmsassets.rgpub.io/sanity/images/dsfx7636/game_data_live/337f38fae6a4d801fc14abcda2a7d09c3e7e6ae3-744x1039.png?accountingTag=RB
unl-224-219,UNL-224/219,224,Mystic Poro,UNL,Unleashed,common,Common,Unit,,Chaos,2,2,,Poro,[Vision],Riftbound Unit: Mystic Poro. [Vision],FOREDAWN,portrait,https://cmsassets.rgpub.io/sanity/images/dsfx7636/game_data_live/2fdb5e1ff9aae4137910fa59065b69ef17144752-744x1039.png?accountingTag=RB
unl-225-219,UNL-225/219,225,Daring Poro,UNL,Unleashed,common,Common,Unit,,Order,2,2,,Poro,[Assault],Riftbound Unit: Daring Poro. [Assault],FOREDAWN,portrait,https://cmsassets.rgpub.io/sanity/images/dsfx7636/game_data_live/9b097e8f9866788e0de2bfada48627c752d3e4b9-744x1039.png?accountingTag=RB
unl-226-star-219,UNL-226*/219,226,Virtuoso,UNL,Unleashed,rare,Rare,Legend,,"Fury, Mind",,,,Jhin,"When you play a spell, if you spent :rb_energy_4: or more, you may banish it. Then, if there are four spells banished with me, put each in its trash, channel 4 runes, and draw 1.","Riftbound Legend: Virtuoso. When you play a spell, if you spent [4] or more, you may banish it. Then, if there are four spells banished with me, put each in its trash, channel 4 runes, and draw 1.",Blaine Burgos,portrait,https://cmsassets.rgpub.io/sanity/images/dsfx7636/game_data_live/94fb0a4944da2427ce615dd2c311a2c9bc781fd2-744x1039.png?accountingTag=RB
unl-226-219,UNL-226/219,226,Virtuoso,UNL,Unleashed,rare,Rare,Legend,,"Fury, Mind",,,,Jhin,"When you play a spell, if you spent :rb_energy_4: or more, you may banish it. Then, if there are four spells banished with me, put each in its trash, channel 4 runes, and draw 1.","Riftbound Legend: Virtuoso. When you play a spell, if you spent [4] or more, you may banish it. Then, if there are four spells banished with me, put each in its trash, channel 4 runes, and draw 1.",Blaine Burgos,portrait,https://cmsassets.rgpub.io/sanity/images/dsfx7636/game_data_live/47f10693258104e9373396165e335014bf5783a2-744x1039.png?accountingTag=RB
unl-227-219,UNL-227/219,227,Pridestalker,UNL,Unleashed,rare,Rare,Legend,,"Fury, Body",,,,Rengar,"When you play a unit, give a unit +1 :rb_might: this turn.","Riftbound Legend: Pridestalker. When you play a unit, give a unit +1 [S] this turn.",Duy Nguyen,portrait,https://cmsassets.rgpub.io/sanity/images/dsfx7636/game_data_live/1f80a016015ebc77bd3d23ce471e364d70698279-744x1039.png?accountingTag=RB
unl-227-star-219,UNL-227*/219,227,Pridestalker,UNL,Unleashed,rare,Rare,Legend,,"Fury, Body",,,,Rengar,"When you play a unit, give a unit +1 :rb_might: this turn.","Riftbound Legend: Pridestalker. When you play a unit, give a unit +1 [S] this turn.",Duy Nguyen,portrait,https://cmsassets.rgpub.io/sanity/images/dsfx7636/game_data_live/9bfffdcab9899c4b0d94ab31d138edd7d2f8e4f1-744x1039.png?accountingTag=RB
unl-228-219,UNL-228/219,228,Bloodharbor Ripper,UNL,Unleashed,rare,Rare,Legend,,"Fury, Chaos",,,,Pyke,":rb_energy_1:, :rb_exhaust:: Return a friendly unit at a battlefield to its owner's hand. Play a Gold gear token exhausted.","Riftbound Legend: Bloodharbor Ripper. [1], [T]: Return a friendly unit at a battlefield to its owner's hand. Play a Gold gear token exhausted.",Kindlejack,portrait,https://cmsassets.rgpub.io/sanity/images/dsfx7636/game_data_live/b4095d98aff998fda5a08d4c32e97a2a66ccf1e6-744x1039.png?accountingTag=RB
unl-228-star-219,UNL-228*/219,228,Bloodharbor Ripper,UNL,Unleashed,rare,Rare,Legend,,"Fury, Chaos",,,,Pyke,":rb_energy_1:, :rb_exhaust:: Return a friendly unit at a battlefield to its owner's hand. Play a Gold gear token exhausted.","Riftbound Legend: Bloodharbor Ripper. [1], [T]: Return a friendly unit at a battlefield to its owner's hand. Play a Gold gear token exhausted.",Kindlejack,portrait,https://cmsassets.rgpub.io/sanity/images/dsfx7636/game_data_live/75ff8f0b0a4ea110dd4af5b14c23da804481387a-744x1039.png?accountingTag=RB
unl-229-star-219,UNL-229*/219,229,Piltover Enforcer,UNL,Unleashed,rare,Rare,Legend,,"Fury, Order",,,,Vi,"When you conquer, if you assigned 3 or more excess damage, you may exhaust me to ready a unit.","Riftbound Legend: Piltover Enforcer. When you conquer, if you assigned 3 or more excess damage, you may exhaust me to ready a unit.",Jonathan Santoro,portrait,https://cmsassets.rgpub.io/sanity/images/dsfx7636/game_data_live/0febae9c611339d9ed65c7ebe43237b5ec42c9a3-744x1039.png?accountingTag=RB
unl-229-219,UNL-229/219,229,Piltover Enforcer,UNL,Unleashed,rare,Rare,Legend,,"Fury, Order",,,,Vi,"When you conquer, if you assigned 3 or more excess damage, you may exhaust me to ready a unit.","Riftbound Legend: Piltover Enforcer. When you conquer, if you assigned 3 or more excess damage, you may exhaust me to ready a unit.",Jonathan Santoro,portrait,https://cmsassets.rgpub.io/sanity/images/dsfx7636/game_data_live/08c48ad82381bb5830a0b413d7a2f25dd2b20d76-744x1039.png?accountingTag=RB
unl-230-star-219,UNL-230*/219,230,Bashful Bloom,UNL,Unleashed,rare,Rare,Legend,,"Calm, Mind",,,,Lillia,":rb_energy_4:, :rb_exhaust:: Play a ready 3 :rb_might: Sprite unit token with [Temporary]. This ability costs :rb_energy_1: less for each friendly unit with [Temporary].","Riftbound Legend: Bashful Bloom. [4], [T]: Play a ready 3 [S] Sprite unit token with [Temporary]. This ability costs [1] less for each friendly unit with [Temporary].",Oussama Agazzoum,portrait,https://cmsassets.rgpub.io/sanity/images/dsfx7636/game_data_live/8d270600e9ec7472cbb51eb56ad0799b7be38c7b-744x1039.png?accountingTag=RB
unl-230-219,UNL-230/219,230,Bashful Bloom,UNL,Unleashed,rare,Rare,Legend,,"Calm, Mind",,,,Lillia,":rb_energy_4:, :rb_exhaust:: Play a ready 3 :rb_might: Sprite unit token with [Temporary]. This ability costs :rb_energy_1: less for each friendly unit with [Temporary].","Riftbound Legend: Bashful Bloom. [4], [T]: Play a ready 3 [S] Sprite unit token with [Temporary]. This ability costs [1] less for each friendly unit with [Temporary].",Oussama Agazzoum,portrait,https://cmsassets.rgpub.io/sanity/images/dsfx7636/game_data_live/5099aa2938091dfcc54277877e320a7f83aeeec1-744x1039.png?accountingTag=RB
unl-231-219,UNL-231/219,231,Wuju Master,UNL,Unleashed,rare,Rare,Legend,,"Calm, Body",,,,Master Yi,"[Level 6][>] Your units have +1 :rb_might:.
[Level 11][>] Your units enter ready.","Riftbound Legend: Wuju Master. [Level 6][>] Your units have +1 [S].
[Level 11][>] Your units enter ready.",Shawn Lee,portrait,https://cmsassets.rgpub.io/sanity/images/dsfx7636/game_data_live/557e41d84ac36ffa2bf805deda159f45e0a815f9-744x1039.png?accountingTag=RB
unl-231-star-219,UNL-231*/219,231,Wuju Master,UNL,Unleashed,rare,Rare,Legend,,"Calm, Body",,,,Master Yi,"[Level 6][>] Your units have +1 :rb_might:.
[Level 11][>] Your units enter ready.","Riftbound Legend: Wuju Master. [Level 6][>] Your units have +1 [S].
[Level 11][>] Your units enter ready.",Shawn Lee,portrait,https://cmsassets.rgpub.io/sanity/images/dsfx7636/game_data_live/ebc612b2bf6003be8019930e059f0ac119997bc8-744x1039.png?accountingTag=RB
unl-232-star-219,UNL-232*/219,232,Gloomist,UNL,Unleashed,rare,Rare,Legend,,"Calm, Chaos",,,,Vex,"When you or an ally hold, you may exhaust me to draw 1.","Riftbound Legend: Gloomist. When you or an ally hold, you may exhaust me to draw 1.",Hozure,portrait,https://cmsassets.rgpub.io/sanity/images/dsfx7636/game_data_live/748c7cb9574c8805d7fdbaba0f2471af06cceae3-744x1039.png?accountingTag=RB
unl-232-219,UNL-232/219,232,Gloomist,UNL,Unleashed,rare,Rare,Legend,,"Calm, Chaos",,,,Vex,"When you or an ally hold, you may exhaust me to draw 1.","Riftbound Legend: Gloomist. When you or an ally hold, you may exhaust me to draw 1.",Hozure,portrait,https://cmsassets.rgpub.io/sanity/images/dsfx7636/game_data_live/d044ea46fa38cff80c39fdb0b890dd7226c22b89-744x1039.png?accountingTag=RB
unl-233-219,UNL-233/219,233,Green Father,UNL,Unleashed,rare,Rare,Legend,,"Calm, Order",,,,Ivern,"When you conquer or hold, you may exhaust me to replace that battlefield with a Brush battlefield token.","Riftbound Legend: Green Father. When you conquer or hold, you may exhaust me to replace that battlefield with a Brush battlefield token.",Michelle Mauk,portrait,https://cmsassets.rgpub.io/sanity/images/dsfx7636/game_data_live/d200178cde5075990f7ca1856675d02c4c2538be-744x1039.png?accountingTag=RB
unl-233-star-219,UNL-233*/219,233,Green Father,UNL,Unleashed,rare,Rare,Legend,,"Calm, Order",,,,Ivern,"When you conquer or hold, you may exhaust me to replace that battlefield with a Brush battlefield token.","Riftbound Legend: Green Father. When you conquer or hold, you may exhaust me to replace that battlefield with a Brush battlefield token.",Michelle Mauk,portrait,https://cmsassets.rgpub.io/sanity/images/dsfx7636/game_data_live/76283fb4384cf39408489f35d00827e0d5b1f9bb-744x1039.png?accountingTag=RB
unl-234-star-219,UNL-234*/219,234,Scorn of the Moon,UNL,Unleashed,rare,Rare,Legend,,"Mind, Chaos",,,,Diana,[Reaction][>] :rb_exhaust:: [Add] :rb_energy_1:. Spend this Energy only during showdowns.,Riftbound Legend: Scorn of the Moon. [Reaction][>] [T]: [Add] [1]. Spend this Energy only during showdowns.,Lisha Du,portrait,https://cmsassets.rgpub.io/sanity/images/dsfx7636/game_data_live/9782a99fcb36b09adc5d97cdc29595682f26220d-744x1039.png?accountingTag=RB
unl-234-219,UNL-234/219,234,Scorn of the Moon,UNL,Unleashed,rare,Rare,Legend,,"Mind, Chaos",,,,Diana,[Reaction][>] :rb_exhaust:: [Add] :rb_energy_1:. Spend this Energy only during showdowns.,Riftbound Legend: Scorn of the Moon. [Reaction][>] [T]: [Add] [1]. Spend this Energy only during showdowns.,Lisha Du,portrait,https://cmsassets.rgpub.io/sanity/images/dsfx7636/game_data_live/8bd4006c34aa020211e501e3cb7ee14ab5b4c41f-744x1039.png?accountingTag=RB
unl-235-219,UNL-235/219,235,Deceiver,UNL,Unleashed,rare,Rare,Legend,,"Mind, Order",,,,LeBlanc,"When you conquer or hold, you may discard 1 and exhaust me to play a ready Reflection unit token there. It becomes a copy of another unit there. Give it [Temporary].","Riftbound Legend: Deceiver. When you conquer or hold, you may discard 1 and exhaust me to play a ready Reflection unit token there. It becomes a copy of another unit there. Give it [Temporary].",Valentine Tran,portrait,https://cmsassets.rgpub.io/sanity/images/dsfx7636/game_data_live/656450f89be4dc253438a4e0af7f7638ed5f90b2-744x1039.png?accountingTag=RB
unl-235-star-219,UNL-235*/219,235,Deceiver,UNL,Unleashed,rare,Rare,Legend,,"Mind, Order",,,,LeBlanc,"When you conquer or hold, you may discard 1 and exhaust me to play a ready Reflection unit token there. It becomes a copy of another unit there. Give it [Temporary].","Riftbound Legend: Deceiver. When you conquer or hold, you may discard 1 and exhaust me to play a ready Reflection unit token there. It becomes a copy of another unit there. Give it [Temporary].",Valentine Tran,portrait,https://cmsassets.rgpub.io/sanity/images/dsfx7636/game_data_live/78a3153e914b2124cdc918f3134a8087b342caf7-744x1039.png?accountingTag=RB
unl-236-219,UNL-236/219,236,Voidreaver,UNL,Unleashed,rare,Rare,Legend,,"Body, Chaos",,,,Kha'Zix,"When you win a combat, gain 1 XP.
Spend 1 XP, :rb_exhaust:: [Buff] a unit.
Spend 2 XP, :rb_exhaust:: Move an exhausted friendly unit from a battlefield to its base.","Riftbound Legend: Voidreaver. When you win a combat, gain 1 XP.
Spend 1 XP, [T]: [Buff] a unit.
Spend 2 XP, [T]: Move an exhausted friendly unit from a battlefield to its base.",Jeffrey Chen,portrait,https://cmsassets.rgpub.io/sanity/images/dsfx7636/game_data_live/ffed0102adcae6fe01d173042487ea85ebe899bc-744x1039.png?accountingTag=RB
unl-236-star-219,UNL-236*/219,236,Voidreaver,UNL,Unleashed,rare,Rare,Legend,,"Body, Chaos",,,,Kha'Zix,"When you win a combat, gain 1 XP.
Spend 1 XP, :rb_exhaust:: [Buff] a unit.
Spend 2 XP, :rb_exhaust:: Move an exhausted friendly unit from a battlefield to its base.","Riftbound Legend: Voidreaver. When you win a combat, gain 1 XP.
Spend 1 XP, [T]: [Buff] a unit.
Spend 2 XP, [T]: Move an exhausted friendly unit from a battlefield to its base.",Jeffrey Chen,portrait,https://cmsassets.rgpub.io/sanity/images/dsfx7636/game_data_live/e3bff5dc4489376697823d056b42eba7b90566b6-744x1039.png?accountingTag=RB
unl-237-star-219,UNL-237*/219,237,Keeper of the Hammer,UNL,Unleashed,rare,Rare,Legend,,"Body, Order",,,,Poppy,"When you hold, gain 1 XP.
Spend 3 XP, :rb_exhaust:: Draw 1.","Riftbound Legend: Keeper of the Hammer. When you hold, gain 1 XP.
Spend 3 XP, [T]: Draw 1.",KK Zhang,portrait,https://cmsassets.rgpub.io/sanity/images/dsfx7636/game_data_live/c2b3ae8c4beac316128a8b7b1704a221abedec8e-744x1039.png?accountingTag=RB
unl-237-219,UNL-237/219,237,Keeper of the Hammer,UNL,Unleashed,rare,Rare,Legend,,"Body, Order",,,,Poppy,"When you hold, gain 1 XP.
Spend 3 XP, :rb_exhaust:: Draw 1.","Riftbound Legend: Keeper of the Hammer. When you hold, gain 1 XP.
Spend 3 XP, [T]: Draw 1.",KK Zhang,portrait,https://cmsassets.rgpub.io/sanity/images/dsfx7636/game_data_live/41321ddb3b1c63492285d1c3d067ee42ade502e4-744x1039.png?accountingTag=RB
unl-238-219,UNL-238/219,238,Baron Nashor,UNL,Unleashed,epic,Epic,Unit,,Chaos,10,12,3,The Void,"As you play me, add the Baron Pit battlefield token to the board if it's not there already. If you do, I enter there.
I can't be chosen by enemy spells and abilities.
Other friendly units have +2 :rb_might:.","Riftbound Unit: Baron Nashor. As you play me, add the Baron Pit battlefield token to the board if it's not there already. If you do, I enter there.
I can't be chosen by enemy spells and abilities.
Other friendly units have +2 [S].",張漁 ·ZHANG YU,portrait,https://cmsassets.rgpub.io/sanity/images/dsfx7636/game_data_live/7e8d207a8057b97f9059ea6025a16e59229dc54d-744x1039.png?accountingTag=RB
