id,publicCode,collectorNumber,name,set_id,set_label,rarity_id,rarity_label,cardType,superType,domain,energy,might,power,tags,ability_text,accessibilityText,illustrator,orientation,cardImage_url
ven-001-166,VEN-001/166,1,Baccai Sandspinner,VEN,Vendetta,common,Common,Unit,,Fury,6,6,,Shurima,"[Empower] :rb_energy_5:. This ability costs :rb_energy_3: less if you control 4 or fewer runes. (Pay the cost: Empower me. Use only if not Empowered.)
[Empowered][>] I have [Deflect] and [Assault 2]. (Opponents must pay :rb_rune_rainbow: to choose me with a spell or ability. +2 :rb_might: while I'm an attacker.)","Riftbound Unit: Baccai Sandspinner. [Empower] [5]. This ability costs [3] less if you control 4 or fewer runes. (Pay the cost: Empower me. Use only if not Empowered.)
[Empowered][>] I have [Deflect] and [Assault 2]. (Opponents must pay [A] to choose me with a spell or ability. +2 [S] while I'm an attacker.)",Kudos Productions,portrait,https://cmsassets.rgpub.io/sanity/images/dsfx7636/game_data_live/d8abab7f0df7c8ec9fff8c8dfa71c732e1ce2e6a-744x1039.png?accountingTag=RB
ven-r01,VEN-R01,1,Fury Rune,VEN,Vendetta,common,Common,Rune,Basic,Fury,,,,,[NO TEXT],Riftbound Rune: Fury Rune. [NO TEXT],Greg Ghielmetti & Leah Chen,portrait,https://cmsassets.rgpub.io/sanity/images/dsfx7636/game_data_live/f95ed6ba0c4d4d357c45bf5bdb1a8e540af1f85f-744x1039.png?accountingTag=RB
ven-sp1-006,VEN-SP1/006,1,"Kai'Sa, Survivor",VEN,Vendetta,epic,Epic,Unit,Champion,Fury,4,4,,Kai'Sa,"[Accelerate]
When I conquer, draw 1.","Riftbound Unit: Kai'Sa, Survivor. [Accelerate]
When I conquer, draw 1.",Wild Rift Splash Team,portrait,https://cmsassets.rgpub.io/sanity/images/dsfx7636/game_data_live/a14d1be8f014a331f60885013d81a1a8f5c8c076-744x1039.png?accountingTag=RB
ven-002-166,VEN-002/166,2,Blade Twirler,VEN,Vendetta,common,Common,Unit,,Fury,4,4,,"Yordle, Ionia","The first time I move each turn, choose a player. They [Burn 1]. (They put the top card of their Main Deck into their trash.)","Riftbound Unit: Blade Twirler. The first time I move each turn, choose a player. They [Burn 1]. (They put the top card of their Main Deck into their trash.)",Six More Vodka,portrait,https://cmsassets.rgpub.io/sanity/images/dsfx7636/game_data_live/b222082d5d38630c4d2542ed24c0442881e3de18-744x1039.png?accountingTag=RB
ven-r02,VEN-R02,2,Calm Rune,VEN,Vendetta,common,Common,Rune,Basic,Calm,,,,,[NO TEXT],Riftbound Rune: Calm Rune. [NO TEXT],Greg Ghielmetti & Leah Chen,portrait,https://cmsassets.rgpub.io/sanity/images/dsfx7636/game_data_live/9b70aa1b334728a3e8beeea0c9154a2d0f79b1eb-744x1039.png?accountingTag=RB
ven-sp2-006,VEN-SP2/006,2,"Sona, Harmonious",VEN,Vendetta,epic,Epic,Unit,Champion,Calm,4,4,1,Sona,"At the end of your turn, if I'm at a battlefield, ready up to 4 friendly runes.","Riftbound Unit: Sona, Harmonious. At the end of your turn, if I'm at a battlefield, ready up to 4 friendly runes.",Wild Rift Splash Team,portrait,https://cmsassets.rgpub.io/sanity/images/dsfx7636/game_data_live/2cc800fbd0011dd084426445ebb1c2831420063d-744x1039.png?accountingTag=RB
ven-sp3-006,VEN-SP3/006,3,"Ahri, Inquisitive",VEN,Vendetta,epic,Epic,Unit,Champion,Mind,3,3,1,"Ahri, Ionia","When I attack or defend, give an enemy unit here -2 :rb_might: this turn, to a minimum of 1 :rb_might:.","Riftbound Unit: Ahri, Inquisitive. When I attack or defend, give an enemy unit here -2 [S] this turn, to a minimum of 1 [S].",Wild Rift Splash Team,portrait,https://cmsassets.rgpub.io/sanity/images/dsfx7636/game_data_live/e8d1993018d8317494cbaab4e4dd738c2e80740d-744x1039.png?accountingTag=RB
ven-003-166,VEN-003/166,3,Brittle Steel,VEN,Vendetta,common,Common,Spell,,Fury,2,,1,,"Kill a gear.
[Flow] :rb_energy_4::rb_rune_fury: (You may play this from your trash for its Flow cost. Then banish it.)","Riftbound Spell: Brittle Steel. Kill a gear.
[Flow] [4][C] (You may play this from your trash for its Flow cost. Then banish it.)",Six More Vodka,portrait,https://cmsassets.rgpub.io/sanity/images/dsfx7636/game_data_live/2264ab788558ec69b1b6ed3e03ce69a3f63bdbb7-744x1039.png?accountingTag=RB
ven-r03,VEN-R03,3,Mind Rune,VEN,Vendetta,common,Common,Rune,Basic,Mind,,,,,[NO TEXT],Riftbound Rune: Mind Rune. [NO TEXT],Greg Ghielmetti & Leah Chen,portrait,https://cmsassets.rgpub.io/sanity/images/dsfx7636/game_data_live/33df1c56c6e76f9cb783c19161f16fcdbdc20f98-744x1039.png?accountingTag=RB
ven-r04,VEN-R04,4,Body Rune,VEN,Vendetta,common,Common,Rune,Basic,Body,,,,,[NO TEXT],Riftbound Rune: Body Rune. [NO TEXT],Greg Ghielmetti & Leah Chen,portrait,https://cmsassets.rgpub.io/sanity/images/dsfx7636/game_data_live/3313c73c5b31daa482073bfefbf4d2255a89d7d0-744x1039.png?accountingTag=RB
ven-004-166,VEN-004/166,4,Dune Surfer,VEN,Vendetta,common,Common,Unit,,Fury,3,3,,Shurima,You ignore [Tank] while assigning combat damage here.,Riftbound Unit: Dune Surfer. You ignore [Tank] while assigning combat damage here.,Dao Trong Le,portrait,https://cmsassets.rgpub.io/sanity/images/dsfx7636/game_data_live/acab9ec71d58f1e109cd8879c0fef0bdeb866432-744x1039.png?accountingTag=RB
ven-t04,VEN-T04,4,Recruit (NX),VEN,Vendetta,common,Common,Unit,Token,Colorless,,1,,Recruit,,Riftbound Unit: Recruit (NX).,Six More Vodka,portrait,https://cmsassets.rgpub.io/sanity/images/dsfx7636/game_data_live/08b9ccf225fc2ae9eb9b5668e5361b09789210ee-744x1039.png?accountingTag=RB
ven-sp4-006,VEN-SP4/006,4,"Sett, Brawler",VEN,Vendetta,epic,Epic,Unit,Champion,Body,5,4,1,Sett,"When you play me or when I conquer, buff me.
Spend my buff: Give me +4 :rb_might: this turn.","Riftbound Unit: Sett, Brawler. When you play me or when I conquer, buff me.
Spend my buff: Give me +4 [S] this turn.",Wild Rift Splash Team,portrait,https://cmsassets.rgpub.io/sanity/images/dsfx7636/game_data_live/075f83adf06b41c42c78addd11cfc73fbdb8aabb-744x1039.png?accountingTag=RB
ven-r05,VEN-R05,5,Chaos Rune,VEN,Vendetta,common,Common,Rune,Basic,Chaos,,,,,[NO TEXT],Riftbound Rune: Chaos Rune. [NO TEXT],Greg Ghielmetti & Leah Chen,portrait,https://cmsassets.rgpub.io/sanity/images/dsfx7636/game_data_live/3861fc566891a70c21cf3d3075adec716deb7080-744x1039.png?accountingTag=RB
ven-sp5-006,VEN-SP5/006,5,"Ezreal, Prodigy",VEN,Vendetta,epic,Epic,Unit,Champion,Chaos,3,3,1,"Ezreal, Piltover","When you play me, discard 1, then draw 2.
Optional additional costs you pay cost :rb_energy_1: or :rb_rune_rainbow: less.","Riftbound Unit: Ezreal, Prodigy. When you play me, discard 1, then draw 2.
Optional additional costs you pay cost [1] or [A] less.",Wild Rift Splash Team,portrait,https://cmsassets.rgpub.io/sanity/images/dsfx7636/game_data_live/fd4beecca19d4e84ead0852acce83d4c34ac1b4c-744x1039.png?accountingTag=RB
ven-005-166,VEN-005/166,5,Forsaken Baccai,VEN,Vendetta,common,Common,Unit,,Fury,2,2,,Shurima,"If you control fewer runes than an opponent at the start of your Beginning Phase, give me +1 :rb_might: this turn.","Riftbound Unit: Forsaken Baccai. If you control fewer runes than an opponent at the start of your Beginning Phase, give me +1 [S] this turn.",Kudos Productions,portrait,https://cmsassets.rgpub.io/sanity/images/dsfx7636/game_data_live/33d3e7840280e2780687057f08f30312a56d230f-744x1039.png?accountingTag=RB
ven-sp6-006,VEN-SP6/006,6,"Lux, Crownguard",VEN,Vendetta,epic,Epic,Unit,Champion,Order,4,2,,Lux,:rb_exhaust:: [Reaction] — [Add] :rb_energy_2:. Spend this Energy only to play spells.,"Riftbound Unit: Lux, Crownguard. [T]: [Reaction] — [Add] [2]. Spend this Energy only to play spells.",Envar Studio,portrait,https://cmsassets.rgpub.io/sanity/images/dsfx7636/game_data_live/b9778ec229e052268ea66213ca2dbf60612b2862-744x1039.png?accountingTag=RB
ven-006-166,VEN-006/166,6,Oasis Raider,VEN,Vendetta,common,Common,Unit,,Fury,4,4,,Shurima,"If you control fewer runes than an opponent at the start of your Beginning Phase, give me +2 :rb_might: and [Ganking] this turn. (I can move from battlefield to battlefield.)","Riftbound Unit: Oasis Raider. If you control fewer runes than an opponent at the start of your Beginning Phase, give me +2 [S] and [Ganking] this turn. (I can move from battlefield to battlefield.)",JiHun Lee,portrait,https://cmsassets.rgpub.io/sanity/images/dsfx7636/game_data_live/d44355b9b129054e63b6f2c8de30518fe87b6295-744x1039.png?accountingTag=RB
ven-r06,VEN-R06,6,Order Rune,VEN,Vendetta,common,Common,Rune,Basic,Order,,,,,[NO TEXT],Riftbound Rune: Order Rune. [NO TEXT],Greg Ghielmetti & Leah Chen,portrait,https://cmsassets.rgpub.io/sanity/images/dsfx7636/game_data_live/71e7d71ebadb81ccad7ca4cb8b3fb85d2f5fd4bf-744x1039.png?accountingTag=RB
ven-007-166,VEN-007/166,7,Punching Poro,VEN,Vendetta,common,Common,Unit,,Fury,2,2,,"Poro, Ionia","[Empower] — Discard 1 (Pay the cost: Empower me. Use only if not Empowered.)
[Empowered][>] I have +1 :rb_might:.","Riftbound Unit: Punching Poro. [Empower] — Discard 1 (Pay the cost: Empower me. Use only if not Empowered.)
[Empowered][>] I have +1 [S].",Six More Vodka,portrait,https://cmsassets.rgpub.io/sanity/images/dsfx7636/game_data_live/03b9a8e704e0f09b686d89d4c2d79f100f212b0f-744x1039.png?accountingTag=RB
ven-008-166,VEN-008/166,8,Ruthless Strike,VEN,Vendetta,common,Common,Spell,,Fury,3,,,,"[Action] (Play on your turn or in showdowns.)
As an additional cost to play this, you may discard 1.
Deal 3 to a unit at a battlefield. If you paid the additional cost, deal 5 to it instead.","Riftbound Spell: Ruthless Strike. [Action] (Play on your turn or in showdowns.)
As an additional cost to play this, you may discard 1.
Deal 3 to a unit at a battlefield. If you paid the additional cost, deal 5 to it instead.",Kudos Productions,portrait,https://cmsassets.rgpub.io/sanity/images/dsfx7636/game_data_live/90293ef9407950d171f5fdd040da289a0f6da487-744x1039.png?accountingTag=RB
ven-009-166,VEN-009/166,9,Baccai Reaper,VEN,Vendetta,uncommon,Uncommon,Unit,,Fury,3,4,1,Shurima,"When I attack, you may pay :rb_rune_fury: to give me [Assault 2] this turn. (+2 :rb_might: while I'm an attacker.)","Riftbound Unit: Baccai Reaper. When I attack, you may pay [C] to give me [Assault 2] this turn. (+2 [S] while I'm an attacker.)",Kudos Productions,portrait,https://cmsassets.rgpub.io/sanity/images/dsfx7636/game_data_live/14c473be38b3ec40503f44555db9a4168a45bfb4-744x1039.png?accountingTag=RB
ven-010-166,VEN-010/166,10,Consuming Curse,VEN,Vendetta,uncommon,Uncommon,Spell,,Fury,2,,,,"[Action] (Play on your turn or in showdowns.)
Deal 2 to a unit at a battlefield. This deals 1 Bonus Damage for each card with this name in your trash.","Riftbound Spell: Consuming Curse. [Action] (Play on your turn or in showdowns.)
Deal 2 to a unit at a battlefield. This deals 1 Bonus Damage for each card with this name in your trash.",Kudos Productions,portrait,https://cmsassets.rgpub.io/sanity/images/dsfx7636/game_data_live/4254a96c88275f09c2c41653d46702125bc24d9f-744x1039.png?accountingTag=RB
ven-011-166,VEN-011/166,11,Pendulum Blade,VEN,Vendetta,uncommon,Uncommon,Gear,,Fury,3,,,Equipment,[Equip] :rb_rune_fury: (:rb_rune_fury:: Attach this to a unit you control.),Riftbound Gear: Pendulum Blade. [Equip] [C] ([C]: Attach this to a unit you control.),Kudos Productions,portrait,https://cmsassets.rgpub.io/sanity/images/dsfx7636/game_data_live/857a5cee28f403454b1825dd112c07e9ac06b8a4-744x1039.png?accountingTag=RB
ven-012-166,VEN-012/166,12,Perfect Execution,VEN,Vendetta,uncommon,Uncommon,Spell,,Fury,3,,1,,"Ready a unit and give it [Assault 3] this turn. (+3 :rb_might: while it's an attacker.)
[Flow] :rb_energy_3::rb_rune_fury: (You may play this from your trash for its Flow cost. Then banish it.)","Riftbound Spell: Perfect Execution. Ready a unit and give it [Assault 3] this turn. (+3 [S] while it's an attacker.)
[Flow] [3][C] (You may play this from your trash for its Flow cost. Then banish it.)",莺之歌,portrait,https://cmsassets.rgpub.io/sanity/images/dsfx7636/game_data_live/cb13c46f8c3872678b87f68891d9f4a416ba8080-744x1039.png?accountingTag=RB
ven-013-166,VEN-013/166,13,Shadow Assassin,VEN,Vendetta,uncommon,Uncommon,Unit,,Fury,5,5,,Ionia,I enter ready if you have a card with my name in your trash.,Riftbound Unit: Shadow Assassin. I enter ready if you have a card with my name in your trash.,JiHun Lee,portrait,https://cmsassets.rgpub.io/sanity/images/dsfx7636/game_data_live/d5c1aed33b6aa109ff2baea8b3e0c146af750dcc-744x1039.png?accountingTag=RB
ven-014-166,VEN-014/166,14,Shadow Fiend,VEN,Vendetta,uncommon,Uncommon,Unit,,Fury,2,2,,Ionia,"[Empower] :rb_energy_2::rb_rune_fury: (:rb_energy_2::rb_rune_fury:: Empower me. Use only if not Empowered.)
[Empowered][>] I have [Assault 3]. (+3 :rb_might: while I'm an attacker.)","Riftbound Unit: Shadow Fiend. [Empower] [2][C] ([2][C]: Empower me. Use only if not Empowered.)
[Empowered][>] I have [Assault 3]. (+3 [S] while I'm an attacker.)",Six More Vodka,portrait,https://cmsassets.rgpub.io/sanity/images/dsfx7636/game_data_live/3bbeed15ac517c2e39c039e376553ce7e1c65f0c-744x1039.png?accountingTag=RB
ven-015-166,VEN-015/166,15,Decree of Rage,VEN,Vendetta,rare,Rare,Spell,,Fury,1,,1,,"[Action] (Play on your turn or in showdowns.)
This can't be countered.
Deal 4 to an enemy Calm (:rb_rune_calm:) unit.","Riftbound Spell: Decree of Rage. [Action] (Play on your turn or in showdowns.)
This can't be countered.
Deal 4 to an enemy Calm ([G]) unit.",Envar Studio,portrait,https://cmsassets.rgpub.io/sanity/images/dsfx7636/game_data_live/320d9f52a4f22fa3405bb9da82c4d02451d7c133-744x1039.png?accountingTag=RB
ven-016-166,VEN-016/166,16,Eclipse Dragon,VEN,Vendetta,rare,Rare,Unit,,Fury,8,8,,"Dragon, Mount Targon","[Accelerate] (You may pay :rb_energy_1::rb_rune_fury: as an additional cost to have me enter ready.)
When I move, if you control 4 or fewer runes, draw 1.","Riftbound Unit: Eclipse Dragon. [Accelerate] (You may pay [1][C] as an additional cost to have me enter ready.)
When I move, if you control 4 or fewer runes, draw 1.",Six More Vodka,portrait,https://cmsassets.rgpub.io/sanity/images/dsfx7636/game_data_live/6b7ea97973ced0e0631554ff07c726fe0a257a3c-744x1039.png?accountingTag=RB
ven-017-166,VEN-017/166,17,"Morgana, Vindictive",VEN,Vendetta,rare,Rare,Unit,Champion,Fury,5,5,1,"Demacia, Morgana","[Ambush] (You may play me as a [Reaction] to a battlefield where you have units.)
When you play me, deal damage to a unit equal to the damage marked on it.","Riftbound Unit: Morgana, Vindictive. [Ambush] (You may play me as a [Reaction] to a battlefield where you have units.)
When you play me, deal damage to a unit equal to the damage marked on it.",Envar Studio,portrait,https://cmsassets.rgpub.io/sanity/images/dsfx7636/game_data_live/04f3ff3a25b08c9af33090e7a533396583f5e433-744x1039.png?accountingTag=RB
ven-018-166,VEN-018/166,18,Rage Amplifier,VEN,Vendetta,rare,Rare,Gear,,Fury,4,,1,,"[Empower] :rb_energy_6::rb_rune_fury: (:rb_energy_6::rb_rune_fury:: Empower this. Use only if not Empowered.)
Your units have +1 :rb_might:. If I'm [Empowered], they have +2 :rb_might: instead.","Riftbound Gear: Rage Amplifier. [Empower] [6][C] ([6][C]: Empower this. Use only if not Empowered.)
Your units have +1 [S]. If I'm [Empowered], they have +2 [S] instead.",Kudos Productions,portrait,https://cmsassets.rgpub.io/sanity/images/dsfx7636/game_data_live/83a7cd497dd42f535f8f0adc72c3c4324f9aec14-744x1039.png?accountingTag=RB
ven-019a-166,VEN-019a/166,19,"Renekton, Rage Fueled",VEN,Vendetta,rare,Rare,Unit,Champion,Fury,6,6,,Renekton,"[Accelerate]
When I attack, if you control 4 or fewer runes, deal 2 to all enemy units here.","Riftbound Unit: Renekton, Rage Fueled. [Accelerate]
When I attack, if you control 4 or fewer runes, deal 2 to all enemy units here.",League Splash Team,portrait,https://cmsassets.rgpub.io/sanity/images/dsfx7636/game_data_live/cf5a7294a9ebd2d5a8727078efbfd2cf84f12e3e-744x1039.png?accountingTag=RB
ven-019-166,VEN-019/166,19,"Renekton, Rage Fueled",VEN,Vendetta,rare,Rare,Unit,Champion,Fury,6,6,,"Shurima, Renekton","[Accelerate] (You may pay :rb_energy_1::rb_rune_fury: as an additional cost to have me enter ready.)
When I attack, if you control 4 or fewer runes, deal 2 to all enemy units here.","Riftbound Unit: Renekton, Rage Fueled. [Accelerate] (You may pay [1][C] as an additional cost to have me enter ready.)
When I attack, if you control 4 or fewer runes, deal 2 to all enemy units here.",Six More Vodka,portrait,https://cmsassets.rgpub.io/sanity/images/dsfx7636/game_data_live/2f6eb3e8328048ad52617c8639ecbe2c287efa36-744x1039.png?accountingTag=RB
ven-020-166,VEN-020/166,20,Twilight Reveler,VEN,Vendetta,rare,Rare,Unit,,Fury,3,3,,Ionia,"When I attack, ready another friendly unit.","Riftbound Unit: Twilight Reveler. When I attack, ready another friendly unit.",Kudos Productions,portrait,https://cmsassets.rgpub.io/sanity/images/dsfx7636/game_data_live/c9b3acfc3f996d784d1b5f98ab87ba4d1c6136ce-744x1039.png?accountingTag=RB
ven-021a-166,VEN-021a/166,21,"Akali, Deadly Weapon",VEN,Vendetta,epic,Epic,Unit,Champion,Fury,3,3,,Akali,"[Empower] :rb_energy_2::rb_rune_fury:
When I move, you may deal 1 to a unit at a battlefield I moved to or from. If I'm [Empowered], deal 2 instead.
[Empowered][>] I have +1 :rb_might:..","Riftbound Unit: Akali, Deadly Weapon. [Empower] [2][C]
When I move, you may deal 1 to a unit at a battlefield I moved to or from. If I'm [Empowered], deal 2 instead.
[Empowered][>] I have +1 [S]..",Wild Rift Splash Team,portrait,https://cmsassets.rgpub.io/sanity/images/dsfx7636/game_data_live/92d8ad4bc4724da89f32348f290600f632f24e9e-744x1039.png?accountingTag=RB
ven-021-166,VEN-021/166,21,"Akali, Deadly Weapon",VEN,Vendetta,epic,Epic,Unit,Champion,Fury,3,3,,"Ionia, Akali","[Empower] :rb_energy_2::rb_rune_fury: (:rb_energy_2::rb_rune_fury:: Empower me. Use only if not Empowered.)
When I move, you may deal 1 to a unit at a battlefield I moved to or from. If I'm [Empowered], deal 2 instead.
[Empowered][>] I have +1 :rb_might:.","Riftbound Unit: Akali, Deadly Weapon. [Empower] [2][C] ([2][C]: Empower me. Use only if not Empowered.)
When I move, you may deal 1 to a unit at a battlefield I moved to or from. If I'm [Empowered], deal 2 instead.
[Empowered][>] I have +1 [S].",莺之歌,portrait,https://cmsassets.rgpub.io/sanity/images/dsfx7636/game_data_live/564e5f35ae39b6604290e83f39ffb61c2b2b9175-744x1039.png?accountingTag=RB
ven-022-166,VEN-022/166,22,Endless Riches,VEN,Vendetta,epic,Epic,Gear,,Fury,5,,1,,"When you play this, banish your hand and trash, then [Burn 7].
Skip your Draw Phase.
You may play cards from your trash.
If a card would go to your trash from anywhere other than your Main Deck, banish it instead.","Riftbound Gear: Endless Riches. When you play this, banish your hand and trash, then [Burn 7].
Skip your Draw Phase.
You may play cards from your trash.
If a card would go to your trash from anywhere other than your Main Deck, banish it instead.",Kudos Productions,portrait,https://cmsassets.rgpub.io/sanity/images/dsfx7636/game_data_live/e2c33bf55162086acd458775a5db3d976f137b61-744x1039.png?accountingTag=RB
ven-023-166,VEN-023/166,23,"Zed, From the Shadows",VEN,Vendetta,epic,Epic,Unit,Champion,Fury,4,4,1,"Ionia, Zed","You may discard 1 as an additional cost to play me.
When you play me, if you paid the additional cost, play a 0 :rb_might: Shadow Clone unit token. (It has ""When I attack, you may banish a unit from your trash. If you do, give me [Assault 4] this turn."")","Riftbound Unit: Zed, From the Shadows. You may discard 1 as an additional cost to play me.
When you play me, if you paid the additional cost, play a 0 [S] Shadow Clone unit token. (It has ""When I attack, you may banish a unit from your trash. If you do, give me [Assault 4] this turn."")",Six More Vodka,portrait,https://cmsassets.rgpub.io/sanity/images/dsfx7636/game_data_live/06793f17adbd827e468db40d644eb273a3932c7e-744x1039.png?accountingTag=RB
ven-023a-166,VEN-023a/166,23,"Zed, From the Shadows",VEN,Vendetta,epic,Epic,Unit,Champion,Fury,4,4,1,Zed,"You may discard 1 as an additional cost to play me.
When you play me, if you paid the additional cost, play a 0 :rb_might: Shadow Clone unit token.","Riftbound Unit: Zed, From the Shadows. You may discard 1 as an additional cost to play me.
When you play me, if you paid the additional cost, play a 0 [S] Shadow Clone unit token.",League Splash Team,portrait,https://cmsassets.rgpub.io/sanity/images/dsfx7636/game_data_live/dcf031bd69c4880c33d68f73dde8e391a6059be7-744x1039.png?accountingTag=RB
ven-024-166,VEN-024/166,24,Affectionate Poro,VEN,Vendetta,common,Common,Unit,,Calm,3,3,,"Poro, Noxus","When a combat that I was in ends, if I haven't been dealt damage this turn, draw 1.","Riftbound Unit: Affectionate Poro. When a combat that I was in ends, if I haven't been dealt damage this turn, draw 1.",Six More Vodka,portrait,https://cmsassets.rgpub.io/sanity/images/dsfx7636/game_data_live/aa5fdc995322af38f540629fcf695f1080a14afb-744x1039.png?accountingTag=RB
ven-025-166,VEN-025/166,25,Esteemed Hierophant,VEN,Vendetta,common,Common,Unit,,Calm,5,5,,Shurima,"While you control 7 or more runes, prevent all damage that enemy spells and abilities would deal to me.","Riftbound Unit: Esteemed Hierophant. While you control 7 or more runes, prevent all damage that enemy spells and abilities would deal to me.",Kudos Productions,portrait,https://cmsassets.rgpub.io/sanity/images/dsfx7636/game_data_live/b47621d2b8efcee4d17de40b16c61fa06e404a2a-744x1039.png?accountingTag=RB
ven-026-166,VEN-026/166,26,Field Musicians,VEN,Vendetta,common,Common,Unit,,Calm,4,3,,Ionia,"When you play me, give a unit +3 :rb_might: this turn.","Riftbound Unit: Field Musicians. When you play me, give a unit +3 [S] this turn.",Six More Vodka,portrait,https://cmsassets.rgpub.io/sanity/images/dsfx7636/game_data_live/e880946b6c99023d9fb1e9aa7d23a0c673b0f6ac-744x1039.png?accountingTag=RB
ven-027-166,VEN-027/166,27,Hand Hammer,VEN,Vendetta,common,Common,Gear,,Calm,2,,,Equipment,[Equip] :rb_rune_calm: (:rb_rune_calm:: Attach this to a unit you control.),Riftbound Gear: Hand Hammer. [Equip] [C] ([C]: Attach this to a unit you control.),Kudos Productions,portrait,https://cmsassets.rgpub.io/sanity/images/dsfx7636/game_data_live/524fedb9116db0eb62380c03e0853c342c53daeb-744x1039.png?accountingTag=RB
ven-028-166,VEN-028/166,28,Mournful Witness,VEN,Vendetta,common,Common,Unit,,Calm,2,2,,"Fae, Ionia","When a combat that I was in ends, empower me. (I become Empowered if I'm not already.)
[Empowered][>] I have +2 :rb_might:.","Riftbound Unit: Mournful Witness. When a combat that I was in ends, empower me. (I become Empowered if I'm not already.)
[Empowered][>] I have +2 [S].",Kudos Productions,portrait,https://cmsassets.rgpub.io/sanity/images/dsfx7636/game_data_live/2f31651fc37a3e8bc562d0a361c509c0998d82c8-744x1039.png?accountingTag=RB
ven-029-166,VEN-029/166,29,Ol' Poro,VEN,Vendetta,common,Common,Unit,,Calm,2,4,,"Poro, Bandle City","I can't be played on your first, second, or third turns.","Riftbound Unit: Ol' Poro. I can't be played on your first, second, or third turns.",Kudos Productions,portrait,https://cmsassets.rgpub.io/sanity/images/dsfx7636/game_data_live/267fdc483ff8c740779f23eb8f965105feb030cd-744x1039.png?accountingTag=RB
ven-030-166,VEN-030/166,30,Serene Ascetic,VEN,Vendetta,common,Common,Unit,,Calm,3,3,,Ionia,"[Empower] :rb_energy_3: (:rb_energy_3:: Empower me. Use only if not Empowered.)
[Empowered][>] I have [Deflect] and [Shield 3]. (Opponents must pay :rb_rune_rainbow: to choose me with a spell or ability.+3 :rb_might: while I'm a defender.)","Riftbound Unit: Serene Ascetic. [Empower] [3] ([3]: Empower me. Use only if not Empowered.)
[Empowered][>] I have [Deflect] and [Shield 3]. (Opponents must pay [A] to choose me with a spell or ability.+3 [S] while I'm a defender.)",Kudos Productions,portrait,https://cmsassets.rgpub.io/sanity/images/dsfx7636/game_data_live/7acc2f9fcdec5d2649e4a50dc3c96aeb31b87916-744x1039.png?accountingTag=RB
ven-031-166,VEN-031/166,31,Twilight Shroud,VEN,Vendetta,common,Common,Spell,,Calm,1,,,,"Give a friendly unit +1 :rb_might: this turn. It can't be chosen by enemy spells and abilities this turn.
[Flow] :rb_energy_2: (You may play this from your trash for its Flow cost. Then banish it.)","Riftbound Spell: Twilight Shroud. Give a friendly unit +1 [S] this turn. It can't be chosen by enemy spells and abilities this turn.
[Flow] [2] (You may play this from your trash for its Flow cost. Then banish it.)",小牛设计,portrait,https://cmsassets.rgpub.io/sanity/images/dsfx7636/game_data_live/0bd93298503d6b1b2f6faf7e97ab494e6e26db76-744x1039.png?accountingTag=RB
ven-032-166,VEN-032/166,32,Frostcoat Mother,VEN,Vendetta,uncommon,Uncommon,Unit,,Calm,3,3,,"Dog, Freljord","[Empower] :rb_energy_12:. This ability costs :rb_energy_1: less for each rune you control. (Pay the cost: Empower me. Use only if not Empowered.)
[Empowered][>] I have +3 :rb_might:.","Riftbound Unit: Frostcoat Mother. [Empower] [12]. This ability costs [1] less for each rune you control. (Pay the cost: Empower me. Use only if not Empowered.)
[Empowered][>] I have +3 [S].",Caravan Studio,portrait,https://cmsassets.rgpub.io/sanity/images/dsfx7636/game_data_live/38e2b4f12346a1af420f875c0a5f922c56c4140f-744x1039.png?accountingTag=RB
ven-033-166,VEN-033/166,33,Pakaa Protector,VEN,Vendetta,uncommon,Uncommon,Unit,,Calm,5,4,,"Cat, Shurima","When I move, reveal the top card of your Main Deck. If it's a unit, draw it. Otherwise, put it in your trash and give me +2 :rb_might: this turn.","Riftbound Unit: Pakaa Protector. When I move, reveal the top card of your Main Deck. If it's a unit, draw it. Otherwise, put it in your trash and give me +2 [S] this turn.",Bubble Cat Studio,portrait,https://cmsassets.rgpub.io/sanity/images/dsfx7636/game_data_live/ab3be32adadb72831c07750d8defc7918fd32d96-744x1039.png?accountingTag=RB
ven-034-166,VEN-034/166,34,Resonating Strike,VEN,Vendetta,uncommon,Uncommon,Spell,,Calm,2,,1,,"[Hidden] (Hide now for :rb_rune_rainbow: to react with later for :rb_energy_0:.)
[Reaction] (Play on your turn or in showdowns.)
Choose a battlefield you control and a unit you control at a different location. Move that unit to that battlefield and give it +2 :rb_might: this turn.","Riftbound Spell: Resonating Strike. [Hidden] (Hide now for [A] to react with later for [0].)
[Reaction] (Play on your turn or in showdowns.)
Choose a battlefield you control and a unit you control at a different location. Move that unit to that battlefield and give it +2 [S] this turn.",Kudos Productions,portrait,https://cmsassets.rgpub.io/sanity/images/dsfx7636/game_data_live/1a625de128019d65d41dd0af4f8d189d5de530a5-744x1039.png?accountingTag=RB
ven-035-166,VEN-035/166,35,Sanction,VEN,Vendetta,uncommon,Uncommon,Spell,,Calm,3,,1,,"[Reaction] (Play any time, even before spells and abilities resolve.)
Choose one —Empower a unit. Disempower it at end of turn.Disempower a unit that's [Empowered]. Empower it at end of turn.","Riftbound Spell: Sanction. [Reaction] (Play any time, even before spells and abilities resolve.)
Choose one —
- Empower a unit. Disempower it at end of turn.
- Disempower a unit that's [Empowered]. Empower it at end of turn.",Wild Blue Studios,portrait,https://cmsassets.rgpub.io/sanity/images/dsfx7636/game_data_live/daef24792dddefd0971b34d01bd60bc3b11adcca-744x1039.png?accountingTag=RB
ven-036-166,VEN-036/166,36,Sandstone Chimera,VEN,Vendetta,uncommon,Uncommon,Unit,,Calm,7,8,2,Shurima,"While I'm at a battlefield, players only channel 1 rune at the start of their Channel Phase.","Riftbound Unit: Sandstone Chimera. While I'm at a battlefield, players only channel 1 rune at the start of their Channel Phase.",Kudos Productions,portrait,https://cmsassets.rgpub.io/sanity/images/dsfx7636/game_data_live/7a483e91e2bbb81bc8f66697bd610427b080b45c-744x1039.png?accountingTag=RB
ven-037-166,VEN-037/166,37,Tomb-Raider Barbara,VEN,Vendetta,uncommon,Uncommon,Unit,,Calm,4,4,,Shurima,"When you play me, if you control 7 or more runes, choose an enemy gear. If it's [Empowered], disempower it. Otherwise, kill it.","Riftbound Unit: Tomb-Raider Barbara. When you play me, if you control 7 or more runes, choose an enemy gear. If it's [Empowered], disempower it. Otherwise, kill it.",Caravan Studio,portrait,https://cmsassets.rgpub.io/sanity/images/dsfx7636/game_data_live/31d0c16ecaa0bd8522d13d6dd5d940be8111f118-744x1039.png?accountingTag=RB
ven-038a-166,VEN-038a/166,38,"Akali, Silent",VEN,Vendetta,rare,Rare,Unit,Champion,Calm,4,4,1,Akali,"I can't be chosen by enemy spells and abilities unless I'm in combat.
When I move to a battlefield, give me +2 :rb_might: this turn.","Riftbound Unit: Akali, Silent. I can't be chosen by enemy spells and abilities unless I'm in combat.
When I move to a battlefield, give me +2 [S] this turn.",League Splash Team,portrait,https://cmsassets.rgpub.io/sanity/images/dsfx7636/game_data_live/6924311aab46a74aa2c54030c053427725860ea8-744x1039.png?accountingTag=RB
ven-038-166,VEN-038/166,38,"Akali, Silent",VEN,Vendetta,rare,Rare,Unit,Champion,Calm,4,4,1,"Ionia, Akali","I can't be chosen by enemy spells and abilities unless I'm in combat.
When I move to a battlefield, give me +2 :rb_might: this turn.","Riftbound Unit: Akali, Silent. I can't be chosen by enemy spells and abilities unless I'm in combat.
When I move to a battlefield, give me +2 [S] this turn.",League Splash Team,portrait,https://cmsassets.rgpub.io/sanity/images/dsfx7636/game_data_live/f1a4d73853194a3dde02c51b083d197af89d2bda-744x1039.png?accountingTag=RB
ven-039-166,VEN-039/166,39,Crumbling Sands,VEN,Vendetta,rare,Rare,Spell,,Calm,1,,1,,"[Reaction] (Play any time, even before spells and abilities resolve.)
Counter a spell if an opponent has played another spell this turn.","Riftbound Spell: Crumbling Sands. [Reaction] (Play any time, even before spells and abilities resolve.)
Counter a spell if an opponent has played another spell this turn.",Kudos Productions,portrait,https://cmsassets.rgpub.io/sanity/images/dsfx7636/game_data_live/0d7491bdb2e9d18f64a5b53a16623b26a7cac6a1-744x1039.png?accountingTag=RB
ven-040-166,VEN-040/166,40,Decree of Focus,VEN,Vendetta,rare,Rare,Spell,,Calm,1,,,,"[Reaction] (Play any time, even before spells and abilities resolve.)
Choose a friendly unit that's in combat with an enemy Fury (:rb_rune_fury:) unit or that's being chosen by an enemy Fury spell. Give it +4 :rb_might: this turn.","Riftbound Spell: Decree of Focus. [Reaction] (Play any time, even before spells and abilities resolve.)
Choose a friendly unit that's in combat with an enemy Fury ([R]) unit or that's being chosen by an enemy Fury spell. Give it +4 [S] this turn.",Envar Studio,portrait,https://cmsassets.rgpub.io/sanity/images/dsfx7636/game_data_live/3f9a1b209cfd6097bac6fa9aec57531e300ef511-744x1039.png?accountingTag=RB
ven-041-166,VEN-041/166,41,"Riven, Shattered",VEN,Vendetta,rare,Rare,Unit,Champion,Calm,3,3,1,"Noxus, Riven","[Weaponmaster] (When you play me, you may [Equip] one of your Equipment to me for :rb_rune_rainbow: less, even if it's already attached.)
When I attack, choose an enemy unit here. Deal 2 to it for each Equipment attached to me.","Riftbound Unit: Riven, Shattered. [Weaponmaster] (When you play me, you may [Equip] one of your Equipment to me for [A] less, even if it's already attached.)
When I attack, choose an enemy unit here. Deal 2 to it for each Equipment attached to me.",Envar Studio,portrait,https://cmsassets.rgpub.io/sanity/images/dsfx7636/game_data_live/8c16a53ee243e468f3c337de4354668665f3b386-744x1039.png?accountingTag=RB
ven-042-166,VEN-042/166,42,"Shen, Scourge of Shadows",VEN,Vendetta,rare,Rare,Unit,Champion,Calm,5,6,1,"Shen, Ionia","When I hold, if there is exactly one other unit you control here, draw 1.","Riftbound Unit: Shen, Scourge of Shadows. When I hold, if there is exactly one other unit you control here, draw 1.",Six More Vodka,portrait,https://cmsassets.rgpub.io/sanity/images/dsfx7636/game_data_live/bbe849918c7f4189379ae8957dd427a3f272a1a6-744x1039.png?accountingTag=RB
ven-042a-166,VEN-042a/166,42,"Shen, Scourge of Shadows",VEN,Vendetta,rare,Rare,Unit,Champion,Calm,5,6,1,Shen,"When I hold, if there is exactly one other unit you control here, draw 1.","Riftbound Unit: Shen, Scourge of Shadows. When I hold, if there is exactly one other unit you control here, draw 1.",League Splash Team,portrait,https://cmsassets.rgpub.io/sanity/images/dsfx7636/game_data_live/a4bac7b94b87fbb3227ecdccd9e2aa1231b655c8-744x1039.png?accountingTag=RB
ven-043-166,VEN-043/166,43,Steel Paws,VEN,Vendetta,rare,Rare,Unit,,Calm,1,0,,"Cat, Piltover","[Deflect] (Opponents must pay :rb_rune_rainbow: to choose me with a spell or ability.)
[Empower] :rb_energy_7: (:rb_energy_7:: Empower me. Use only if not Empowered.)
[Empowered][>] I have +7 :rb_might:.","Riftbound Unit: Steel Paws. [Deflect] (Opponents must pay [A] to choose me with a spell or ability.)
[Empower] [7] ([7]: Empower me. Use only if not Empowered.)
[Empowered][>] I have +7 [S].",Six More Vodka,portrait,https://cmsassets.rgpub.io/sanity/images/dsfx7636/game_data_live/79d9b6583ed8e7d5a1486f1c15b66b19fb7f69a5-744x1039.png?accountingTag=RB
ven-044-166,VEN-044/166,44,Astral Heron,VEN,Vendetta,epic,Epic,Unit,,Calm,7,7,,"Bird, Mount Targon","When you play your first card each turn, if I'm at a battlefield, your next card costs :rb_energy_2::rb_rune_rainbow::rb_rune_rainbow: less.","Riftbound Unit: Astral Heron. When you play your first card each turn, if I'm at a battlefield, your next card costs [2][A][A] less.",Kudos Productions,portrait,https://cmsassets.rgpub.io/sanity/images/dsfx7636/game_data_live/b1ce87efc9a1a7e2438c53e034a7f92caaa67ed6-744x1039.png?accountingTag=RB
ven-045-166,VEN-045/166,45,Helm of Suppression,VEN,Vendetta,epic,Epic,Gear,,Calm,4,,1,,"[Empower] :rb_energy_4::rb_rune_calm: (:rb_energy_4::rb_rune_calm:: Empower this. Use only if not Empowered.)
Opponents' spells cost :rb_energy_1: more. If this is [Empowered], they cost :rb_energy_1::rb_rune_rainbow: more instead.","Riftbound Gear: Helm of Suppression. [Empower] [4][C] ([4][C]: Empower this. Use only if not Empowered.)
Opponents' spells cost [1] more. If this is [Empowered], they cost [1][A] more instead.",Kudos Productions,portrait,https://cmsassets.rgpub.io/sanity/images/dsfx7636/game_data_live/ecfe67bbdc04f5c16a845ccc7a1b8d534195ca70-744x1039.png?accountingTag=RB
ven-046-166,VEN-046/166,46,"Nasus, Ascended",VEN,Vendetta,epic,Epic,Unit,Champion,Calm,8,8,1,"Dog, Shurima, Nasus","[Deflect 2] (Opponents must pay :rb_rune_rainbow::rb_rune_rainbow: to choose me with a spell or ability.)
[Empower] :rb_energy_8: (:rb_energy_8:: Empower me. Use only if not Empowered.)
[Empowered][>] When I conquer, you score 1 point.","Riftbound Unit: Nasus, Ascended. [Deflect 2] (Opponents must pay [A][A] to choose me with a spell or ability.)
[Empower] [8] ([8]: Empower me. Use only if not Empowered.)
[Empowered][>] When I conquer, you score 1 point.",Six More Vodka,portrait,https://cmsassets.rgpub.io/sanity/images/dsfx7636/game_data_live/4d9e9cc17be6aebf33ee1db42b515ad87ba8ee8c-744x1039.png?accountingTag=RB
ven-046a-166,VEN-046a/166,46,"Nasus, Ascended",VEN,Vendetta,epic,Epic,Unit,Champion,Calm,8,8,1,"Dog, Nasus","[Deflect 2]
[Empower] :rb_energy_8:
[Empowered][>] When I conquer, you score 1 point.","Riftbound Unit: Nasus, Ascended. [Deflect 2]
[Empower] [8]
[Empowered][>] When I conquer, you score 1 point.",League Splash Team,portrait,https://cmsassets.rgpub.io/sanity/images/dsfx7636/game_data_live/014103b536a1c5aa2397f0952323375ac9b73d60-744x1039.png?accountingTag=RB
ven-047-166,VEN-047/166,47,Apprentice Mage,VEN,Vendetta,common,Common,Unit,,Mind,3,3,,Bilgewater,"[Empower] :rb_energy_2: (:rb_energy_2:: Empower me. Use only if not Empowered.)
When I become [Empowered], [Predict 2]. (Look at the top 2 cards of your Main Deck. Recycle any of them and put the rest back in any order.)
[Empowered][>] I have +1 :rb_might:.","Riftbound Unit: Apprentice Mage. [Empower] [2] ([2]: Empower me. Use only if not Empowered.)
When I become [Empowered], [Predict 2]. (Look at the top 2 cards of your Main Deck. Recycle any of them and put the rest back in any order.)
[Empowered][>] I have +1 [S].",Envar Studio,portrait,https://cmsassets.rgpub.io/sanity/images/dsfx7636/game_data_live/6e650b9680864a949299cbe2ef7d06d1d22c7d18-744x1039.png?accountingTag=RB
ven-048-166,VEN-048/166,48,Cloud Drake,VEN,Vendetta,common,Common,Unit,,Mind,6,5,,"Dragon, Demacia","When you play me, draw 1.","Riftbound Unit: Cloud Drake. When you play me, draw 1.",Wild Blue Studios,portrait,https://cmsassets.rgpub.io/sanity/images/dsfx7636/game_data_live/cb0dbff1058e8c59fa041dd242aa9b43d92eae14-744x1039.png?accountingTag=RB
ven-049-166,VEN-049/166,49,Dredge Up,VEN,Vendetta,common,Common,Spell,,Mind,2,,,,"Draw 1.
[Flow] :rb_energy_2: (You may play this from your trash for its Flow cost. Then banish it.)","Riftbound Spell: Dredge Up. Draw 1.
[Flow] [2] (You may play this from your trash for its Flow cost. Then banish it.)",Kudos Productions,portrait,https://cmsassets.rgpub.io/sanity/images/dsfx7636/game_data_live/cf561c8a0f8debde66b66d3e74ce861d0ce388ae-744x1039.png?accountingTag=RB
ven-050-166,VEN-050/166,50,Grumpy Rockbear,VEN,Vendetta,common,Common,Unit,,Mind,4,4,,Shurima,"[Empower] :rb_energy_12:. This ability costs :rb_energy_1: less for each rune you control. (Pay the cost: Empower me. Use only if not Empowered.)
[Empowered][>] I have [Deflect] and [Shield 3]. (Opponents must pay :rb_rune_rainbow: to choose me with a spell or ability.+3 :rb_might: while I'm a defender.)","Riftbound Unit: Grumpy Rockbear. [Empower] [12]. This ability costs [1] less for each rune you control. (Pay the cost: Empower me. Use only if not Empowered.)
[Empowered][>] I have [Deflect] and [Shield 3]. (Opponents must pay [A] to choose me with a spell or ability.+3 [S] while I'm a defender.)",Dao Trong Le,portrait,https://cmsassets.rgpub.io/sanity/images/dsfx7636/game_data_live/2f7f3759c59746486a5f91b8452302fa59eddde6-744x1039.png?accountingTag=RB
ven-051-166,VEN-051/166,51,Iterative Design,VEN,Vendetta,common,Common,Spell,,Mind,4,,,,"Play a 3 :rb_might: Mech unit token.
[Flow] :rb_energy_2::rb_rune_mind: (You may play this from your trash for its Flow cost. Then banish it.)","Riftbound Spell: Iterative Design. Play a 3 [S] Mech unit token.
[Flow] [2][C] (You may play this from your trash for its Flow cost. Then banish it.)",Kudos Productions,portrait,https://cmsassets.rgpub.io/sanity/images/dsfx7636/game_data_live/8d85a05075f95b63832ed7aa15620041eacb49d3-744x1039.png?accountingTag=RB
ven-052-166,VEN-052/166,52,Mesmerize,VEN,Vendetta,common,Common,Spell,,Mind,1,,1,,"[Reaction] (Play any time, even before spells and abilities resolve.)
Choose one —Return a friendly unit to its owner's hand.Give an enemy unit -2 :rb_might: this turn.","Riftbound Spell: Mesmerize. [Reaction] (Play any time, even before spells and abilities resolve.)
Choose one —
- Return a friendly unit to its owner's hand.
- Give an enemy unit -2 [S] this turn.",小牛设计,portrait,https://cmsassets.rgpub.io/sanity/images/dsfx7636/game_data_live/854ceafc3f20c7e2d38c83170cb73232116f3d58-744x1039.png?accountingTag=RB
ven-053-166,VEN-053/166,53,Otterpus,VEN,Vendetta,uncommon,Uncommon,Unit,,Mind,2,2,,Bandle City,"If a player would score 1 point from conquering or holding during their first or second turn, they draw 1 instead.","Riftbound Unit: Otterpus. If a player would score 1 point from conquering or holding during their first or second turn, they draw 1 instead.",Kudos Productions,portrait,https://cmsassets.rgpub.io/sanity/images/dsfx7636/game_data_live/62f77b80a6d8f28a92c039595baf5943c4e055f0-744x1039.png?accountingTag=RB
ven-054-166,VEN-054/166,54,Questionable Tome,VEN,Vendetta,common,Common,Gear,,Mind,3,,,,"[Empower] —  :rb_exhaust: (Pay the cost: Empower me. Use only if not Empowered.)
Disempower this, :rb_energy_1:, :rb_exhaust:: Draw 1.","Riftbound Gear: Questionable Tome. [Empower] —  [T] (Pay the cost: Empower me. Use only if not Empowered.)
Disempower this, [1], [T]: Draw 1.",Kudos Productions,portrait,https://cmsassets.rgpub.io/sanity/images/dsfx7636/game_data_live/07bb606d7cbcb218496b78a4fef354abb99875dc-744x1039.png?accountingTag=RB
ven-055-166,VEN-055/166,55,Applied Researchers,VEN,Vendetta,uncommon,Uncommon,Unit,,Mind,4,4,,Shurima,"[Empower] :rb_energy_3: (:rb_energy_3:: Empower me. Use only if not Empowered.)
[Empowered][>] Your spells cost :rb_energy_1::rb_rune_rainbow: less, to a minimum of :rb_energy_1:.","Riftbound Unit: Applied Researchers. [Empower] [3] ([3]: Empower me. Use only if not Empowered.)
[Empowered][>] Your spells cost [1][A] less, to a minimum of [1].",Polar Engine Studio,portrait,https://cmsassets.rgpub.io/sanity/images/dsfx7636/game_data_live/67a5f67bad4d4201b14760206a34c838d7a1e4dc-744x1039.png?accountingTag=RB
ven-056-166,VEN-056/166,56,Clairvoyance,VEN,Vendetta,uncommon,Uncommon,Spell,,Mind,7,,,,"[Reaction] (Play any time, even before spells and abilities resolve.)
[Predict 5]. (Look at the top 5 cards of your Main Deck. Recycle any of them and put the rest back in any order.)
Draw 2.","Riftbound Spell: Clairvoyance. [Reaction] (Play any time, even before spells and abilities resolve.)
[Predict 5]. (Look at the top 5 cards of your Main Deck. Recycle any of them and put the rest back in any order.)
Draw 2.",Max Grecke,portrait,https://cmsassets.rgpub.io/sanity/images/dsfx7636/game_data_live/f43cb85d4939cc6ea1ed67b1c6526eef912cf9a6-744x1039.png?accountingTag=RB
ven-057-166,VEN-057/166,57,Covert Informant,VEN,Vendetta,uncommon,Uncommon,Unit,,Mind,3,4,1,Noxus,"[Empower] :rb_energy_3: (:rb_energy_3:: Empower me. Use only if not Empowered.)
[Empowered][>] When I move, draw 1.","Riftbound Unit: Covert Informant. [Empower] [3] ([3]: Empower me. Use only if not Empowered.)
[Empowered][>] When I move, draw 1.",Grafit Studio,portrait,https://cmsassets.rgpub.io/sanity/images/dsfx7636/game_data_live/ff33454bf980a5c884b63e524c6580408e9b94e3-744x1039.png?accountingTag=RB
ven-058-166,VEN-058/166,58,Patched Porobot,VEN,Vendetta,common,Common,Unit,,Mind,2,2,,"Mech, Poro, Piltover","(I enter exhausted.)
When you play me, if you control 3 or more other gear, draw 1.","Riftbound Unit, Gear: Patched Porobot. (I enter exhausted.)
When you play me, if you control 3 or more other gear, draw 1.",Six More Vodka,portrait,https://cmsassets.rgpub.io/sanity/images/dsfx7636/game_data_live/7667d7e0c902782c38221e9326d1bb98181ec17f-744x1039.png?accountingTag=RB
ven-059-166,VEN-059/166,59,Shock Blast,VEN,Vendetta,uncommon,Uncommon,Spell,,Mind,3,,1,,"[Action] (Play on your turn or in showdowns.)
This costs :rb_energy_2: less if you control something that's [Empowered].
Deal 4 to a unit at a battlefield.","Riftbound Spell: Shock Blast. [Action] (Play on your turn or in showdowns.)
This costs [2] less if you control something that's [Empowered].
Deal 4 to a unit at a battlefield.",Kudos Productions,portrait,https://cmsassets.rgpub.io/sanity/images/dsfx7636/game_data_live/a8b976725e4722dcbf327cde9f92625cb516150e-744x1039.png?accountingTag=RB
ven-060-166,VEN-060/166,60,Sky Cruiser,VEN,Vendetta,uncommon,Uncommon,Unit,,Mind,4,3,1,Piltover,"Discard a gear, :rb_energy_1:, :rb_exhaust:: Deal 4 to a unit at a battlefield.","Riftbound Unit: Sky Cruiser. Discard a gear, [1], [T]: Deal 4 to a unit at a battlefield.",Kudos Productions,portrait,https://cmsassets.rgpub.io/sanity/images/dsfx7636/game_data_live/4a99fbe995f6d5d71c1c46e1c38f64a9f9d7c3e9-744x1039.png?accountingTag=RB
ven-061-166,VEN-061/166,61,Decree of Insight,VEN,Vendetta,rare,Rare,Spell,,Mind,1,,,,"[Reaction] (Play any time, even before spells and abilities resolve.)
Ignore [Deflect] while paying this spell's cost.
Give an enemy Body (:rb_rune_body:) unit -5 :rb_might: this turn.","Riftbound Spell: Decree of Insight. [Reaction] (Play any time, even before spells and abilities resolve.)
Ignore [Deflect] while paying this spell's cost.
Give an enemy Body ([O]) unit -5 [S] this turn.",Envar Studio,portrait,https://cmsassets.rgpub.io/sanity/images/dsfx7636/game_data_live/da019355562b207814be6aec55bccf415bd416df-744x1039.png?accountingTag=RB
ven-062-166,VEN-062/166,62,Hextech Formula,VEN,Vendetta,rare,Rare,Gear,,Mind,2,,,,"This enters exhausted.
:rb_exhaust:: Empower another gear. (It becomes Empowered if it's not already.)","Riftbound Gear: Hextech Formula. This enters exhausted.
[T]: Empower another gear. (It becomes Empowered if it's not already.)",Kudos Productions,portrait,https://cmsassets.rgpub.io/sanity/images/dsfx7636/game_data_live/95f4ee0625dda4213847e6649465397be03c8bd1-744x1039.png?accountingTag=RB
ven-063-166,VEN-063/166,63,"Nasus, Guardian of Knowledge",VEN,Vendetta,rare,Rare,Unit,Champion,Mind,5,6,1,"Dog, Shurima, Nasus","Once each turn, when an enemy unit here dies, channel 1 rune exhausted.","Riftbound Unit: Nasus, Guardian of Knowledge. Once each turn, when an enemy unit here dies, channel 1 rune exhausted.",Six More Vodka,portrait,https://cmsassets.rgpub.io/sanity/images/dsfx7636/game_data_live/aa96dbb8b4d72db7e47a72ce652ad542f55bf31d-744x1039.png?accountingTag=RB
ven-063a-166,VEN-063a/166,63,"Nasus, Guardian of Knowledge",VEN,Vendetta,rare,Rare,Unit,Champion,Mind,5,6,1,"Dog, Nasus","Once each turn, when an enemy unit here dies, channel 1 rune exhausted.","Riftbound Unit: Nasus, Guardian of Knowledge. Once each turn, when an enemy unit here dies, channel 1 rune exhausted.",League Splash Team,portrait,https://cmsassets.rgpub.io/sanity/images/dsfx7636/game_data_live/c6bfe2146a52c3d8dd0230904435369ff29bac0e-744x1039.png?accountingTag=RB
ven-064-166,VEN-064/166,64,Plaza Guardian,VEN,Vendetta,rare,Rare,Unit,,Mind,10,8,,"Mech, Piltover","I cost :rb_energy_1: less for each gear you control.
[Deflect] (Opponents must pay :rb_rune_rainbow: to choose me with a spell or ability.)","Riftbound Unit: Plaza Guardian. I cost [1] less for each gear you control.
[Deflect] (Opponents must pay [A] to choose me with a spell or ability.)",Six More Vodka,portrait,https://cmsassets.rgpub.io/sanity/images/dsfx7636/game_data_live/3fc86ed4d23604dbb3c7de211eb6a9c36bd9176d-744x1039.png?accountingTag=RB
ven-065-166,VEN-065/166,65,"Swain, Visionary",VEN,Vendetta,rare,Rare,Unit,Champion,Mind,6,6,1,"Noxus, Swain, Demon","[Vision] (When you play me, look at the top card of your Main Deck. You may recycle it.)
When I conquer, if you've played a non-token unit, a non-token gear, and a spell this turn, you score 1 point.","Riftbound Unit: Swain, Visionary. [Vision] (When you play me, look at the top card of your Main Deck. You may recycle it.)
When I conquer, if you've played a non-token unit, a non-token gear, and a spell this turn, you score 1 point.",Six More Vodka,portrait,https://cmsassets.rgpub.io/sanity/images/dsfx7636/game_data_live/66d8ec4322d6734719451bb3e004b7d2ec71af87-744x1039.png?accountingTag=RB
ven-066-166,VEN-066/166,66,Temporal Breach,VEN,Vendetta,rare,Rare,Spell,,Mind,2,,1,,"[Hidden] (Hide now for :rb_rune_rainbow: to react with later for :rb_energy_0:.)
Banish a unit, then its owner plays it to the same location, ignoring its cost.","Riftbound Spell: Temporal Breach. [Hidden] (Hide now for [A] to react with later for [0].)
Banish a unit, then its owner plays it to the same location, ignoring its cost.",Kudos Productions,portrait,https://cmsassets.rgpub.io/sanity/images/dsfx7636/game_data_live/7c670dc3d997c52b90d67043989b53c67a72f4c4-744x1039.png?accountingTag=RB
ven-067-166,VEN-067/166,67,Bottled Constellation,VEN,Vendetta,epic,Epic,Gear,,Mind,10,,2,,"At the start of your Main Phase, you may kill 3 other friendly units and/or gear to score 1 point.","Riftbound Gear: Bottled Constellation. At the start of your Main Phase, you may kill 3 other friendly units and/or gear to score 1 point.",Kudos Productions,portrait,https://cmsassets.rgpub.io/sanity/images/dsfx7636/game_data_live/2068b7c202cab7f877c331a7bad0531d6a8f0d73-744x1039.png?accountingTag=RB
ven-068-166,VEN-068/166,68,"Jayce, Brilliant Inventor",VEN,Vendetta,epic,Epic,Unit,Champion,Mind,6,6,1,"Jayce, Piltover","When you play me or the first time you play a non-token gear each turn, you may ready something besides me that's exhausted.","Riftbound Unit: Jayce, Brilliant Inventor. When you play me or the first time you play a non-token gear each turn, you may ready something besides me that's exhausted.",Pandart Studio,portrait,https://cmsassets.rgpub.io/sanity/images/dsfx7636/game_data_live/123e949085a63fdb6e1590ff0e519cab5758688b-744x1039.png?accountingTag=RB
ven-068a-166,VEN-068a/166,68,"Jayce, Brilliant Inventor",VEN,Vendetta,epic,Epic,Unit,Champion,Mind,6,6,1,Jayce,"When you play me or the first time you play a non-token gear each turn, you may ready something besides me that's exhausted.","Riftbound Unit: Jayce, Brilliant Inventor. When you play me or the first time you play a non-token gear each turn, you may ready something besides me that's exhausted.",League Splash Team,portrait,https://cmsassets.rgpub.io/sanity/images/dsfx7636/game_data_live/77439053c7f0cb76ff470d7ecaa57871448b1faf-744x1039.png?accountingTag=RB
ven-069-166,VEN-069/166,69,"Mel, Newly Awakened",VEN,Vendetta,epic,Epic,Unit,Champion,Mind,4,4,1,"Noxus, Mel","When you play me, draw 1.
[Empower] :rb_energy_3: (:rb_energy_3:: Empower me. Use only if not Empowered.)
[Empowered][>] Your spells and abilities can't be countered. If a spell or ability you control would give -:rb_might: to a unit it chooses, it gives an additional -1 :rb_might:.","Riftbound Unit: Mel, Newly Awakened. When you play me, draw 1.
[Empower] [3] ([3]: Empower me. Use only if not Empowered.)
[Empowered][>] Your spells and abilities can't be countered. If a spell or ability you control would give -[S] to a unit it chooses, it gives an additional -1 [S].",Pandart Studio,portrait,https://cmsassets.rgpub.io/sanity/images/dsfx7636/game_data_live/7d794234d8efef9ad647046d1e2cd3736441899f-744x1039.png?accountingTag=RB
ven-069a-166,VEN-069a/166,69,"Mel, Newly Awakened",VEN,Vendetta,epic,Epic,Unit,Champion,Mind,4,4,1,Mel,"When you play me, draw 1.
[Empower] :rb_energy_3:
[Empowered][>] Your spells and abilities can't be countered. If a spell or ability you control would give -:rb_might: to a unit it chooses, it gives an additional -1 :rb_might:.","Riftbound Unit: Mel, Newly Awakened. When you play me, draw 1.
[Empower] [3]
[Empowered][>] Your spells and abilities can't be countered. If a spell or ability you control would give -[S] to a unit it chooses, it gives an additional -1 [S].",Envar Studio,portrait,https://cmsassets.rgpub.io/sanity/images/dsfx7636/game_data_live/2781dd135b5f42527df3bacee59ccee8684236fa-744x1039.png?accountingTag=RB
ven-070-166,VEN-070/166,70,Brutal Hunter,VEN,Vendetta,common,Common,Unit,,Body,3,4,1,Noxus,"[Empower] :rb_energy_3: (:rb_energy_3:: Empower me. Use only if not Empowered.)
[Empowered][>] I have +2 :rb_might: and [Ganking]. (I can move from battlefield to battlefield.)","Riftbound Unit: Brutal Hunter. [Empower] [3] ([3]: Empower me. Use only if not Empowered.)
[Empowered][>] I have +2 [S] and [Ganking]. (I can move from battlefield to battlefield.)",Six More Vodka,portrait,https://cmsassets.rgpub.io/sanity/images/dsfx7636/game_data_live/54122304a3bb1f989faf124cb74fd7d41b029681-744x1039.png?accountingTag=RB
ven-071-166,VEN-071/166,71,Fretful Feline,VEN,Vendetta,common,Common,Unit,,Body,6,5,,"Cat, Piltover","When I become ready, give me +2 :rb_might: this turn.","Riftbound Unit: Fretful Feline. When I become ready, give me +2 [S] this turn.",Six More Vodka,portrait,https://cmsassets.rgpub.io/sanity/images/dsfx7636/game_data_live/24370c9e33705b393c40f426e221ae851a65dd05-744x1039.png?accountingTag=RB
ven-072-166,VEN-072/166,72,Guttural Roar,VEN,Vendetta,common,Common,Spell,,Body,2,,,,"[Action] (Play on your turn or in showdowns.)
Give a unit +2 :rb_might: this turn. If it's [Empowered], give it +4 :rb_might: this turn instead.","Riftbound Spell: Guttural Roar. [Action] (Play on your turn or in showdowns.)
Give a unit +2 [S] this turn. If it's [Empowered], give it +4 [S] this turn instead.",Kudos Productions,portrait,https://cmsassets.rgpub.io/sanity/images/dsfx7636/game_data_live/891f0f85b039b16593865c74b90b0640a312e59b-744x1039.png?accountingTag=RB
ven-073-166,VEN-073/166,73,Jagged Cutlass,VEN,Vendetta,common,Common,Gear,,Body,3,,,Equipment,Equip :rb_rune_body: (:rb_rune_body:: Attach this to a unit you control.),Riftbound Gear: Jagged Cutlass. Equip [C] ([C]: Attach this to a unit you control.),Kudos Productions,portrait,https://cmsassets.rgpub.io/sanity/images/dsfx7636/game_data_live/22aae23e1ac1797beb50f3f735becfe65b51ee02-744x1039.png?accountingTag=RB
ven-074-166,VEN-074/166,74,Legion Marauder,VEN,Vendetta,common,Common,Unit,,Body,2,2,,"Trifarian, Noxus","[Empower] — :rb_energy_1: or :rb_rune_body: (Pay either cost: Empower me. Use only if not Empowered.)
[Empowered][>] I have +1 :rb_might:.","Riftbound Unit: Legion Marauder. [Empower] — [1] or [C] (Pay either cost: Empower me. Use only if not Empowered.)
[Empowered][>] I have +1 [S].",Six More Vodka,portrait,https://cmsassets.rgpub.io/sanity/images/dsfx7636/game_data_live/15ec9e813e58c9ba96f37e78f09faaaa184ecdad-744x1039.png?accountingTag=RB
ven-075-166,VEN-075/166,75,Platewyrm Egg,VEN,Vendetta,common,Common,Gear,,Body,3,,,,"This enters exhausted.
[Empower] — :rb_energy_1:, :rb_exhaust: (Pay the cost: Empower this. Use only if not Empowered.)
[Reaction][>] :rb_exhaust:: [Add] :rb_energy_1:. If this is [Empowered], [Add] :rb_energy_2: instead.","Riftbound Gear: Platewyrm Egg. This enters exhausted.
[Empower] — [1], [T] (Pay the cost: Empower this. Use only if not Empowered.)
[Reaction][>] [T]: [Add] [1]. If this is [Empowered], [Add] [2] instead.",Kudos Productions,portrait,https://cmsassets.rgpub.io/sanity/images/dsfx7636/game_data_live/f6a3940440a38e34fe306947d663018dd2df7ca8-744x1039.png?accountingTag=RB
ven-076-166,VEN-076/166,76,Repair Specialist,VEN,Vendetta,common,Common,Unit,,Body,3,3,,Zaun,I have [Assault] equal to the number of gear you control. (+1 :rb_might: while I'm an attacker for each instance of Assault.),Riftbound Unit: Repair Specialist. I have [Assault] equal to the number of gear you control. (+1 [S] while I'm an attacker for each instance of Assault.),Dao Trong Le,portrait,https://cmsassets.rgpub.io/sanity/images/dsfx7636/game_data_live/b1ef578e372e64afbce717384fb8a3b7fd841fc8-744x1039.png?accountingTag=RB
ven-077-166,VEN-077/166,77,Tools of Empire,VEN,Vendetta,common,Common,Gear,,Body,4,,,,"[Empower] :rb_energy_2: (:rb_energy_2:: Empower this. Use only if not Empowered.)
:rb_exhaust:: Give a unit +2 :rb_might: this turn. If this is [Empowered], give that unit +4 :rb_might: this turn instead.","Riftbound Gear: Tools of Empire. [Empower] [2] ([2]: Empower this. Use only if not Empowered.)
[T]: Give a unit +2 [S] this turn. If this is [Empowered], give that unit +4 [S] this turn instead.",Wild Blue Studios,portrait,https://cmsassets.rgpub.io/sanity/images/dsfx7636/game_data_live/c4f511ca650143e3f5267e272513e4dcf9cba04f-744x1039.png?accountingTag=RB
ven-078-166,VEN-078/166,78,Baccai Witherclaw,VEN,Vendetta,uncommon,Uncommon,Unit,,Body,4,4,,Shurima,"[Empower] :rb_energy_1::rb_rune_rainbow::rb_rune_rainbow: (:rb_energy_1::rb_rune_rainbow::rb_rune_rainbow:: Empower me. Use only if not Empowered.)
[Empowered][>] I have +2 :rb_might:.
[Empowered][>][>>][Deathknell][>] Channel 2 runes exhausted. (When I die while Empowered, get the effect.)","Riftbound Unit: Baccai Witherclaw. [Empower] [1][A][A] ([1][A][A]: Empower me. Use only if not Empowered.)
[Empowered][>] I have +2 [S].
[Empowered][>][>>][Deathknell][>] Channel 2 runes exhausted. (When I die while Empowered, get the effect.)",Will Gist,portrait,https://cmsassets.rgpub.io/sanity/images/dsfx7636/game_data_live/fa41ae964411e63643025f7d8914627849ff57a8-744x1039.png?accountingTag=RB
ven-079-166,VEN-079/166,79,Dame the Despoiler,VEN,Vendetta,uncommon,Uncommon,Unit,,Body,5,5,,Noxus,"[Empower] :rb_energy_5::rb_rune_body: (:rb_energy_5::rb_rune_body:: Empower me. Use only if not Empowered.)
[Empowered][>] When I attack or defend, choose a unit here. Increase my Might to its Might this turn, then give me +1 :rb_might: this turn.","Riftbound Unit: Dame the Despoiler. [Empower] [5][C] ([5][C]: Empower me. Use only if not Empowered.)
[Empowered][>] When I attack or defend, choose a unit here. Increase my Might to its Might this turn, then give me +1 [S] this turn.",Kudos Productions,portrait,https://cmsassets.rgpub.io/sanity/images/dsfx7636/game_data_live/7c45dc79e72efc8ddf8c5b20d83474e23dc66e5e-744x1039.png?accountingTag=RB
ven-080-166,VEN-080/166,80,Noxian Demolitionist,VEN,Vendetta,uncommon,Uncommon,Unit,,Body,2,1,,Noxus,"When I conquer, you may kill a gear with Energy cost no more than my Might.","Riftbound Unit: Noxian Demolitionist. When I conquer, you may kill a gear with Energy cost no more than my Might.",Dao Trong Le,portrait,https://cmsassets.rgpub.io/sanity/images/dsfx7636/game_data_live/a8c9a1b0eefc89106aa154ce3958c82d86e70940-744x1039.png?accountingTag=RB
ven-081-166,VEN-081/166,81,Onslaught,VEN,Vendetta,uncommon,Uncommon,Spell,,Body,4,,,,"Give a unit +6 :rb_might: this turn.
[Flow] :rb_energy_4: (You may play this from your trash for its Flow cost. Then banish it.)","Riftbound Spell: Onslaught. Give a unit +6 [S] this turn.
[Flow] [4] (You may play this from your trash for its Flow cost. Then banish it.)",Kudos Productions,portrait,https://cmsassets.rgpub.io/sanity/images/dsfx7636/game_data_live/6a1ef90c64e07b3f561e34c8d43ff5f64db925d8-744x1039.png?accountingTag=RB
ven-082-166,VEN-082/166,82,Profiteer,VEN,Vendetta,uncommon,Uncommon,Unit,,Body,4,4,,Shurima,"When you play me, you may disempower something you control to empower a legend, unit, or gear.","Riftbound Unit: Profiteer. When you play me, you may disempower something you control to empower a legend, unit, or gear.",Grafit Studio,portrait,https://cmsassets.rgpub.io/sanity/images/dsfx7636/game_data_live/27955854d3f04ed95e87152f066f99671af2f9f1-744x1039.png?accountingTag=RB
ven-083-166,VEN-083/166,83,Rampage,VEN,Vendetta,uncommon,Uncommon,Spell,,Body,3,,,,"As you play this, you may pay :rb_rune_body: as an additional cost.
Choose a friendly unit and an enemy unit. If you paid the additional cost, give the friendly unit +2 :rb_might: this turn. They deal damage equal to their Mights to each other.","Riftbound Spell: Rampage. As you play this, you may pay [C] as an additional cost.
Choose a friendly unit and an enemy unit. If you paid the additional cost, give the friendly unit +2 [S] this turn. They deal damage equal to their Mights to each other.",Kudos Productions,portrait,https://cmsassets.rgpub.io/sanity/images/dsfx7636/game_data_live/3c85ae2c6bd5b2644651564fad0f86ad19c5709a-744x1039.png?accountingTag=RB
ven-084-166,VEN-084/166,84,"Ambessa, The Wolf",VEN,Vendetta,rare,Rare,Unit,Champion,Body,4,4,,"Noxus, Ambessa","[Empower] :rb_energy_3::rb_rune_body: (:rb_energy_3::rb_rune_body:: Empower me. Use only if not Empowered.)
[Empowered][>] I have +3 :rb_might: and can't be dealt damage unless I'm in combat.","Riftbound Unit: Ambessa, The Wolf. [Empower] [3][C] ([3][C]: Empower me. Use only if not Empowered.)
[Empowered][>] I have +3 [S] and can't be dealt damage unless I'm in combat.",Pandart Studio,portrait,https://cmsassets.rgpub.io/sanity/images/dsfx7636/game_data_live/3907dc56d3a639e62f5222eaa0fd589c7a582da6-744x1039.png?accountingTag=RB
ven-084a-166,VEN-084a/166,84,"Ambessa, The Wolf",VEN,Vendetta,rare,Rare,Unit,Champion,Body,4,4,,Ambessa,"[Empower] :rb_energy_3::rb_rune_body:
[Empowered][>] I have +3 :rb_might: and can't be dealt damage unless I'm in combat.","Riftbound Unit: Ambessa, The Wolf. [Empower] [3][C]
[Empowered][>] I have +3 [S] and can't be dealt damage unless I'm in combat.",League Splash Team,portrait,https://cmsassets.rgpub.io/sanity/images/dsfx7636/game_data_live/df72c64b97738a217508ee8ee6e6297000607a97-744x1039.png?accountingTag=RB
ven-085-166,VEN-085/166,85,Decree of Strength,VEN,Vendetta,rare,Rare,Spell,,Body,1,,,,Choose an opponent. They reveal their hand and you choose a Mind (:rb_rune_mind:) card from it. They recycle that card.,Riftbound Spell: Decree of Strength. Choose an opponent. They reveal their hand and you choose a Mind ([B]) card from it. They recycle that card.,Envar Studio,portrait,https://cmsassets.rgpub.io/sanity/images/dsfx7636/game_data_live/12106889f9f76914421f38e8958a248462637a22-744x1039.png?accountingTag=RB
ven-086-166,VEN-086/166,86,"Gangplank, Naval",VEN,Vendetta,rare,Rare,Unit,Champion,Body,6,6,,"Bilgewater, Gangplank","[Empower] :rb_rune_body::rb_rune_body: (:rb_rune_body::rb_rune_body:: Empower me. Use only if not Empowered.)
[Empowered][>] If a spell or ability that chooses me would stun me, give me -:rb_might:, or return me to hand, give me +3 :rb_might: instead.","Riftbound Unit: Gangplank, Naval. [Empower] [C][C] ([C][C]: Empower me. Use only if not Empowered.)
[Empowered][>] If a spell or ability that chooses me would stun me, give me -[S], or return me to hand, give me +3 [S] instead.",Six More Vodka,portrait,https://cmsassets.rgpub.io/sanity/images/dsfx7636/game_data_live/f270a3ecc4850594513c45d145f2b855152e2cb7-744x1039.png?accountingTag=RB
ven-087-166,VEN-087/166,87,Hextech Disc,VEN,Vendetta,rare,Rare,Gear,,Body,4,,1,,"[Empower] — :rb_exhaust: (Pay the cost: Empower this. Use only if not Empowered.)
Disempower this, :rb_energy_1:, :rb_exhaust:: Play a 3 :rb_might: Mech unit token to your base.","Riftbound Gear: Hextech Disc. [Empower] — [T] (Pay the cost: Empower this. Use only if not Empowered.)
Disempower this, [1], [T]: Play a 3 [S] Mech unit token to your base.",Polar Engine Studio,portrait,https://cmsassets.rgpub.io/sanity/images/dsfx7636/game_data_live/36acfeb7da10f1254e962b7bacda3e6ea559fe53-744x1039.png?accountingTag=RB
ven-088-166,VEN-088/166,88,"Jayce, Hammer in Hand",VEN,Vendetta,rare,Rare,Unit,Champion,Body,4,5,1,"Jayce, Piltover","When I become ready, choose one to give me this turn —[Assault 2] (+2 :rb_might: while I'm an attacker.)[Deflect 2] (Opponents must pay :rb_rune_rainbow::rb_rune_rainbow: to choose me with a spell or ability.)[Ganking] (I can move from battlefield to battlefield.)","Riftbound Unit: Jayce, Hammer in Hand. When I become ready, choose one to give me this turn —
- [Assault 2] (+2 [S] while I'm an attacker.)
- [Deflect 2] (Opponents must pay [A][A] to choose me with a spell or ability.)
- [Ganking] (I can move from battlefield to battlefield.)",League of Legends,portrait,https://cmsassets.rgpub.io/sanity/images/dsfx7636/game_data_live/2dcecc0aab2b62e48388177cc27d220fd70b8a78-744x1039.png?accountingTag=RB
ven-088a-166,VEN-088a/166,88,"Jayce, Hammer in Hand",VEN,Vendetta,rare,Rare,Unit,Champion,Body,4,5,1,Jayce,"When I become ready, choose one to give me this turn —[Assault 2][Deflect 2][Ganking]","Riftbound Unit: Jayce, Hammer in Hand. When I become ready, choose one to give me this turn —
- [Assault 2]
- [Deflect 2]
- [Ganking]",League Splash Team,portrait,https://cmsassets.rgpub.io/sanity/images/dsfx7636/game_data_live/69539dc4cfa14f1cfe9dc8b49c67344eca176a32-744x1039.png?accountingTag=RB
ven-089-166,VEN-089/166,89,Wild Claw,VEN,Vendetta,rare,Rare,Spell,,Body,7,,1,,"Look at the top 5 cards of your Main Deck. You may banish a unit or gear from among them and play it, reducing its Energy cost by :rb_energy_5:. Recycle the rest. Then you may do this: Empower it. (It becomes Empowered if it's not already.)","Riftbound Spell: Wild Claw. Look at the top 5 cards of your Main Deck. You may banish a unit or gear from among them and play it, reducing its Energy cost by [5]. Recycle the rest. Then you may do this: Empower it. (It becomes Empowered if it's not already.)",Kudos Productions,portrait,https://cmsassets.rgpub.io/sanity/images/dsfx7636/game_data_live/a58871b08a51efb8ce33f399fe4d168fd25b596a-744x1039.png?accountingTag=RB
ven-090-166,VEN-090/166,90,Cataclysmic Duel,VEN,Vendetta,epic,Epic,Spell,,Body,8,,3,,Each player chooses a unit they control. Kill the rest.,Riftbound Spell: Cataclysmic Duel. Each player chooses a unit they control. Kill the rest.,Kudos Productions,portrait,https://cmsassets.rgpub.io/sanity/images/dsfx7636/game_data_live/1fb5fcd8ca8be36b5aba234040b7428aab682576-744x1039.png?accountingTag=RB
ven-091-166,VEN-091/166,91,Corrupted Dragon,VEN,Vendetta,epic,Epic,Unit,,Body,10,10,2,"Dragon, Shadow Isles","If your score is not within 3 points of the Victory Score, I enter ready.
When I attack, you may move any number of enemy units here each with 5 :rb_might: or less to their base.","Riftbound Unit: Corrupted Dragon. If your score is not within 3 points of the Victory Score, I enter ready.
When I attack, you may move any number of enemy units here each with 5 [S] or less to their base.",Envar Studio,portrait,https://cmsassets.rgpub.io/sanity/images/dsfx7636/game_data_live/6000c549047967e619d47bdbd2f265e5bb8b5b19-744x1039.png?accountingTag=RB
ven-092-166,VEN-092/166,92,"Renekton, Brute",VEN,Vendetta,epic,Epic,Unit,Champion,Body,5,4,,"Shurima, Renekton",":rb_energy_1:: Give me +1 :rb_might: this turn.
When my Might becomes 10 or more, empower me. (I become Empowered if I'm not already.)
[Empowered][>] I have [Deflect] and [Ganking]. (Opponents must pay :rb_rune_rainbow: to choose me with a spell or ability. I can move from battlefield to battlefield.)","Riftbound Unit: Renekton, Brute. [1]: Give me +1 [S] this turn.
When my Might becomes 10 or more, empower me. (I become Empowered if I'm not already.)
[Empowered][>] I have [Deflect] and [Ganking]. (Opponents must pay [A] to choose me with a spell or ability. I can move from battlefield to battlefield.)",Six More Vodka,portrait,https://cmsassets.rgpub.io/sanity/images/dsfx7636/game_data_live/0b4340e30e46f1784b31b9a110903825b7428a94-744x1039.png?accountingTag=RB
ven-092a-166,VEN-092a/166,92,"Renekton, Brute",VEN,Vendetta,epic,Epic,Unit,Champion,Body,5,4,,Renekton,":rb_energy_1:: Give me +1 :rb_might: this turn.
When my Might becomes 10 or more, empower me.
[Empowered][>] I have [Deflect] and [Ganking].","Riftbound Unit: Renekton, Brute. [1]: Give me +1 [S] this turn.
When my Might becomes 10 or more, empower me.
[Empowered][>] I have [Deflect] and [Ganking].",League Splash Team,portrait,https://cmsassets.rgpub.io/sanity/images/dsfx7636/game_data_live/ba4078d7df5cd5f661aa0c606794036338b64864-744x1039.png?accountingTag=RB
ven-093-166,VEN-093/166,93,Kinkou Lifeblade,VEN,Vendetta,common,Common,Unit,,Chaos,4,4,,Ionia,"[Empower] :rb_energy_2: (:rb_energy_2:: Empower me. Use only if not Empowered.)
[Empowered][>] I have +1 :rb_might: and [Ganking]. (I can move from battlefield to battlefield.)","Riftbound Unit: Kinkou Lifeblade. [Empower] [2] ([2]: Empower me. Use only if not Empowered.)
[Empowered][>] I have +1 [S] and [Ganking]. (I can move from battlefield to battlefield.)",Six More Vodka,portrait,https://cmsassets.rgpub.io/sanity/images/dsfx7636/game_data_live/18e925b4291231a2045e60d062bd174950316c1d-744x1039.png?accountingTag=RB
ven-094-166,VEN-094/166,94,Mask Mother,VEN,Vendetta,uncommon,Uncommon,Unit,,Chaos,3,3,,"Spirit, Shadow Isles","When you discard me, you may pay :rb_energy_1: to give a friendly unit +2 :rb_might: this turn.","Riftbound Unit: Mask Mother. When you discard me, you may pay [1] to give a friendly unit +2 [S] this turn.",Wild Blue Studios,portrait,https://cmsassets.rgpub.io/sanity/images/dsfx7636/game_data_live/21cf578371a75f6e2661d44f4d7389d8732c133e-744x1039.png?accountingTag=RB
ven-095-166,VEN-095/166,95,Shadow Order Disciple,VEN,Vendetta,common,Common,Unit,,Chaos,2,2,,Ionia,"When I move, you may [Burn 1] to give me +1 :rb_might: this turn. (To Burn 1, put the top card of your Main Deck into your trash.)","Riftbound Unit: Shadow Order Disciple. When I move, you may [Burn 1] to give me +1 [S] this turn. (To Burn 1, put the top card of your Main Deck into your trash.)",Kudos Productions,portrait,https://cmsassets.rgpub.io/sanity/images/dsfx7636/game_data_live/f85fb8b46a29360f9850826df11202ff8221fec8-744x1039.png?accountingTag=RB
ven-096-166,VEN-096/166,96,Shadowblade Lurker,VEN,Vendetta,common,Common,Unit,,Chaos,5,5,,Ionia,I cost :rb_energy_2: less for each card with my name in your trash.,Riftbound Unit: Shadowblade Lurker. I cost [2] less for each card with my name in your trash.,Six More Vodka,portrait,https://cmsassets.rgpub.io/sanity/images/dsfx7636/game_data_live/f42e9286c968db8cd37fb2911617b8c78de7d516-744x1040.png?accountingTag=RB
ven-097-166,VEN-097/166,97,Spiderling,VEN,Vendetta,common,Common,Unit,,Chaos,3,1,,"Shadow Isles, Spider","[Hidden] (Hide now for :rb_rune_rainbow: to react with later for :rb_energy_0:.)
I have +1 :rb_might: for each other unit you control here with my name.
Your deck can have any number of cards named Spiderling.","Riftbound Unit: Spiderling. [Hidden] (Hide now for [A] to react with later for [0].)
I have +1 [S] for each other unit you control here with my name.
Your deck can have any number of cards named Spiderling.",Six More Vodka,portrait,https://cmsassets.rgpub.io/sanity/images/dsfx7636/game_data_live/fadf12e6e52eb5c70c65b479438f999f49d825fc-744x1039.png?accountingTag=RB
ven-098-166,VEN-098/166,98,Stargazer,VEN,Vendetta,common,Common,Unit,,Chaos,5,4,,Mount Targon,"Spells with [Flow] you play from your trash cost :rb_energy_2: less, to a minimum of :rb_energy_1:.","Riftbound Unit: Stargazer. Spells with [Flow] you play from your trash cost [2] less, to a minimum of [1].",Six More Vodka,portrait,https://cmsassets.rgpub.io/sanity/images/dsfx7636/game_data_live/72ef8764cb3909940f0ca4bd8b31cdceed241af0-744x1039.png?accountingTag=RB
ven-099-166,VEN-099/166,99,Tornado Warrior,VEN,Vendetta,common,Common,Unit,,Chaos,3,3,,"Yordle, Bandle City","[Hidden] (Hide now for :rb_rune_rainbow: to react with later for :rb_energy_0:.)
When you play me from face down, you may empower something here. Disempower it at end of turn.","Riftbound Unit: Tornado Warrior. [Hidden] (Hide now for [A] to react with later for [0].)
When you play me from face down, you may empower something here. Disempower it at end of turn.",Kudos Productions,portrait,https://cmsassets.rgpub.io/sanity/images/dsfx7636/game_data_live/f9b2ffecc997670713bffd3168e5578b5fb7a014-744x1039.png?accountingTag=RB
ven-100-166,VEN-100/166,100,Up from the Deep,VEN,Vendetta,common,Common,Spell,,Chaos,3,,,,"Play two 1 :rb_might: Tentacle unit tokens from Bilgewater.
[Flow] :rb_energy_3: (You may play this from your trash for its Flow cost. Then banish it.)","Riftbound Spell: Up from the Deep. Play two 1 [S] Tentacle unit tokens from Bilgewater.
[Flow] [3] (You may play this from your trash for its Flow cost. Then banish it.)",Kudos Productions,portrait,https://cmsassets.rgpub.io/sanity/images/dsfx7636/game_data_live/245942e8b2bf073d5d6d57074474ec273557f4df-744x1039.png?accountingTag=RB
ven-101-166,VEN-101/166,101,Gust Monk,VEN,Vendetta,uncommon,Uncommon,Unit,,Chaos,2,2,,"Yordle, Bandle City","You may pay :rb_energy_1: as an additional cost to play me.
When you play me, if you paid the additional cost, banish a card from any trash to give a unit [Assault 2] this turn. (+2 :rb_might: while it's an attacker.)","Riftbound Unit: Gust Monk. You may pay [1] as an additional cost to play me.
When you play me, if you paid the additional cost, banish a card from any trash to give a unit [Assault 2] this turn. (+2 [S] while it's an attacker.)",Kudos Productions,portrait,https://cmsassets.rgpub.io/sanity/images/dsfx7636/game_data_live/93a194c0c1f055c0b3bc3c0717cbe488749fed92-744x1039.png?accountingTag=RB
ven-102-166,VEN-102/166,102,Ravenbloom Prefect,VEN,Vendetta,common,Common,Unit,,Chaos,3,3,,Noxus,"When an opponent plays a gear, you may banish me to banish it.","Riftbound Unit: Ravenbloom Prefect. When an opponent plays a gear, you may banish me to banish it.",Polar Engine Studio,portrait,https://cmsassets.rgpub.io/sanity/images/dsfx7636/game_data_live/57ecb26880ea084ea16b785c9a563ff298ee6a42-744x1039.png?accountingTag=RB
ven-103-166,VEN-103/166,103,Shadows of the Past,VEN,Vendetta,uncommon,Uncommon,Spell,,Chaos,3,,1,,Return up to 2 units from trashes to their owners' hands.,Riftbound Spell: Shadows of the Past. Return up to 2 units from trashes to their owners' hands.,Kudos Productions,portrait,https://cmsassets.rgpub.io/sanity/images/dsfx7636/game_data_live/25e2130938a893833fcb8e29287adbd230c3b67f-744x1039.png?accountingTag=RB
ven-104-166,VEN-104/166,104,Tail-Cloaked Matriarch,VEN,Vendetta,uncommon,Uncommon,Unit,,Chaos,4,4,,Ionia,"[Empower] :rb_energy_2::rb_rune_chaos: (:rb_energy_2::rb_rune_chaos:: Empower me. Use only if not Empowered.)
When I become [Empowered], you may choose a unit in your trash with Energy cost no more than :rb_energy_3: and Power cost no more than :rb_rune_rainbow:. Play it to your base, ignoring its cost.","Riftbound Unit: Tail-Cloaked Matriarch. [Empower] [2][C] ([2][C]: Empower me. Use only if not Empowered.)
When I become [Empowered], you may choose a unit in your trash with Energy cost no more than [3] and Power cost no more than [A]. Play it to your base, ignoring its cost.",Six More Vodka,portrait,https://cmsassets.rgpub.io/sanity/images/dsfx7636/game_data_live/91a04e2131245c81c2eac486e63925592b0e253a-744x1039.png?accountingTag=RB
ven-105-166,VEN-105/166,105,Twilight Step,VEN,Vendetta,uncommon,Uncommon,Spell,,Chaos,2,,1,,"Move a unit with 3 :rb_might: or less.
[Flow] :rb_energy_4::rb_rune_chaos: (You may play this from your trash for its Flow cost. Then banish it.)","Riftbound Spell: Twilight Step. Move a unit with 3 [S] or less.
[Flow] [4][C] (You may play this from your trash for its Flow cost. Then banish it.)",Kudos Productions,portrait,https://cmsassets.rgpub.io/sanity/images/dsfx7636/game_data_live/1c5c10009a9fb2605df5db1ff12647a47ac07d98-744x1039.png?accountingTag=RB
ven-106-166,VEN-106/166,106,Wind and Ghosts,VEN,Vendetta,uncommon,Uncommon,Spell,,Chaos,3,,1,,"[Action] (Play on your turn or in showdowns.)
Choose a unit at a battlefield. If it has 3 :rb_might: or less, banish it. Otherwise, return it to its owner's hand.","Riftbound Spell: Wind and Ghosts. [Action] (Play on your turn or in showdowns.)
Choose a unit at a battlefield. If it has 3 [S] or less, banish it. Otherwise, return it to its owner's hand.",Kudos Productions,portrait,https://cmsassets.rgpub.io/sanity/images/dsfx7636/game_data_live/ef118660422af84f6183d375b68ce1872acb1e2e-744x1039.png?accountingTag=RB
ven-107-166,VEN-107/166,107,Decree of Discord,VEN,Vendetta,rare,Rare,Spell,,Chaos,1,,1,,Return any number of enemy Order (:rb_rune_order:) units with total Might 5 or less to their owners' hands.,Riftbound Spell: Decree of Discord. Return any number of enemy Order ([Y]) units with total Might 5 or less to their owners' hands.,Envar Studio,portrait,https://cmsassets.rgpub.io/sanity/images/dsfx7636/game_data_live/b0e82842acddb99c47af6793dab48164caf498c2-744x1039.png?accountingTag=RB
ven-108-166,VEN-108/166,108,Forgotten Relic,VEN,Vendetta,rare,Rare,Gear,,Chaos,5,,,,"When you play this or at the start of your Beginning Phase, [Burn 1]. When you burn a unit this way, do this: Give a friendly unit +:rb_might: equal to the burned card's Might this turn. (To Burn 1, put the top card of your Main Deck into your trash.)","Riftbound Gear: Forgotten Relic. When you play this or at the start of your Beginning Phase, [Burn 1]. When you burn a unit this way, do this: Give a friendly unit +[S] equal to the burned card's Might this turn. (To Burn 1, put the top card of your Main Deck into your trash.)",Wild Blue Studios,portrait,https://cmsassets.rgpub.io/sanity/images/dsfx7636/game_data_live/e249b3c2a7f652dfb7549604f600792df11835b4-744x1039.png?accountingTag=RB
ven-109-166,VEN-109/166,109,"Illaoi, Prophet of the Great Kraken",VEN,Vendetta,rare,Rare,Unit,Champion,Chaos,6,4,,"Bilgewater, Illaoi","When you play me or when I score, play a :rb_energy_1: :rb_might: Tentacle unit token from Bilgewater.
I have +1 :rb_might: for each token unit you control.","Riftbound Unit: Illaoi, Prophet of the Great Kraken. When you play me or when I score, play a [1] [S] Tentacle unit token from Bilgewater.
I have +1 [S] for each token unit you control.",Michal Ivan,portrait,https://cmsassets.rgpub.io/sanity/images/dsfx7636/game_data_live/86fccf469e67fb89312e0c860842e2801a8b12e7-744x1039.png?accountingTag=RB
ven-110a-166,VEN-110a/166,110,"Mel, Defiant Soul",VEN,Vendetta,rare,Rare,Unit,Champion,Chaos,5,4,,Mel,"[Empower] — Discard a spell
When I become [Empowered], banish an enemy unit at a battlefield with 3 :rb_might: or less.","Riftbound Unit: Mel, Defiant Soul. [Empower] — Discard a spell
When I become [Empowered], banish an enemy unit at a battlefield with 3 [S] or less.",League Splash Team,portrait,https://cmsassets.rgpub.io/sanity/images/dsfx7636/game_data_live/0495d07746d71cdd1aeae8f7fd5a0b78da0817fb-744x1039.png?accountingTag=RB
ven-110-166,VEN-110/166,110,"Mel, Defiant Soul",VEN,Vendetta,rare,Rare,Unit,Champion,Chaos,5,4,,"Noxus, Mel","[Empower] — Discard a spell (Pay the cost: Empower me. Use only if not Empowered.)
When I become [Empowered], banish an enemy unit at a battlefield with 3 :rb_might: or less.","Riftbound Unit: Mel, Defiant Soul. [Empower] — Discard a spell (Pay the cost: Empower me. Use only if not Empowered.)
When I become [Empowered], banish an enemy unit at a battlefield with 3 [S] or less.",Pandart Studio,portrait,https://cmsassets.rgpub.io/sanity/images/dsfx7636/game_data_live/214567717b4f0156ff06c923e1603234cb52db61-744x1039.png?accountingTag=RB
ven-111-166,VEN-111/166,111,Minah Swiftfoot,VEN,Vendetta,rare,Rare,Unit,,Chaos,6,6,1,Ionia,"When I move to a battlefield, choose one —Each player discards 1.Each player draws 1.","Riftbound Unit: Minah Swiftfoot. When I move to a battlefield, choose one —
- Each player discards 1.
- Each player draws 1.",Six More Vodka,portrait,https://cmsassets.rgpub.io/sanity/images/dsfx7636/game_data_live/30b6e4a44bcadaa53168bd4ac043fbf2136f5eb3-744x1039.png?accountingTag=RB
ven-112a-166,VEN-112a/166,112,"Zed, Without a Sound",VEN,Vendetta,rare,Rare,Unit,Champion,Chaos,5,5,,Zed,"When I conquer, play a 0 :rb_might: Shadow Clone unit token to your base.
[Action][>] :rb_energy_1::rb_rune_chaos:: Move me and a Shadow Clone you control to each other's locations.","Riftbound Unit: Zed, Without a Sound. When I conquer, play a 0 [S] Shadow Clone unit token to your base.
[Action][>] [1][C]: Move me and a Shadow Clone you control to each other's locations.",League Splash Team,portrait,https://cmsassets.rgpub.io/sanity/images/dsfx7636/game_data_live/a9828930a4b5ab7aa98d8199f00e1fde59fd20e3-744x1039.png?accountingTag=RB
ven-112-166,VEN-112/166,112,"Zed, Without a Sound",VEN,Vendetta,rare,Rare,Unit,Champion,Chaos,5,5,,"Ionia, Zed","When I conquer, play a 0 :rb_might: Shadow Clone unit token to your base. (It has ""When I attack, you may banish a unit from your trash. If you do, give me [Assault 4] this turn."")
[Action][>] :rb_energy_1::rb_rune_chaos:: Move me and a Shadow Clone you control to each other's locations.","Riftbound Unit: Zed, Without a Sound. When I conquer, play a 0 [S] Shadow Clone unit token to your base. (It has ""When I attack, you may banish a unit from your trash. If you do, give me [Assault 4] this turn."")
[Action][>] [1][C]: Move me and a Shadow Clone you control to each other's locations.",Six More Vodka,portrait,https://cmsassets.rgpub.io/sanity/images/dsfx7636/game_data_live/be97ca6a33e25b85a04ec1b3a163b31f141776cf-744x1039.png?accountingTag=RB
ven-113a-166,VEN-113a/166,113,"Kennen, Storm of Shuriken",VEN,Vendetta,epic,Epic,Unit,Champion,Chaos,3,4,1,"Yordle, Ionia, Kennen","When you play me, [Burn 2].
When I conquer, give a spell in your trash [Flow] equal to its cost this turn.","Riftbound Unit: Kennen, Storm of Shuriken. When you play me, [Burn 2].
When I conquer, give a spell in your trash [Flow] equal to its cost this turn.",Wild Rift Splash Team,portrait,https://cmsassets.rgpub.io/sanity/images/dsfx7636/game_data_live/000c73937c370cd3572facc9b313b4eb2d26eee8-744x1039.png?accountingTag=RB
ven-113-166,VEN-113/166,113,"Kennen, Storm of Shuriken",VEN,Vendetta,epic,Epic,Unit,Champion,Chaos,3,4,1,"Yordle, Kennen","When you play me, [Burn 2]. (Put the top 2 cards of your Main Deck into your trash.)
When I conquer, give a spell in your trash [Flow] equal to its cost this turn. (You may play it from your trash for its Flow cost. Then banish it.)","Riftbound Unit: Kennen, Storm of Shuriken. When you play me, [Burn 2]. (Put the top 2 cards of your Main Deck into your trash.)
When I conquer, give a spell in your trash [Flow] equal to its cost this turn. (You may play it from your trash for its Flow cost. Then banish it.)",Six More Vodka,portrait,https://cmsassets.rgpub.io/sanity/images/dsfx7636/game_data_live/2f27c99f3df2940940dddd65105e5e42bbeeab3d-744x1039.png?accountingTag=RB
ven-114-166,VEN-114/166,114,Kharox,VEN,Vendetta,epic,Epic,Unit,,Chaos,6,5,,"Spirit, Shadow Isles","[Empower] :rb_energy_6::rb_rune_chaos::rb_rune_chaos: (:rb_energy_6::rb_rune_chaos::rb_rune_chaos:: Empower me. Use only if not Empowered.)
When I become [Empowered], choose an opponent. They [Burn 3]. Then you may do this: Choose a unit in their trash and play it, ignoring its cost. (To Burn 3, they put the top 3 cards of their Main Deck into their trash.)","Riftbound Unit: Kharox. [Empower] [6][C][C] ([6][C][C]: Empower me. Use only if not Empowered.)
When I become [Empowered], choose an opponent. They [Burn 3]. Then you may do this: Choose a unit in their trash and play it, ignoring its cost. (To Burn 3, they put the top 3 cards of their Main Deck into their trash.)",Six More Vodka,portrait,https://cmsassets.rgpub.io/sanity/images/dsfx7636/game_data_live/2453848e7069e994498c828d72c33df6905f38e5-744x1039.png?accountingTag=RB
ven-115-166,VEN-115/166,115,Ocean Drake,VEN,Vendetta,epic,Epic,Unit,,Chaos,8,7,2,"Dragon, Ionia","You may play me to an open battlefield.
When you play me, you may return a non-Dragon unit to its owner's hand.","Riftbound Unit: Ocean Drake. You may play me to an open battlefield.
When you play me, you may return a non-Dragon unit to its owner's hand.",Caravan Studio,portrait,https://cmsassets.rgpub.io/sanity/images/dsfx7636/game_data_live/bd93cc3c9165204cd3e830fc2022384bad7517be-744x1039.png?accountingTag=RB
ven-116-166,VEN-116/166,116,Dragon Form,VEN,Vendetta,uncommon,Uncommon,Spell,,Order,3,,,,"Choose a unit. Its base Might becomes 5 this turn.
[Flow] :rb_energy_3: (You may play this from your trash for its Flow cost. Then banish it.)","Riftbound Spell: Dragon Form. Choose a unit. Its base Might becomes 5 this turn.
[Flow] [3] (You may play this from your trash for its Flow cost. Then banish it.)",Kudos Productions,portrait,https://cmsassets.rgpub.io/sanity/images/dsfx7636/game_data_live/ded9b54d93d7c3ade8a1d65c8ac66a13d1246329-744x1039.png?accountingTag=RB
ven-117-166,VEN-117/166,117,Disciple of Shen,VEN,Vendetta,common,Common,Unit,,Order,2,1,,Ionia,"[Hidden] (Hide now for :rb_rune_rainbow: to react with later for :rb_energy_0:.)
I have [Shield 3] while I'm at a battlefield with exactly one other unit you control. (+3 :rb_might: while I'm a defender.)","Riftbound Unit: Disciple of Shen. [Hidden] (Hide now for [A] to react with later for [0].)
I have [Shield 3] while I'm at a battlefield with exactly one other unit you control. (+3 [S] while I'm a defender.)",Six More Vodka,portrait,https://cmsassets.rgpub.io/sanity/images/dsfx7636/game_data_live/de5b6316d65297e67a97d12d7c70974f7d3ce7d6-744x1039.png?accountingTag=RB
ven-118-166,VEN-118/166,118,Horns of the Dragon,VEN,Vendetta,common,Common,Unit,,Order,6,6,,Ionia,[Tank] (I must be assigned combat damage first.),Riftbound Unit: Horns of the Dragon. [Tank] (I must be assigned combat damage first.),JiHun Lee,portrait,https://cmsassets.rgpub.io/sanity/images/dsfx7636/game_data_live/a7b3cb9f4175e71bc8fb60e69c55a0ea3f26fe8f-744x1039.png?accountingTag=RB
ven-119-166,VEN-119/166,119,Keeper of Law,VEN,Vendetta,common,Common,Unit,,Order,5,5,1,Shurima,I cost :rb_energy_2::rb_rune_order: less if you control a battlefield with exactly two units there.,Riftbound Unit: Keeper of Law. I cost [2][C] less if you control a battlefield with exactly two units there.,Envar Studio,portrait,https://cmsassets.rgpub.io/sanity/images/dsfx7636/game_data_live/42b965736c715293da57ec23472684506f49ba7f-744x1039.png?accountingTag=RB
ven-120-166,VEN-120/166,120,"Masa, Crashing Thunder",VEN,Vendetta,common,Common,Unit,,Order,4,4,,"Yordle, Bandle City","You may pay :rb_rune_order: as an additional cost to play me.
When you play me, if you paid the additional cost, [Stun] an enemy unit at a battlefield. (It doesn't deal combat damage this turn.)","Riftbound Unit: Masa, Crashing Thunder. You may pay [C] as an additional cost to play me. 
When you play me, if you paid the additional cost, [Stun] an enemy unit at a battlefield. (It doesn't deal combat damage this turn.)",Kudos Productions,portrait,https://cmsassets.rgpub.io/sanity/images/dsfx7636/game_data_live/c02046374935d38a8e4bb28a8192dfc46e2596a0-744x1039.png?accountingTag=RB
ven-121-166,VEN-121/166,121,Reluctant Leader,VEN,Vendetta,common,Common,Unit,,Order,4,3,1,Ionia,"When you play another unit, give me +2 :rb_might: this turn.","Riftbound Unit: Reluctant Leader. When you play another unit, give me +2 [S] this turn.",Six More Vodka,portrait,https://cmsassets.rgpub.io/sanity/images/dsfx7636/game_data_live/d70352ba57ae548c405614ec6ba2bb17d7a19a44-744x1039.png?accountingTag=RB
ven-122-166,VEN-122/166,122,Solari Sunhawk,VEN,Vendetta,common,Common,Unit,,Order,3,3,,"Bird, Mount Targon","[Empower] :rb_energy_2: (:rb_energy_2:: Empower me. Use only if not Empowered.)
[Empowered][>] I have +1 :rb_might: and [Deflect 2]. (Opponents must pay :rb_rune_rainbow::rb_rune_rainbow: to choose me with a spell or ability.)","Riftbound Unit: Solari Sunhawk. [Empower] [2] ([2]: Empower me. Use only if not Empowered.)
[Empowered][>] I have +1 [S] and [Deflect 2]. (Opponents must pay [A][A] to choose me with a spell or ability.)",Kudos Productions,portrait,https://cmsassets.rgpub.io/sanity/images/dsfx7636/game_data_live/1aaf389ca46bd9122233aadcfd23fee8f9cdfdc9-744x1039.png?accountingTag=RB
ven-123-166,VEN-123/166,123,Soulspinner,VEN,Vendetta,common,Common,Unit,,Order,3,3,,"Shadow Isles, Spider",[Ambush] (You may play me as a [Reaction] to a battlefield where you have units.),Riftbound Unit: Soulspinner. [Ambush] (You may play me as a [Reaction] to a battlefield where you have units.),Wild Blue Studios,portrait,https://cmsassets.rgpub.io/sanity/images/dsfx7636/game_data_live/9a23a1f2c83751c2a715049be32c2482ea10454d-744x1039.png?accountingTag=RB
ven-124-166,VEN-124/166,124,Escaped Grayback,VEN,Vendetta,uncommon,Uncommon,Unit,,Order,3,3,,Noxus,"[Empower] — Kill a friendly unit (Pay the cost: Empower me. Use only if not Empowered.)
[Empowered][>] I have +2 :rb_might:.","Riftbound Unit: Escaped Grayback. [Empower] — Kill a friendly unit (Pay the cost: Empower me. Use only if not Empowered.)
[Empowered][>] I have +2 [S].",Michal Ivan,portrait,https://cmsassets.rgpub.io/sanity/images/dsfx7636/game_data_live/253d782f8f6d4056eebecf9617e6858fdb2e712d-744x1039.png?accountingTag=RB
ven-125-166,VEN-125/166,125,Hungry Wolf,VEN,Vendetta,uncommon,Uncommon,Unit,,Order,4,4,,"Dog, Freljord",:rb_rune_order:: Ready me and give me +1 :rb_might: this turn. Use only if you've chosen an enemy unit this turn and only once each turn.,Riftbound Unit: Hungry Wolf. [C]: Ready me and give me +1 [S] this turn. Use only if you've chosen an enemy unit this turn and only once each turn.,Six More Vodka,portrait,https://cmsassets.rgpub.io/sanity/images/dsfx7636/game_data_live/464b4e2edfd526a3b72a80ab05bc9630b7057c22-744x1039.png?accountingTag=RB
ven-126-166,VEN-126/166,126,Ki Barrier,VEN,Vendetta,uncommon,Uncommon,Spell,,Order,2,,1,,"[Reaction] (Play any time, even before spells and abilities resolve.)
Choose a unit. Prevent the next 7 damage that would be dealt to it this turn. (Opponents can assign it extra combat damage to kill it.)","Riftbound Spell: Ki Barrier. [Reaction] (Play any time, even before spells and abilities resolve.)
Choose a unit. Prevent the next 7 damage that would be dealt to it this turn. (Opponents can assign it extra combat damage to kill it.)",Kudos Productions,portrait,https://cmsassets.rgpub.io/sanity/images/dsfx7636/game_data_live/10fa1b5646489adb8ae70ff41a63ff856d8f20d1-744x1039.png?accountingTag=RB
ven-127-166,VEN-127/166,127,Lacerate,VEN,Vendetta,common,Common,Spell,,Order,2,,1,,"Choose a unit. If it's [Empowered], disempower it. Then kill it if it has 3 :rb_might: or less.
[Flow] :rb_energy_4::rb_rune_order::rb_rune_order: (You may play this from your trash for its Flow cost. Then banish it.)","Riftbound Spell: Lacerate. Choose a unit. If it's [Empowered], disempower it. Then kill it if it has 3 [S] or less.
[Flow] [4][C][C] (You may play this from your trash for its Flow cost. Then banish it.)",Polar Engine Studio,portrait,https://cmsassets.rgpub.io/sanity/images/dsfx7636/game_data_live/f21bbd09545d949f095756281e5506128eb4809d-744x1039.png?accountingTag=RB
ven-128-166,VEN-128/166,128,Noxian Emissary,VEN,Vendetta,uncommon,Uncommon,Unit,,Order,2,2,,Noxus,"[Empower] :rb_energy_1::rb_rune_order: (:rb_energy_1::rb_rune_order:: Empower me. Use only if not Empowered.)
[Empowered][>][>>][Deathknell][>] Play two 1 :rb_might: Recruit unit tokens to your base. (When I die while Empowered, get the effect.)","Riftbound Unit: Noxian Emissary. [Empower] [1][C] ([1][C]: Empower me. Use only if not Empowered.)
[Empowered][>][>>][Deathknell][>] Play two 1 [S] Recruit unit tokens to your base. (When I die while Empowered, get the effect.)",Six More Vodka,portrait,https://cmsassets.rgpub.io/sanity/images/dsfx7636/game_data_live/0720c25776670ef32dcc504b14378890991798be-744x1039.png?accountingTag=RB
ven-129-166,VEN-129/166,129,Sacred Protector,VEN,Vendetta,uncommon,Uncommon,Unit,,Order,4,6,1,"Fae, Ionia",I don't deal combat damage unless I'm at a battlefield with exactly one other unit you control.,Riftbound Unit: Sacred Protector. I don't deal combat damage unless I'm at a battlefield with exactly one other unit you control.,Kudos Productions,portrait,https://cmsassets.rgpub.io/sanity/images/dsfx7636/game_data_live/a93887af1128d19cdec798611ffdd29900ac5d85-744x1039.png?accountingTag=RB
ven-130-166,VEN-130/166,130,Aurok General,VEN,Vendetta,rare,Rare,Unit,,Order,5,5,,"Trifarian, Noxus","[Empower] :rb_energy_3::rb_rune_order: (:rb_energy_3::rb_rune_order:: Empower me. Use only if not Empowered.)
[Empowered][>] Your units that are [Empowered] have +2 :rb_might: (including me).","Riftbound Unit: Aurok General. [Empower] [3][C] ([3][C]: Empower me. Use only if not Empowered.)
[Empowered][>] Your units that are [Empowered] have +2 [S] (including me).",Slawomir Maniak,portrait,https://cmsassets.rgpub.io/sanity/images/dsfx7636/game_data_live/2324531e93383ce0d7efbe67cbf7ee226127dea2-744x1039.png?accountingTag=RB
ven-131-166,VEN-131/166,131,Decree of Unity,VEN,Vendetta,rare,Rare,Spell,,Order,2,,1,,Kill an enemy Chaos (:rb_rune_chaos:) unit or gear.,Riftbound Spell: Decree of Unity. Kill an enemy Chaos ([P]) unit or gear.,Envar Studio,portrait,https://cmsassets.rgpub.io/sanity/images/dsfx7636/game_data_live/220161ac48f1307e4d74c372d549fea18829a86b-744x1039.png?accountingTag=RB
ven-132-166,VEN-132/166,132,Fallen Feline,VEN,Vendetta,rare,Rare,Unit,,Order,2,3,1,"Cat, Piltover","When you play me, name a spell.
While I'm at a battlefield, opponents can't play spells with that name.","Riftbound Unit: Fallen Feline. When you play me, name a spell.
While I'm at a battlefield, opponents can't play spells with that name.",Dao Trong Le,portrait,https://cmsassets.rgpub.io/sanity/images/dsfx7636/game_data_live/e5d46c6d56dc14670b5e25547eeb1ee3ceca5a80-744x1039.png?accountingTag=RB
ven-133-166,VEN-133/166,133,Glowstone,VEN,Vendetta,rare,Rare,Gear,,Order,2,,,,"[Empower] :rb_rune_rainbow::rb_rune_rainbow: (:rb_rune_rainbow::rb_rune_rainbow:: Empower me. Use only if not Empowered.)
Disempower this, :rb_exhaust:: Choose a player. They gain control of this and recall it. (Send it to their base.)
At the end of your turn, kill this and deal 5 to all units you control.","Riftbound Gear: Glowstone. [Empower] [A][A] ([A][A]: Empower me. Use only if not Empowered.)
Disempower this, [T]: Choose a player. They gain control of this and recall it. (Send it to their base.)
At the end of your turn, kill this and deal 5 to all units you control.",Kudos Productions,portrait,https://cmsassets.rgpub.io/sanity/images/dsfx7636/game_data_live/6426e9c2b168f0dde5430d5bc57108a0cc2bcebb-744x1039.png?accountingTag=RB
ven-134-166,VEN-134/166,134,"Kayle, Justified",VEN,Vendetta,rare,Rare,Unit,Champion,Order,3,3,,"Mount Targon, Kayle","[Empower] :rb_energy_3: (:rb_energy_3:: Empower me.)
I can be [Empowered] up to three times.
I have +2 :rb_might: for each time I'm [Empowered].
While I'm [Empowered] three times, I have [Deflect 3] and [Ganking].","Riftbound Unit: Kayle, Justified. [Empower] [3] ([3]: Empower me.)
I can be [Empowered] up to three times.
I have +2 [S] for each time I'm [Empowered].
While I'm [Empowered] three times, I have [Deflect 3] and [Ganking].",Michal Ivan,portrait,https://cmsassets.rgpub.io/sanity/images/dsfx7636/game_data_live/8ae883f96bb3a5e20d8002ec49cace430aaf2b88-744x1039.png?accountingTag=RB
ven-135a-166,VEN-135a/166,135,"Kennen, Keeper of Balance",VEN,Vendetta,rare,Rare,Unit,Champion,Order,3,2,,"Yordle, Kennen","[Hidden]
When you play me or I attack, you may pay :rb_energy_2: to [Stun] a unit.
While there's a stunned enemy unit here, I have +2 :rb_might:.","Riftbound Unit: Kennen, Keeper of Balance. [Hidden]
When you play me or I attack, you may pay [2] to [Stun] a unit.
While there's a stunned enemy unit here, I have +2 [S].",League Splash Team,portrait,https://cmsassets.rgpub.io/sanity/images/dsfx7636/game_data_live/1d55c475f395c2b1bac63844208687bb9b3232b2-744x1039.png?accountingTag=RB
ven-135-166,VEN-135/166,135,"Kennen, Keeper of Balance",VEN,Vendetta,rare,Rare,Unit,Champion,Order,3,2,,"Yordle, Ionia, Kennen","[Hidden] (Hide now for :rb_rune_rainbow: to react with later for :rb_energy_0:.)
When you play me or I attack, you may pay :rb_energy_2: to [Stun] a unit. (It doesn't deal combat damage this turn.)
While there's a stunned enemy unit here, I have +2 :rb_might:.","Riftbound Unit: Kennen, Keeper of Balance. [Hidden] (Hide now for [A] to react with later for [0].)
When you play me or I attack, you may pay [2] to [Stun] a unit. (It doesn't deal combat damage this turn.)
While there's a stunned enemy unit here, I have +2 [S].",Six More Vodka,portrait,https://cmsassets.rgpub.io/sanity/images/dsfx7636/game_data_live/446ff54c091b07627f826952f45ee40e9976d040-744x1039.png?accountingTag=RB
ven-136a-166,VEN-136a/166,136,"Ambessa, Respected and Feared",VEN,Vendetta,epic,Epic,Unit,Champion,Order,5,5,,Ambessa,"[Empower] :rb_energy_1::rb_rune_order::rb_rune_order:
[Empowered][>] I have [Assault 2].
[Empowered][>] When I attack, kill an enemy unit here with less Might than me.","Riftbound Unit: Ambessa, Respected and Feared. [Empower] [1][C][C]
[Empowered][>] I have [Assault 2].
[Empowered][>] When I attack, kill an enemy unit here with less Might than me.",League Splash Team,portrait,https://cmsassets.rgpub.io/sanity/images/dsfx7636/game_data_live/02a1cfcd6663687d28b98a2de3ba666231c4eeee-744x1039.png?accountingTag=RB
ven-136-166,VEN-136/166,136,"Ambessa, Respected and Feared",VEN,Vendetta,epic,Epic,Unit,Champion,Order,5,5,,"Noxus, Ambessa","[Empower] :rb_energy_1::rb_rune_order::rb_rune_order: (:rb_energy_1::rb_rune_order::rb_rune_order:: Empower me. Use only if not Empowered.)
[Empowered][>] I have [Assault 2]. (+2 :rb_might: while I'm an attacker.)
[Empowered][>] When I attack, kill an enemy unit here with less Might than me.","Riftbound Unit: Ambessa, Respected and Feared. [Empower] [1][C][C] ([1][C][C]: Empower me. Use only if not Empowered.)
[Empowered][>] I have [Assault 2]. (+2 [S] while I'm an attacker.)
[Empowered][>] When I attack, kill an enemy unit here with less Might than me.",Pandart Studio,portrait,https://cmsassets.rgpub.io/sanity/images/dsfx7636/game_data_live/687c273217cd94067be9625a7f85b61d108a6293-744x1039.png?accountingTag=RB
ven-137-166,VEN-137/166,137,Shady Spectacles,VEN,Vendetta,epic,Epic,Gear,,Order,4,,,Equipment,"[Equip] :rb_energy_1::rb_rune_order: (:rb_energy_1::rb_rune_order:: Attach this to a unit you control.)
As this is attached to a unit, choose another friendly unit. The equipped unit becomes a copy of that unit for as long as this is attached to it.","Riftbound Gear: Shady Spectacles. [Equip] [1][C] ([1][C]: Attach this to a unit you control.)
As this is attached to a unit, choose another friendly unit. The equipped unit becomes a copy of that unit for as long as this is attached to it.",Polar Engine Studio,portrait,https://cmsassets.rgpub.io/sanity/images/dsfx7636/game_data_live/e49461109a4116c22af9206719f53fb73aee36d0-744x1039.png?accountingTag=RB
ven-138a-166,VEN-138a/166,138,"Shen, Leader of the Kinkou Order",VEN,Vendetta,epic,Epic,Unit,Champion,Order,6,7,2,"Shen, Ionia","[Shield]
When I hold, if there is exactly one other unit you control here, you score 1 point.","Riftbound Unit: Shen, Leader of the Kinkou Order. [Shield]
When I hold, if there is exactly one other unit you control here, you score 1 point.",League Splash Team,portrait,https://cmsassets.rgpub.io/sanity/images/dsfx7636/game_data_live/bf3f260e47de2887ba16fbc02e9df7f02e57a24a-744x1039.png?accountingTag=RB
ven-138-166,VEN-138/166,138,"Shen, Leader of the Kinkou Order",VEN,Vendetta,epic,Epic,Unit,Champion,Order,6,7,2,"Shen, Ionia","[Shield] (+1 :rb_might: while I'm a defender.)
When I hold, if there is exactly one other unit you control here, you score 1 point.","Riftbound Unit: Shen, Leader of the Kinkou Order. [Shield] (+1 [S] while I'm a defender.)
When I hold, if there is exactly one other unit you control here, you score 1 point.",Pandart Studio,portrait,https://cmsassets.rgpub.io/sanity/images/dsfx7636/game_data_live/b227d9f9abc6f165beffba4eaf3b5819cf06eab4-744x1039.png?accountingTag=RB
ven-139-166,VEN-139/166,139,Rogue Assassin,VEN,Vendetta,rare,Rare,Legend,,"Fury, Calm",,,,Akali,"[Empower] :rb_energy_3::rb_rune_rainbow: (:rb_energy_3::rb_rune_rainbow:: Empower this. Use only if not Empowered.)
[Action][>] :rb_exhaust:: If it's your turn, move a friendly unit in a showdown to base and if I'm [Empowered], ready it.","Riftbound Legend: Rogue Assassin. [Empower] [3][A] ([3][A]: Empower this. Use only if not Empowered.)
[Action][>] [T]: If it's your turn, move a friendly unit in a showdown to base and if I'm [Empowered], ready it.",Envar Studio,portrait,https://cmsassets.rgpub.io/sanity/images/dsfx7636/game_data_live/0d53b477ed43fb9bbed84858443a606b2b51a2b5-744x1039.png?accountingTag=RB
ven-140-166,VEN-140/166,140,Shuriken Flip,VEN,Vendetta,epic,Epic,Spell,Signature,"Fury, Calm",1,,1,Akali,"Deal 2 to up to one enemy unit at a battlefield, then move a friendly unit.
[Flow] :rb_energy_3::rb_rune_rainbow: (You may play this from your trash for its Flow cost. Then banish it.)","Riftbound Spell: Shuriken Flip. Deal 2 to up to one enemy unit at a battlefield, then move a friendly unit.
[Flow] [3][A] (You may play this from your trash for its Flow cost. Then banish it.)",莺之歌,portrait,https://cmsassets.rgpub.io/sanity/images/dsfx7636/game_data_live/bac1ecff92d022e99a3696ad00d020530a1a09e7-744x1039.png?accountingTag=RB
ven-141-166,VEN-141/166,141,Butcher of the Sands,VEN,Vendetta,rare,Rare,Legend,,"Fury, Body",,,,Renekton,"[Reaction][>] :rb_rune_rainbow::rb_rune_rainbow:, :rb_exhaust:: [Add] :rb_energy_2:. Spend this Energy only to play units or activated abilities of units.","Riftbound Legend: Butcher of the Sands. [Reaction][>] [A][A], [T]: [Add] [2]. Spend this Energy only to play units or activated abilities of units.",Envar Studio,portrait,https://cmsassets.rgpub.io/sanity/images/dsfx7636/game_data_live/7620595b36b40a0c3d05c4c5469b016d1c18c6f2-744x1039.png?accountingTag=RB
ven-142-166,VEN-142/166,142,Dominus,VEN,Vendetta,epic,Epic,Spell,Signature,"Fury, Body",4,,,Renekton,"[Action] (Play on your turn or in showdowns.)
This turn, double a unit's Might and give it "":rb_rune_rainbow::rb_rune_rainbow:: Ready me.""","Riftbound Spell: Dominus. [Action] (Play on your turn or in showdowns.)
This turn, double a unit's Might and give it ""[A][A]: Ready me.""",小牛设计,portrait,https://cmsassets.rgpub.io/sanity/images/dsfx7636/game_data_live/0d5ccc8bb0b70473add784a3f4c71e1e8635e2ce-744x1039.png?accountingTag=RB
ven-143-166,VEN-143/166,143,Master of Shadows,VEN,Vendetta,rare,Rare,Legend,,"Fury, Chaos",,,,Zed,"When you banish a card you own, empower me. (I become Empowered if I'm not already.)
[Action][>] Disempower me, :rb_exhaust:: Discard 1, then draw 1.","Riftbound Legend: Master of Shadows. When you banish a card you own, empower me. (I become Empowered if I'm not already.)
[Action][>] Disempower me, [T]: Discard 1, then draw 1.",Envar Studio,portrait,https://cmsassets.rgpub.io/sanity/images/dsfx7636/game_data_live/aa316eb1b01c8d036eaba84b03909027fe69f6e2-744x1039.png?accountingTag=RB
ven-144-166,VEN-144/166,144,Death Mark,VEN,Vendetta,epic,Epic,Spell,Signature,"Fury, Chaos",2,,1,Zed,"[Burn 3]. (Put the top 3 cards of your Main Deck into your trash.)
Play a 0 :rb_might: Shadow Clone unit token. (It has ""When I attack, you may banish a unit from your trash. If you do, give me [Assault 4] this turn."")
[Flow] :rb_energy_1::rb_rune_rainbow::rb_rune_rainbow: (You may play this from your trash for its Flow cost. Then banish it.)","Riftbound Spell: Death Mark. [Burn 3]. (Put the top 3 cards of your Main Deck into your trash.)
Play a 0 [S] Shadow Clone unit token. (It has ""When I attack, you may banish a unit from your trash. If you do, give me [Assault 4] this turn."")
[Flow] [1][A][A] (You may play this from your trash for its Flow cost. Then banish it.)",JunHuan,portrait,https://cmsassets.rgpub.io/sanity/images/dsfx7636/game_data_live/87ccfb8d1c19f402bb37ffa392011ee2f0880aa9-744x1039.png?accountingTag=RB
ven-145-166,VEN-145/166,145,Curator of the Sands,VEN,Vendetta,rare,Rare,Legend,,"Calm, Mind",,,,Nasus,"When you play a unit, gear, or activated ability with Energy cost :rb_energy_7: or more, you may exhaust me to ready up to 2 runes.","Riftbound Legend: Curator of the Sands. When you play a unit, gear, or activated ability with Energy cost [7] or more, you may exhaust me to ready up to 2 runes.",Envar Studio,portrait,https://cmsassets.rgpub.io/sanity/images/dsfx7636/game_data_live/f26a25c5fddba7da788455c3d82b85c5abc7a2eb-744x1039.png?accountingTag=RB
ven-146-166,VEN-146/166,146,Siphoning Strike,VEN,Vendetta,epic,Epic,Spell,Signature,"Calm, Mind",4,,,Nasus,"Deal 4 to a unit at a battlefield. If you control 7 or more runes, deal 7 to it instead. When it dies this turn, channel 1 rune exhausted.","Riftbound Spell: Siphoning Strike. Deal 4 to a unit at a battlefield. If you control 7 or more runes, deal 7 to it instead. When it dies this turn, channel 1 rune exhausted.",Kudos Productions,portrait,https://cmsassets.rgpub.io/sanity/images/dsfx7636/game_data_live/8b28e4a0681eee9b19c29770a5f167e1e68c78cf-744x1039.png?accountingTag=RB
ven-147-166,VEN-147/166,147,Eye of Twilight,VEN,Vendetta,rare,Rare,Legend,,"Calm, Order",,,,Shen,[Action][>] :rb_exhaust:: Give a friendly unit [Tank] this turn. (It must be assigned combat damage first.),Riftbound Legend: Eye of Twilight. [Action][>] [T]: Give a friendly unit [Tank] this turn. (It must be assigned combat damage first.),Envar Studio,portrait,https://cmsassets.rgpub.io/sanity/images/dsfx7636/game_data_live/54388a3124b7e1f0331e5970f952778db5f24500-744x1039.png?accountingTag=RB
ven-148-166,VEN-148/166,148,Shadow Dash,VEN,Vendetta,epic,Epic,Spell,Signature,"Calm, Order",2,,1,Shen,"Move an enemy unit to a battlefield where you have units. If you have exactly two units there, they each get +1 :rb_might: this turn.
[Flow] :rb_energy_5::rb_rune_rainbow::rb_rune_rainbow: (You may play this from your trash for its Flow cost. Then banish it.)","Riftbound Spell: Shadow Dash. Move an enemy unit to a battlefield where you have units. If you have exactly two units there, they each get +1 [S] this turn.
[Flow] [5][A][A] (You may play this from your trash for its Flow cost. Then banish it.)",Polar Engine Studio,portrait,https://cmsassets.rgpub.io/sanity/images/dsfx7636/game_data_live/c95a4862c3af5f3ec1cee1f1ae7291c8724df7a1-744x1039.png?accountingTag=RB
ven-149-166,VEN-149/166,149,Defender of Tomorrow,VEN,Vendetta,rare,Rare,Legend,,"Mind, Body",,,,Jayce,"[Empower] :rb_energy_2::rb_rune_rainbow::rb_rune_rainbow: (:rb_energy_2::rb_rune_rainbow::rb_rune_rainbow:: Empower me. Use only if not Empowered.)
:rb_energy_1:, :rb_exhaust:: Ready a gear.
[Empowered][>] :rb_energy_1:, :rb_exhaust:: Ready 2 gear.","Riftbound Legend: Defender of Tomorrow. [Empower] [2][A][A] ([2][A][A]: Empower me. Use only if not Empowered.)
[1], [T]: Ready a gear. 
[Empowered][>] [1], [T]: Ready 2 gear.",Envar Studio,portrait,https://cmsassets.rgpub.io/sanity/images/dsfx7636/game_data_live/670b7efd367a42beba11c18fb59e240a7c574a57-744x1039.png?accountingTag=RB
ven-150-166,VEN-150/166,150,Acceleration Gate,VEN,Vendetta,epic,Epic,Spell,Signature,"Mind, Body",3,,1,Jayce,"Ready up to 4 units, gear, and/or runes.","Riftbound Spell: Acceleration Gate. Ready up to 4 units, gear, and/or runes.",小牛设计/Kudos Productions,portrait,https://cmsassets.rgpub.io/sanity/images/dsfx7636/game_data_live/31b71a16ee85cf30124fdaa2c575e709a4c83771-744x1039.png?accountingTag=RB
ven-151-166,VEN-151/166,151,Soul's Reflection,VEN,Vendetta,rare,Rare,Legend,,"Mind, Chaos",,,,Mel,"When you empower something else, empower me. (I become Empowered if I'm not already.)
Disempower me, :rb_exhaust:: Give a unit at a battlefield -2 :rb_might: this turn.","Riftbound Legend: Soul's Reflection. When you empower something else, empower me. (I become Empowered if I'm not already.)
Disempower me, [T]: Give a unit at a battlefield -2 [S] this turn.",Envar Studio,portrait,https://cmsassets.rgpub.io/sanity/images/dsfx7636/game_data_live/2e9e60b3f161b41219c40ef0426049634fb7ba1a-744x1039.png?accountingTag=RB
ven-152-166,VEN-152/166,152,Rebuttal,VEN,Vendetta,epic,Epic,Spell,Signature,"Mind, Chaos",1,,1,Mel,"[Reaction] (Play any time, even before spells and abilities resolve.)
Choose a spell with Energy cost no more than :rb_energy_4:.  You may pay :rb_rune_rainbow:. If you do, gain control of it and you may make new choices for it. Otherwise, counter it.","Riftbound Spell: Rebuttal. [Reaction] (Play any time, even before spells and abilities resolve.)
Choose a spell with Energy cost no more than [4].  You may pay [A]. If you do, gain control of it and you may make new choices for it. Otherwise, counter it.",小牛设计,portrait,https://cmsassets.rgpub.io/sanity/images/dsfx7636/game_data_live/2df67fe2ba17f0796ff1f9c03b85d2db48fe954b-744x1039.png?accountingTag=RB
ven-153-166,VEN-153/166,153,Matriarch of War,VEN,Vendetta,rare,Rare,Legend,,"Body, Order",,,,Ambessa,"When you empower something else, empower me. (I become Empowered if I'm not already.)
Disempower me, :rb_rune_rainbow:, :rb_exhaust:: Ready a unit.","Riftbound Legend: Matriarch of War. When you empower something else, empower me. (I become Empowered if I'm not already.)
Disempower me, [A], [T]: Ready a unit.",Envar Studio,portrait,https://cmsassets.rgpub.io/sanity/images/dsfx7636/game_data_live/49e81916d7ae72b24de845223e1798652d26e789-744x1039.png?accountingTag=RB
ven-154-166,VEN-154/166,154,Public Execution,VEN,Vendetta,epic,Epic,Spell,Signature,"Body, Order",2,,1,Ambessa,"Choose a friendly unit. Kill an enemy unit with less Might than it.
[Flow] :rb_energy_5::rb_rune_rainbow::rb_rune_rainbow: (You may play this from your trash for its Flow cost. Then banish it.)","Riftbound Spell: Public Execution. Choose a friendly unit. Kill an enemy unit with less Might than it.
[Flow] [5][A][A] (You may play this from your trash for its Flow cost. Then banish it.)",Polar Engine Studio,portrait,https://cmsassets.rgpub.io/sanity/images/dsfx7636/game_data_live/c8348e2aef6bad5a38d4f71b1b1c277598670286-744x1039.png?accountingTag=RB
ven-155-166,VEN-155/166,155,Heart of the Tempest,VEN,Vendetta,rare,Rare,Legend,,"Order, Chaos",,,,"Yordle, Kennen","When you play a card from anywhere other than your hand, empower me.
[Action][>] Disempower me, :rb_exhaust:: Give a unit [Assault 2] this turn. (+2 :rb_might: while it's an attacker.)","Riftbound Legend: Heart of the Tempest. When you play a card from anywhere other than your hand, empower me.
[Action][>] Disempower me, [T]: Give a unit [Assault 2] this turn. (+2 [S] while it's an attacker.)",Envar Studio,portrait,https://cmsassets.rgpub.io/sanity/images/dsfx7636/game_data_live/0eab83392b310417d2630d50a3bfee3dd02b31c4-744x1039.png?accountingTag=RB
ven-156-166,VEN-156/166,156,Lightning Rush,VEN,Vendetta,epic,Epic,Spell,Signature,"Order, Chaos",1,,,Kennen,"Look at the top 3 cards of your Main Deck. You may choose a card from among them and draw it. Put the rest into your trash.
[Flow] :rb_energy_2::rb_rune_rainbow: (You may play this from your trash for its Flow cost. Then banish it.)","Riftbound Spell: Lightning Rush. Look at the top 3 cards of your Main Deck. You may choose a card from among them and draw it. Put the rest into your trash.
[Flow] [2][A] (You may play this from your trash for its Flow cost. Then banish it.)",Kudos Productions,portrait,https://cmsassets.rgpub.io/sanity/images/dsfx7636/game_data_live/22375e0d2d1a49cb0eb7e31aebf3e73a2e0bba55-744x1039.png?accountingTag=RB
ven-157-166,VEN-157/166,157,Dragon Roost,VEN,Vendetta,uncommon,Uncommon,Battlefield,,Colorless,,,,,"Any player may pay :rb_rune_rainbow::rb_rune_rainbow: as an additional cost to play a Dragon. If they do, they play it to this battlefield.","Riftbound Battlefield: Dragon Roost. Any player may pay [A][A] as an additional cost to play a Dragon. If they do, they play it to this battlefield.",Kudos Productions,landscape,https://cmsassets.rgpub.io/sanity/images/dsfx7636/game_data_live/94558ee0292d92126829036d32495cbf702e5391-1039x744.png?accountingTag=RB
ven-158-166,VEN-158/166,158,"Heisho, Shell of the World",VEN,Vendetta,uncommon,Uncommon,Battlefield,,Colorless,,,,,Players ignore [Deflect] while paying for spells and abilities choosing something here.,"Riftbound Battlefield: Heisho, Shell of the World. Players ignore [Deflect] while paying for spells and abilities choosing something here.",Envar Studio,landscape,https://cmsassets.rgpub.io/sanity/images/dsfx7636/game_data_live/075d4b78c065a96845ac978c86af3a3349cb5501-1039x744.png?accountingTag=RB
ven-159-166,VEN-159/166,159,Kinkou Temple,VEN,Vendetta,uncommon,Uncommon,Battlefield,,Colorless,,,,,Units here with [Tank] have +1 :rb_might:.,Riftbound Battlefield: Kinkou Temple. Units here with [Tank] have +1 [S].,Grafit Studio,landscape,https://cmsassets.rgpub.io/sanity/images/dsfx7636/game_data_live/afef083faa1f3813e5744a552c9873c798bedfd5-1039x744.png?accountingTag=RB
ven-160-166,VEN-160/166,160,Mystic Vortex,VEN,Vendetta,uncommon,Uncommon,Battlefield,,Colorless,,,,,"During showdowns here, cards with [Reaction] cost :rb_rune_rainbow: more to play. (Hidden cards have [Reaction].)","Riftbound Battlefield: Mystic Vortex. During showdowns here, cards with [Reaction] cost [A] more to play. (Hidden cards have [Reaction].)",Caravan Studio,landscape,https://cmsassets.rgpub.io/sanity/images/dsfx7636/game_data_live/55f6fec944c489010464cb554c4661d94518fa75-1039x744.png?accountingTag=RB
ven-161-166,VEN-161/166,161,Piltovan Forge,VEN,Vendetta,uncommon,Uncommon,Battlefield,,Colorless,,,,,"While you control this battlefield, the first friendly gear activated ability played each turn costs :rb_energy_1: less.","Riftbound Battlefield: Piltovan Forge. While you control this battlefield, the first friendly gear activated ability played each turn costs [1] less.",Kudos Productions,landscape,https://cmsassets.rgpub.io/sanity/images/dsfx7636/game_data_live/0cc432b51e80d1734529ef323e601e62e202c2b1-1039x744.png?accountingTag=RB
ven-162-166,VEN-162/166,162,Protective Sands,VEN,Vendetta,uncommon,Uncommon,Battlefield,,Colorless,,,,,"When you conquer here, if you control 4 or fewer runes, you may pay :rb_energy_1: to draw 1.","Riftbound Battlefield: Protective Sands. When you conquer here, if you control 4 or fewer runes, you may pay [1] to draw 1.",Polar Engine Studio,landscape,https://cmsassets.rgpub.io/sanity/images/dsfx7636/game_data_live/a994ae712cdefcbdaf263fbb6ab0723d0f678e99-1039x744.png?accountingTag=RB
ven-163-166,VEN-163/166,163,Risen Altar,VEN,Vendetta,uncommon,Uncommon,Battlefield,,Colorless,,,,,[Empower] costs of your units here cost :rb_energy_1: or :rb_rune_rainbow: less.,Riftbound Battlefield: Risen Altar. [Empower] costs of your units here cost [1] or [A] less.,Kudos Productions,landscape,https://cmsassets.rgpub.io/sanity/images/dsfx7636/game_data_live/47402ed9d5eebb9e38176315bdaf1a556845eef7-1039x744.png?accountingTag=RB
ven-164-166,VEN-164/166,164,Sandswept Tomb,VEN,Vendetta,uncommon,Uncommon,Battlefield,,Colorless,,,,,Each spell that chooses one or more units here that are friendly to it costs :rb_rune_rainbow: less.,Riftbound Battlefield: Sandswept Tomb. Each spell that chooses one or more units here that are friendly to it costs [A] less.,Kudos Productions,landscape,https://cmsassets.rgpub.io/sanity/images/dsfx7636/game_data_live/d77c607878d6815e02796f8bfa8a5696ad5f1a7d-1039x744.png?accountingTag=RB
ven-165-166,VEN-165/166,165,Shadow Temple,VEN,Vendetta,uncommon,Uncommon,Battlefield,,Colorless,,,,,"When you hold here, [Burn 3]. (Put the top 3 cards of your Main Deck into your trash.)","Riftbound Battlefield: Shadow Temple. When you hold here, [Burn 3]. (Put the top 3 cards of your Main Deck into your trash.)",Grafit Studio,landscape,https://cmsassets.rgpub.io/sanity/images/dsfx7636/game_data_live/635a3a0b724a2cfc11938ecbc1d8abddd89d3436-1039x744.png?accountingTag=RB
ven-166-166,VEN-166/166,166,Threshold of the Gray,VEN,Vendetta,uncommon,Uncommon,Battlefield,,Colorless,,,,,"When combat starts here, the attacker and defender each [Add] :rb_energy_1:.","Riftbound Battlefield: Threshold of the Gray. When combat starts here, the attacker and defender each [Add] [1].",Envar Studio,landscape,https://cmsassets.rgpub.io/sanity/images/dsfx7636/game_data_live/5521aac82f036f1070326c743a9f653955d67bb9-1039x744.png?accountingTag=RB
ven-167-166,VEN-167/166,167,"Vi, Destructive",VEN,Vendetta,rare,Rare,Unit,Champion,Fury,2,3,1,Vi,"[Ganking]
Recycle 1 from your trash: Give me +1 :rb_might: this turn.","Riftbound Unit: Vi, Destructive. [Ganking]
Recycle 1 from your trash: Give me +1 [S] this turn.",Grafit Studio,portrait,https://cmsassets.rgpub.io/sanity/images/dsfx7636/game_data_live/dff596efc7413bfdd9cc8e667c46bd4228447de5-744x1039.png?accountingTag=RB
ven-168-166,VEN-168/166,168,"Jinx, Demolitionist",VEN,Vendetta,rare,Rare,Unit,Champion,Fury,3,4,1,Jinx,"[Accelerate]
[Assault 2]
When you play me, discard 2.","Riftbound Unit: Jinx, Demolitionist. [Accelerate]
[Assault 2]
When you play me, discard 2.",Grafit Studio,portrait,https://cmsassets.rgpub.io/sanity/images/dsfx7636/game_data_live/3a7304f3c9897967812940838e978e54e251e545-744x1039.png?accountingTag=RB
ven-169-166,VEN-169/166,169,"Zed, From the Shadows",VEN,Vendetta,epic,Epic,Unit,Champion,Fury,4,4,1,Zed,"You may discard 1 as an additional cost to play me.
When you play me, if you paid the additional cost, play a 0 :rb_might: Shadow Clone unit token.","Riftbound Unit: Zed, From the Shadows. You may discard 1 as an additional cost to play me.
When you play me, if you paid the additional cost, play a 0 [S] Shadow Clone unit token.",华锐,portrait,https://cmsassets.rgpub.io/sanity/images/dsfx7636/game_data_live/5d665b28073066442b35f7b6aed98c83fca23631-744x1039.png?accountingTag=RB
ven-170-166,VEN-170/166,170,"Shen, Scourge of Shadows",VEN,Vendetta,rare,Rare,Unit,Champion,Calm,5,6,1,Shen,"When I hold, if there is exactly one other unit you control here, draw 1.","Riftbound Unit: Shen, Scourge of Shadows. When I hold, if there is exactly one other unit you control here, draw 1.",华锐,portrait,https://cmsassets.rgpub.io/sanity/images/dsfx7636/game_data_live/56d6b54bdc2ae37579da820cec613c127a8843d3-744x1039.png?accountingTag=RB
ven-171-166,VEN-171/166,171,"Riven, Shattered",VEN,Vendetta,rare,Rare,Unit,Champion,Calm,3,3,1,Riven,"[Weaponmaster]
When I attack, choose an enemy unit here. Deal 2 to it for each Equipment attached to me.","Riftbound Unit: Riven, Shattered. [Weaponmaster]
When I attack, choose an enemy unit here. Deal 2 to it for each Equipment attached to me.",Shawn Lee,portrait,https://cmsassets.rgpub.io/sanity/images/dsfx7636/game_data_live/929f7184d11756933729ab4d7e2e88547e6dd49b-744x1039.png?accountingTag=RB
ven-172-166,VEN-172/166,172,"Draven, Showboat",VEN,Vendetta,rare,Rare,Unit,Champion,Fury,5,3,1,Draven,My Might is increased by your points.,"Riftbound Unit: Draven, Showboat. My Might is increased by your points.",Shawn Lee,portrait,https://cmsassets.rgpub.io/sanity/images/dsfx7636/game_data_live/ff8f818d7f59b549af9067e9956f25aec706587c-744x1039.png?accountingTag=RB
ven-173-166,VEN-173/166,173,"Swain, Visionary",VEN,Vendetta,rare,Rare,Unit,Champion,Mind,6,6,1,Swain,"[Vision]
When I conquer, if you've played a non-token unit, a non-token gear, and a spell this turn, you score 1 point.","Riftbound Unit: Swain, Visionary. [Vision]
When I conquer, if you've played a non-token unit, a non-token gear, and a spell this turn, you score 1 point.",JunHuan,portrait,https://cmsassets.rgpub.io/sanity/images/dsfx7636/game_data_live/7f068252d62ab4eea8a779825d84c2c078bbd722-744x1039.png?accountingTag=RB
ven-174-166,VEN-174/166,174,"Irelia, Fervent",VEN,Vendetta,epic,Epic,Unit,Champion,Calm,5,4,,"Irelia, Ionia","[Deflect]
When you choose or ready me, give me +1 :rb_might: this turn.","Riftbound Unit: Irelia, Fervent. [Deflect]
When you choose or ready me, give me +1 [S] this turn.",JunHuan,portrait,https://cmsassets.rgpub.io/sanity/images/dsfx7636/game_data_live/45d83debda443f1bf88e1cf7123eb8b844143124-744x1039.png?accountingTag=RB
ven-175-166,VEN-175/166,175,"Jayce, Man of Progress",VEN,Vendetta,rare,Rare,Unit,Champion,Mind,4,4,,"Jayce, Piltover","When you play me, you may kill a friendly gear. If you do, you may play a gear with Energy cost no more than :rb_energy_7: from hand this turn, ignoring its Energy cost.","Riftbound Unit: Jayce, Man of Progress. When you play me, you may kill a friendly gear. If you do, you may play a gear with Energy cost no more than [7] from hand this turn, ignoring its Energy cost.",莺之歌,portrait,https://cmsassets.rgpub.io/sanity/images/dsfx7636/game_data_live/be6d6a608c5bee9d2012e24d9e6f6f1d1977a37a-744x1039.png?accountingTag=RB
ven-176-166,VEN-176/166,176,"Viktor, Innovator",VEN,Vendetta,rare,Rare,Unit,Champion,Mind,4,3,1,Viktor,"When you play a card on an opponent's turn, play a 1 :rb_might: Recruit unit token to your base.","Riftbound Unit: Viktor, Innovator. When you play a card on an opponent's turn, play a 1 [S] Recruit unit token to your base.",莺之歌,portrait,https://cmsassets.rgpub.io/sanity/images/dsfx7636/game_data_live/0416b4a447494acac41413a4511bb59ce983b4ec-744x1039.png?accountingTag=RB
ven-177-166,VEN-177/166,177,"Renekton, Brute",VEN,Vendetta,epic,Epic,Unit,Champion,Body,5,4,,Renekton,":rb_energy_1:: Give me +1 :rb_might: this turn.
When my Might becomes 10 or more, empower me.
[Empowered][>] I have [Ganking] and [Deflect].","Riftbound Unit: Renekton, Brute. [1]: Give me +1 [S] this turn.
When my Might becomes 10 or more, empower me.
[Empowered][>] I have [Ganking] and [Deflect].",Ziyan Lin,portrait,https://cmsassets.rgpub.io/sanity/images/dsfx7636/game_data_live/49ebe990f1d3631e3c18fc37323c49f49bf159fa-744x1039.png?accountingTag=RB
ven-178-166,VEN-178/166,178,"Nasus, Guardian of Knowledge",VEN,Vendetta,rare,Rare,Unit,Champion,Mind,5,6,1,"Dog, Nasus","Once each turn, when an enemy unit here dies, channel 1 rune exhausted.","Riftbound Unit: Nasus, Guardian of Knowledge. Once each turn, when an enemy unit here dies, channel 1 rune exhausted.",Ziyan Lin,portrait,https://cmsassets.rgpub.io/sanity/images/dsfx7636/game_data_live/3095b4ed4fd647539ed9a80828b8e1ce7f09ae82-744x1039.png?accountingTag=RB
ven-179-166,VEN-179/166,179,"Rengar, Trophy Hunter",VEN,Vendetta,epic,Epic,Unit,Champion,Body,5,6,1,"Cat, Rengar, Ixtal","[Ambush]
I can be played to a battlefield where there are enemy units.","Riftbound Unit: Rengar, Trophy Hunter. [Ambush]
I can be played to a battlefield where there are enemy units.",莺之歌,portrait,https://cmsassets.rgpub.io/sanity/images/dsfx7636/game_data_live/1f16f5b1f980106057606a2faa3cce64fa4850e7-744x1039.png?accountingTag=RB
ven-180-166,VEN-180/166,180,"Kha'Zix, Evolving Hunter",VEN,Vendetta,epic,Epic,Unit,Champion,Body,5,5,1,"Kha'Zix, The Void","[Hunt]
When I attack, you may spend 3 XP to deal damage equal to my Might to an enemy unit here.","Riftbound Unit: Kha'Zix, Evolving Hunter. [Hunt]
When I attack, you may spend 3 XP to deal damage equal to my Might to an enemy unit here.",莺之歌,portrait,https://cmsassets.rgpub.io/sanity/images/dsfx7636/game_data_live/4875b0eb5705f9723118f0895dd702373826bdbc-744x1039.png?accountingTag=RB
ven-181-166,VEN-181/166,181,"Gangplank, Naval",VEN,Vendetta,rare,Rare,Unit,Champion,Body,6,6,,Gangplank,"[Empower] :rb_rune_body::rb_rune_body:
[Empowered][>] If a spell or ability that chooses me would stun me, give me -:rb_might:, or return me to hand, give me +3 :rb_might: instead.","Riftbound Unit: Gangplank, Naval. [Empower] [C][C]
[Empowered][>] If a spell or ability that chooses me would stun me, give me -[S], or return me to hand, give me +3 [S] instead.",Grafit Studio,portrait,https://cmsassets.rgpub.io/sanity/images/dsfx7636/game_data_live/9d9fd99b083fb7104d533ca0eccb43a47c2cc74a-744x1039.png?accountingTag=RB
ven-182-166,VEN-182/166,182,"Illaoi, Prophet of the Great Kraken",VEN,Vendetta,rare,Rare,Unit,Champion,Chaos,6,4,,Illaoi,"When you play me or when I score, play a :rb_energy_1: :rb_might: Tentacle unit token from Bilgewater.
I have +1 :rb_might: for each token unit you control.","Riftbound Unit: Illaoi, Prophet of the Great Kraken. When you play me or when I score, play a [1] [S] Tentacle unit token from Bilgewater.
I have +1 [S] for each token unit you control.",Grafit Studio,portrait,https://cmsassets.rgpub.io/sanity/images/dsfx7636/game_data_live/a50aadbfd6f435433a80b12da9826fa0a6bd8172-744x1039.png?accountingTag=RB
ven-183-166,VEN-183/166,183,"Diana, No Longer Human",VEN,Vendetta,epic,Epic,Unit,Champion,Chaos,4,3,1,"Diana, Mount Targon","[Ambush]
When you play a spell, give me +2 :rb_might: this turn.","Riftbound Unit: Diana, No Longer Human. [Ambush]
When you play a spell, give me +2 [S] this turn.",Naifan Zhang,portrait,https://cmsassets.rgpub.io/sanity/images/dsfx7636/game_data_live/d5a7071e4f1af712c9bf5342ba70fbb2e359483f-744x1039.png?accountingTag=RB
ven-184-166,VEN-184/166,184,"Leona, Determined",VEN,Vendetta,rare,Rare,Unit,Champion,Order,4,4,1,Leona,"[Shield]
When I attack, stun an enemy unit here.","Riftbound Unit: Leona, Determined. [Shield]
When I attack, stun an enemy unit here.",Naifan Zhang,portrait,https://cmsassets.rgpub.io/sanity/images/dsfx7636/game_data_live/92ac39878346a886129b6d339ab3d9e6c722a7eb-744x1039.png?accountingTag=RB
ven-185-166,VEN-185/166,185,"Kayle, Justified",VEN,Vendetta,rare,Rare,Unit,Champion,Order,3,3,,Kayle,"[Empower] :rb_energy_3: (:rb_energy_3:: Empower me.)
I can be [Empowered] up to three times.
I have +2 :rb_might: for each time I’m [Empowered].
While I'm [Empowered] three times, I have [Deflect 3] and [Ganking].","Riftbound Unit: Kayle, Justified. [Empower] [3] ([3]: Empower me.)
I can be [Empowered] up to three times.
I have +2 [S] for each time I’m [Empowered].
While I'm [Empowered] three times, I have [Deflect 3] and [Ganking].",HCuu,portrait,https://cmsassets.rgpub.io/sanity/images/dsfx7636/game_data_live/0fec986bfca86382c61770575ed20e1799b6b830-744x1039.png?accountingTag=RB
ven-186-166,VEN-186/166,186,"Morgana, Vindictive",VEN,Vendetta,rare,Rare,Unit,Champion,Fury,5,5,1,Morgana,"[Ambush]
When you play me, deal damage to a unit equal to the damage marked on it.","Riftbound Unit: Morgana, Vindictive. [Ambush]
When you play me, deal damage to a unit equal to the damage marked on it.",Yuande Wu,portrait,https://cmsassets.rgpub.io/sanity/images/dsfx7636/game_data_live/f5015b3077bbe6fbcdb0437fd47f119040e26ca3-744x1039.png?accountingTag=RB
ven-187-166,VEN-187/166,187,"Ambessa, Respected and Feared",VEN,Vendetta,epic,Epic,Unit,Champion,Order,5,5,,Ambessa,"[Empower] :rb_energy_1::rb_rune_order::rb_rune_order:
[Empowered][>] I have [Assault 2].
[Empowered][>] When I attack, kill an enemy unit here with less Might than me.","Riftbound Unit: Ambessa, Respected and Feared. [Empower] [1][C][C]
[Empowered][>] I have [Assault 2].
[Empowered][>] When I attack, kill an enemy unit here with less Might than me.",蛋费鸡丁,portrait,https://cmsassets.rgpub.io/sanity/images/dsfx7636/game_data_live/17552788c608d9cb044c0a9bf7076d462548875b-744x1039.png?accountingTag=RB
ven-188-166,VEN-188/166,188,"Mel, Defiant Soul",VEN,Vendetta,rare,Rare,Unit,Champion,Chaos,5,4,,Mel,"[Empower] — Discard a spell
When I become [Empowered], banish an enemy unit at a battlefield with 3 :rb_might: or less.","Riftbound Unit: Mel, Defiant Soul. [Empower] — Discard a spell
When I become [Empowered], banish an enemy unit at a battlefield with 3 [S] or less.",Zhongqi Li,portrait,https://cmsassets.rgpub.io/sanity/images/dsfx7636/game_data_live/0dac0b8b724d7d20f3e8c2126856d54d990e4ebc-744x1039.png?accountingTag=RB
ven-189-166,VEN-189/166,189,Rogue Assassin,VEN,Vendetta,rare,Rare,Legend,,"Fury, Calm",,,,Akali,"[Empower] :rb_energy_3::rb_rune_rainbow:
[Action][>] :rb_exhaust:: If it's your turn, move a friendly unit in a showdown to base and if I'm [Empowered], ready it.","Riftbound Legend: Rogue Assassin. [Empower] [3][A]
[Action][>] [T]: If it's your turn, move a friendly unit in a showdown to base and if I'm [Empowered], ready it.",Jessica Oyhenart,portrait,https://cmsassets.rgpub.io/sanity/images/dsfx7636/game_data_live/7b0ec31df147b40bbb83c40644252b48a7619593-744x1039.png?accountingTag=RB
ven-189-star-166,VEN-189*/166,189,Rogue Assassin,VEN,Vendetta,rare,Rare,Legend,,"Fury, Calm",,,,Akali,"[Empower] :rb_energy_3::rb_rune_rainbow:
[Action][>] :rb_exhaust:: If it's your turn, move a friendly unit in a showdown to base and if I'm [Empowered], ready it.","Riftbound Legend: Rogue Assassin. [Empower] [3][A]
[Action][>] [T]: If it's your turn, move a friendly unit in a showdown to base and if I'm [Empowered], ready it.",Jessica Oyhenart,portrait,https://cmsassets.rgpub.io/sanity/images/dsfx7636/game_data_live/d8262e7b24f26d1c9a18b13166d009aaf573e059-744x1039.png?accountingTag=RB
ven-190-166,VEN-190/166,190,Butcher of the Sands,VEN,Vendetta,rare,Rare,Legend,,"Fury, Body",,,,Renekton,"[Reaction][>] :rb_rune_rainbow::rb_rune_rainbow:, :rb_exhaust:: [Add] :rb_energy_2:. Spend this Energy only to play units or activated abilities of units.","Riftbound Legend: Butcher of the Sands. [Reaction][>] [A][A], [T]: [Add] [2]. Spend this Energy only to play units or activated abilities of units.",Edgardo Monteon,portrait,https://cmsassets.rgpub.io/sanity/images/dsfx7636/game_data_live/f5db9db00111d8225e17c3a03d0111b471e74999-744x1040.png?accountingTag=RB
ven-190-star-166,VEN-190*/166,190,Butcher of the Sands,VEN,Vendetta,rare,Rare,Legend,,"Fury, Body",,,,Renekton,"[Reaction][>] :rb_rune_rainbow::rb_rune_rainbow:, :rb_exhaust:: [Add] :rb_energy_2:. Spend this Energy only to play units or activated abilities of units.","Riftbound Legend: Butcher of the Sands. [Reaction][>] [A][A], [T]: [Add] [2]. Spend this Energy only to play units or activated abilities of units.",Edgardo Monteon,portrait,https://cmsassets.rgpub.io/sanity/images/dsfx7636/game_data_live/b9270494d2c18525e766b2ffa23a7c99ad9f994f-744x1039.png?accountingTag=RB
ven-191-166,VEN-191/166,191,Master of Shadows,VEN,Vendetta,rare,Rare,Legend,,"Fury, Chaos",,,,Zed,"When you banish a card you own, empower me.
[Action][>] Disempower me, :rb_exhaust:: Discard 1, then draw 1.","Riftbound Legend: Master of Shadows. When you banish a card you own, empower me.
[Action][>] Disempower me, [T]: Discard 1, then draw 1.",Yh Shen,portrait,https://cmsassets.rgpub.io/sanity/images/dsfx7636/game_data_live/75b7ba57a83af496b26d9fe7e8521f9a851bf464-744x1039.png?accountingTag=RB
ven-191-star-166,VEN-191*/166,191,Master of Shadows,VEN,Vendetta,rare,Rare,Legend,,"Fury, Chaos",,,,Zed,"When you banish a card you own, empower me.
[Action][>] Disempower me, :rb_exhaust:: Discard 1, then draw 1.","Riftbound Legend: Master of Shadows. When you banish a card you own, empower me.
[Action][>] Disempower me, [T]: Discard 1, then draw 1.",Yh Shen,portrait,https://cmsassets.rgpub.io/sanity/images/dsfx7636/game_data_live/a88733f8062c18a7aa51a208b1aef5d0bd030007-744x1039.png?accountingTag=RB
ven-192-166,VEN-192/166,192,Curator of the Sands,VEN,Vendetta,rare,Rare,Legend,,"Calm, Mind",,,,Nasus,"When you play a unit, gear, or activated ability with Energy cost :rb_energy_7: or more, you may exhaust me to ready up to 2 runes.","Riftbound Legend: Curator of the Sands. When you play a unit, gear, or activated ability with Energy cost [7] or more, you may exhaust me to ready up to 2 runes.",Sean Budanio,portrait,https://cmsassets.rgpub.io/sanity/images/dsfx7636/game_data_live/1790b30538781eb2a55b5baee00fff9ed08794aa-744x1039.png?accountingTag=RB
ven-192-star-166,VEN-192*/166,192,Curator of the Sands,VEN,Vendetta,rare,Rare,Legend,,"Calm, Mind",,,,"Dog, Shurima, Nasus","When you play a unit, gear, or activated ability with Energy cost :rb_energy_7: or more, you may exhaust me to ready up to 2 runes.","Riftbound Legend: Curator of the Sands. When you play a unit, gear, or activated ability with Energy cost [7] or more, you may exhaust me to ready up to 2 runes.",Sean Budanio,portrait,https://cmsassets.rgpub.io/sanity/images/dsfx7636/game_data_live/964b5f9718a6648add68d894505e69bd2c5d071a-744x1039.png?accountingTag=RB
ven-193-star-166,VEN-193*/166,193,Eye of Twilight,VEN,Vendetta,rare,Rare,Legend,,"Calm, Order",,,,Shen,[Action][>] :rb_exhaust:: Give a friendly unit [Tank] this turn.,Riftbound Legend: Eye of Twilight. [Action][>] [T]: Give a friendly unit [Tank] this turn.,Oscar Vega,portrait,https://cmsassets.rgpub.io/sanity/images/dsfx7636/game_data_live/1f60702c09f95d2a2af0176c77166092cb8cf6fa-744x1039.png?accountingTag=RB
ven-193-166,VEN-193/166,193,Eye of Twilight,VEN,Vendetta,rare,Rare,Legend,,"Calm, Order",,,,Shen,[Action][>] :rb_exhaust:: Give a friendly unit [Tank] this turn.,Riftbound Legend: Eye of Twilight. [Action][>] [T]: Give a friendly unit [Tank] this turn.,Oscar Vega,portrait,https://cmsassets.rgpub.io/sanity/images/dsfx7636/game_data_live/8c234c7efc30a24dc50c4b76517857bff6e1f906-744x1039.png?accountingTag=RB
ven-194-star-166,VEN-194*/166,194,Defender of Tomorrow,VEN,Vendetta,rare,Rare,Legend,,"Mind, Body",,,,Jayce,"[Empower] :rb_energy_2::rb_rune_rainbow::rb_rune_rainbow:
:rb_energy_1:, :rb_exhaust:: Ready a gear.
[Empowered][>] :rb_energy_1:, :rb_exhaust:: Ready 2 gear.","Riftbound Legend: Defender of Tomorrow. [Empower] [2][A][A]
[1], [T]: Ready a gear. 
[Empowered][>] [1], [T]: Ready 2 gear.",Stella Chen Yui,portrait,https://cmsassets.rgpub.io/sanity/images/dsfx7636/game_data_live/3092eec0739ac28d36e22c3ee005feb75980d001-744x1039.png?accountingTag=RB
ven-194-166,VEN-194/166,194,Defender of Tomorrow,VEN,Vendetta,rare,Rare,Legend,,"Mind, Body",,,,Jayce,"[Empower] :rb_energy_2::rb_rune_rainbow::rb_rune_rainbow:
:rb_energy_1:, :rb_exhaust:: Ready a gear.
[Empowered][>] :rb_energy_1:, :rb_exhaust:: Ready 2 gear.","Riftbound Legend: Defender of Tomorrow. [Empower] [2][A][A]
[1], [T]: Ready a gear. 
[Empowered][>] [1], [T]: Ready 2 gear.",Stella Chen Yui,portrait,https://cmsassets.rgpub.io/sanity/images/dsfx7636/game_data_live/f527eb9b02ce62d808ec82e12ac28af5a6bd75fb-744x1039.png?accountingTag=RB
ven-195-star-166,VEN-195*/166,195,Soul's Reflection,VEN,Vendetta,rare,Rare,Legend,,"Mind, Chaos",,,,Mel,"When you empower something else, empower me.
Disempower me, :rb_exhaust:: Give a unit at a battlefield -2 :rb_might: this turn.","Riftbound Legend: Soul's Reflection. When you empower something else, empower me.
Disempower me, [T]: Give a unit at a battlefield -2 [S] this turn.",Envar Studio,portrait,https://cmsassets.rgpub.io/sanity/images/dsfx7636/game_data_live/174a22326c894454cb5878f4ce3603d43f9e599f-744x1040.png?accountingTag=RB
ven-195-166,VEN-195/166,195,Soul's Reflection,VEN,Vendetta,rare,Rare,Legend,,"Mind, Chaos",,,,Mel,"When you empower something else, empower me.
Disempower me, :rb_exhaust:: Give a unit at a battlefield -2 :rb_might: this turn.","Riftbound Legend: Soul's Reflection. When you empower something else, empower me.
Disempower me, [T]: Give a unit at a battlefield -2 [S] this turn.",Envar Studio,portrait,https://cmsassets.rgpub.io/sanity/images/dsfx7636/game_data_live/f56cf2a3755318e1dc6afd01736f2a4d759cd4a1-744x1039.png?accountingTag=RB
ven-196-166,VEN-196/166,196,Matriarch of War,VEN,Vendetta,rare,Rare,Legend,,"Body, Order",,,,Ambessa,"When you empower something else, empower me.
Disempower me, :rb_rune_rainbow:, :rb_exhaust:: Ready a unit.","Riftbound Legend: Matriarch of War. When you empower something else, empower me.
Disempower me, [A], [T]: Ready a unit.",Aliya Chen,portrait,https://cmsassets.rgpub.io/sanity/images/dsfx7636/game_data_live/2d6c1bd7992ddd20fe524587274ed6f9a249e42c-744x1039.png?accountingTag=RB
ven-196-star-166,VEN-196*/166,196,Matriarch of War,VEN,Vendetta,rare,Rare,Legend,,"Body, Order",,,,Ambessa,"When you empower something else, empower me.
Disempower me, :rb_rune_rainbow:, :rb_exhaust:: Ready a unit.","Riftbound Legend: Matriarch of War. When you empower something else, empower me.
Disempower me, [A], [T]: Ready a unit.",Aliya Chen,portrait,https://cmsassets.rgpub.io/sanity/images/dsfx7636/game_data_live/844b4dd1ae4803abf61b42d53af2b4969e594332-744x1039.png?accountingTag=RB
ven-197-star-166,VEN-197*/166,197,Heart of the Tempest,VEN,Vendetta,rare,Rare,Legend,,"Order, Chaos",,,,"Yordle, Kennen","When you play a card from anywhere other than your hand, empower me.
[Action][>] Disempower me, :rb_exhaust:: Give a unit [Assault 2] this turn.","Riftbound Legend: Heart of the Tempest. When you play a card from anywhere other than your hand, empower me.
[Action][>] Disempower me, [T]: Give a unit [Assault 2] this turn.",Shop Sun,portrait,https://cmsassets.rgpub.io/sanity/images/dsfx7636/game_data_live/853681913bcd2a2e2b42217e290b530b72518142-744x1039.png?accountingTag=RB
ven-197-166,VEN-197/166,197,Heart of the Tempest,VEN,Vendetta,rare,Rare,Legend,,"Order, Chaos",,,,"Yordle, Kennen","When you play a card from anywhere other than your hand, empower me.
[Action][>] Disempower me, :rb_exhaust:: Give a unit [Assault 2] this turn.","Riftbound Legend: Heart of the Tempest. When you play a card from anywhere other than your hand, empower me.
[Action][>] Disempower me, [T]: Give a unit [Assault 2] this turn.",Shop Sun,portrait,https://cmsassets.rgpub.io/sanity/images/dsfx7636/game_data_live/f208ffb2ee76827cd4c608bcc8e1bcb9380bfa31-744x1039.png?accountingTag=RB
